school,department,dept,year (fall),Arts,Business,Capstone,Community Health,Education,Finance,Gender/Race/Identity,History,Information Technology,International Issues,Languages,Management,Media,Politics and Policy,Psychology,Quantitative Analysis,Repeatable Topics,Research,Social Issues,Washington
Kogod School of Business,Department of Accounting,ACCT,2014,0.00460476531298372,0.134094380542634,0.0326413906144746,0.0232958930229446,0.0514699225865245,0.0911959319715854,0.00556201066989149,0.00460476531298219,0.0229910082716138,0.0238170597836536,0.00711315444073092,0.316619401927116,0.00869228953541056,0.053598567837664,0.0332479098926914,0.0122166827713813,0.0779532055006104,0.0473343417896269,0.0427845894066121,0.00616272880886831
Kogod School of Business,Department of Accounting,ACCT,2023,0.00155620766523821,0.149946531971363,0.0530401183445393,0.0215285033862454,0.0249285815084551,0.115228179891702,0.00309569771207789,0.00155620766523879,0.0243391032970851,0.0235844245766915,0.00427194381811531,0.366556702741602,0.00593575952552699,0.0536654149190036,0.0560559266027663,0.0090559984226743,0.00542332640712064,0.0160146053345134,0.0565829626642326,0.00763380354580912
Kogod School of Business,Department of Accounting,ACCT,2024,0.0015982597860545,0.147724073093905,0.0593418992508189,0.0226917197023451,0.024939791812044,0.140317729390584,0.00219345722742019,0.00159825978605536,0.0204901446191679,0.0262606715904111,0.00465346295804125,0.330928308158126,0.0093322936806225,0.0451549166264796,0.0627377114354204,0.0199926870797266,0.00798493082766523,0.00817443951259072,0.0554496883108251,0.00843555515169675
Kogod School of Business,Department of Finance and Real Estate,FIN,2014,0.0051650070999504,0.0310551301935594,0.0393371020513415,0.00636302701855624,0.0580972483396796,0.369090324552348,0.00516500709994935,0.00710053677335569,0.008221970689037,0.0307384543725474,0.00516500709994727,0.156863001277365,0.00516500709994496,0.0112368897362114,0.00516500709994688,0.130446469313016,0.0955003411846817,0.0153649464797522,0.00624871567437658,0.0085108068444346
Kogod School of Business,Department of Finance and Real Estate,FIN,2015,0.00516916816542318,0.0311621528441469,0.0392844240666414,0.00637319453893094,0.0581014094051524,0.368506065781852,0.00516916816542213,0.00710469783882845,0.00822613175450971,0.0307816897605843,0.00516916816542006,0.156867162342837,0.00516916816541774,0.0112410508016842,0.00516916816541965,0.130851534668606,0.0955045022501544,0.0153691075452249,0.00626606766383736,0.00851496790990725
Kogod School of Business,Department of Finance and Real Estate,FIN,2016,0.00495526906510471,0.0388200654379933,0.0372749851820485,0.00609592562948024,0.0524435999406566,0.363143313691959,0.00495526906510403,0.00678892875569929,0.00794736268045733,0.0305818682396968,0.00495526906510151,0.155439427254867,0.00495526906509957,0.0107930243784861,0.00495526906510144,0.145860526895334,0.0905361118822184,0.0145176343874004,0.005994437010971,0.00898644330722132
Kogod School of Business,Department of Finance and Real Estate,FIN,2017,0.00524792084357197,0.039318455241306,0.0361491621357791,0.0064590904403317,0.0511918818794724,0.356010219298977,0.00524792084357323,0.00702504857780845,0.00828787775352356,0.0297796297868171,0.00524792084357373,0.154095931398503,0.00524792084357186,0.0110309988127054,0.00524792084357419,0.143846166722483,0.0989593511183403,0.016276068880179,0.00657285886320995,0.00875765487269942
Kogod School of Business,Department of Finance and Real Estate,FIN,2018,0.00263202765122257,0.0399362148466361,0.0319424550389397,0.0204193678569421,0.0518472069222496,0.385367663383332,0.00263202765122429,0.004532365876022,0.00563341008414886,0.0269133127421905,0.00263202765122451,0.161428298202922,0.00263202765122301,0.00868206497600508,0.0137344875481445,0.196990718896097,0.0174114076247141,0.0143063766232958,0.00366095408245492,0.00666558469101056
Kogod School of Business,Department of Finance and Real Estate,FIN,2019,0.00262616059356498,0.039618514762723,0.0343842628836349,0.0204135007992845,0.0518413398645921,0.379375513572121,0.00262616059356675,0.00400684652055416,0.00562754302649128,0.0275490720462021,0.0026261605935668,0.161575489283168,0.00262616059356543,0.00867619791834748,0.0137286204904869,0.200677601667285,0.0174055405670564,0.0143005095656383,0.00365508702479732,0.00665971763335298
Kogod School of Business,Department of Finance and Real Estate,FIN,2020,0.00255948661425752,0.038253863444147,0.0332032695257285,0.0197227096197763,0.05004781748981,0.378158394242962,0.00255948661425938,0.00389172742100141,0.00545555738287059,0.0266079099457495,0.00255948661425921,0.16513036496475,0.00255948661425791,0.00839724192764415,0.0132723865147963,0.19366175431697,0.026994822388017,0.0138242093066089,0.00355231036369224,0.00958771468844289
Kogod School of Business,Department of Finance and Real Estate,FIN,2021,0.00249063932062565,0.0457725728412949,0.0320956499300129,0.0190720581564658,0.0483691962681933,0.371680175797082,0.00249063932062757,0.00377771942205623,0.00528853819877732,0.0257238618612195,0.00249063932062737,0.164615997462735,0.00249063932062636,0.00813050462338913,0.0128403900719937,0.187114864050365,0.0394519766243987,0.0133735070064568,0.00344980802770673,0.00928062237534717
Kogod School of Business,Department of Finance and Real Estate,FIN,2022,0.00252674540620121,0.0419498727221601,0.0331705283176723,0.0201494946739908,0.0488754897898616,0.386154125619694,0.00252674540620313,0.00385898621294467,0.0102489811880526,0.0265751687376925,0.0025267454062029,0.160007158823136,0.00252674540620222,0.00836450071958767,0.0132396453067402,0.179938364960884,0.0338413366565168,0.00987855868217595,0.00351956915563573,0.0101212368084453
Kogod School of Business,Department of Finance and Real Estate,FIN,2023,0.00162517114937577,0.0416408927535515,0.0542374047623083,0.0212990962482447,0.0243733740469006,0.374490571354703,0.00162517114937843,0.00298120197052557,0.00822519389690635,0.0335660990517668,0.00326625125615751,0.175556454891514,0.00162517114937684,0.0075671720933592,0.0125293728338532,0.173238316125637,0.0334989515291612,0.0147470968837812,0.00512813355718403,0.00877890329631481
Kogod School of Business,Department of Finance and Real Estate,FIN,2024,0.00176686576967397,0.0434235693634941,0.0599938973393468,0.0338140023108949,0.0219874905674729,0.401310565398946,0.00176686576967888,0.00297222649958866,0.00866326388012346,0.0317549920838315,0.00322560364236548,0.123809998988948,0.00176686576967209,0.00694103461540831,0.0131920279762893,0.16315375014357,0.0491815870120895,0.014058787403894,0.00893997254586194,0.00827663291885035
Kogod School of Business,Department of Finance and Real Estate,REAL,2014,0.00580796231848763,0.00580796231849243,0.162224842480364,0.00580796231851486,0.0623292620765472,0.154000789199143,0.00580796231848916,0.00580796231849372,0.00580796231848823,0.05469509436546,0.00580796231849076,0.416598717376117,0.0120351441271256,0.00580796231848988,0.00580796231849151,0.0119981352919792,0.00580796231849389,0.0126701579378174,0.00580796231849228,0.0495602716420227
Kogod School of Business,Department of Finance and Real Estate,REAL,2015,0.00543421417939293,0.00543421417939787,0.150678460043993,0.00543421417941816,0.0579182782404486,0.148061722304322,0.00543421417939429,0.00543421417939852,0.00543421417939378,0.0508294082230103,0.00543421417939622,0.435114244204201,0.011216597287414,0.00543421417939508,0.00543421417939666,0.0285373222032144,0.00543421417939878,0.011806252968771,0.0054342141793975,0.046061358551247
Kogod School of Business,Department of Finance and Real Estate,REAL,2016,0.00543421417939293,0.00543421417939787,0.150678460043993,0.00543421417941816,0.0579182782404486,0.148061722304322,0.00543421417939429,0.00543421417939852,0.00543421417939378,0.0508294082230103,0.00543421417939622,0.435114244204201,0.011216597287414,0.00543421417939508,0.00543421417939666,0.0285373222032144,0.00543421417939878,0.011806252968771,0.0054342141793975,0.046061358551247
Kogod School of Business,Department of Finance and Real Estate,REAL,2017,0.00651519523253045,0.00651519523253538,0.142076491372825,0.00651519523255489,0.0555003216895173,0.139362612576966,0.00651519523253258,0.00651519523253846,0.00651519523253178,0.0441762974205758,0.00651519523253419,0.410341344717455,0.0119120861333512,0.00651519523253305,0.00651519523253621,0.029350811953626,0.045231787061441,0.0124624314359509,0.00651519523253588,0.044433863312929
Kogod School of Business,Department of Finance and Real Estate,REAL,2018,0.00488431874207371,0.0193081132758971,0.1319730338736,0.00488431874209885,0.0508078747954984,0.129677721455673,0.00488431874207551,0.00488431874208024,0.00488431874207555,0.0351528561127957,0.00488431874207725,0.492497231248335,0.00994390396159335,0.00488431874207617,0.00488431874207938,0.0262435184372113,0.00488431874207285,0.0151194893511605,0.00488431874207826,0.0404330700674472
Kogod School of Business,Department of Finance and Real Estate,REAL,2019,0.00488431874207371,0.0193081132758971,0.1319730338736,0.00488431874209885,0.0508078747954984,0.129677721455673,0.00488431874207551,0.00488431874208024,0.00488431874207555,0.0351528561127957,0.00488431874207725,0.492497231248335,0.00994390396159335,0.00488431874207617,0.00488431874207938,0.0262435184372113,0.00488431874207285,0.0151194893511605,0.00488431874207826,0.0404330700674472
Kogod School of Business,Department of Finance and Real Estate,REAL,2020,0.00488431874207371,0.0193081132758971,0.1319730338736,0.00488431874209885,0.0508078747954984,0.129677721455673,0.00488431874207551,0.00488431874208024,0.00488431874207555,0.0351528561127957,0.00488431874207725,0.492497231248335,0.00994390396159335,0.00488431874207617,0.00488431874207938,0.0262435184372113,0.00488431874207285,0.0151194893511605,0.00488431874207826,0.0404330700674472
Kogod School of Business,Department of Finance and Real Estate,REAL,2021,0.00488961394200437,0.0193134084758272,0.131978329073531,0.00488961394202932,0.0508131699954289,0.13801814272475,0.00488961394200603,0.00488961394201103,0.00488961394200594,0.0351581513127267,0.00488961394200751,0.48909101192147,0.00994919916152373,0.00488961394200687,0.00488961394200991,0.021219298096181,0.0048896139420034,0.0151247845510906,0.00488961394200875,0.0404383652673777
Kogod School of Business,Department of Finance and Real Estate,REAL,2022,0.00488961394200437,0.0193134084758272,0.131978329073531,0.00488961394202932,0.0508131699954289,0.13801814272475,0.00488961394200603,0.00488961394201103,0.00488961394200594,0.0351581513127267,0.00488961394200751,0.48909101192147,0.00994919916152373,0.00488961394200687,0.00488961394200991,0.021219298096181,0.0048896139420034,0.0151247845510906,0.00488961394200875,0.0404383652673777
Kogod School of Business,Department of Finance and Real Estate,REAL,2023,0.00314216380149846,0.018527544637574,0.19809626326804,0.00314216380150779,0.0313792970900677,0.145145927836415,0.00314216380150026,0.00314216380150567,0.00314216380150008,0.0354286036636026,0.00314216380149998,0.455780666221258,0.0085390547023194,0.00314216380150143,0.00314216380150468,0.0205604935659538,0.00314216380149772,0.0140596791178531,0.00314216380150343,0.041060831881897
Kogod School of Business,Department of Finance and Real Estate,REAL,2024,0.00238209490503064,0.0370440242664567,0.135305344541309,0.00238209490503528,0.0216346857836007,0.16600193863603,0.00238209490503191,0.00238209490503519,0.00238209490503229,0.0282550403054375,0.00238209490503213,0.463022860890371,0.0211542805566162,0.00238209490503427,0.00238209490503535,0.0153552072083763,0.00238209490503047,0.0162778557672963,0.00290694776161235,0.0716029601375973
Kogod School of Business,Department of Information Technology and Analytics,ITEC,2014,0.0054811269469173,0.162178263919739,0.0447404478029809,0.00385770117655402,0.0285516383338086,0.0508792914041366,0.00346905498111821,0.0030912661082239,0.150508031592286,0.0301560211557513,0.00309126610822264,0.301867353576656,0.0121816419227167,0.0144312340993923,0.00442893044451099,0.0444025903344755,0.0336569964994552,0.0132921787772465,0.0166790458717813,0.0730559189440264
Kogod School of Business,Department of Information Technology and Analytics,ITEC,2015,0.00525167720705513,0.156848481629831,0.0425480320203155,0.00370942272520999,0.0271686630246018,0.0483799334414136,0.00334020883954602,0.0029813094102964,0.143027236620156,0.0286928267054474,0.00298130941029531,0.286818592505307,0.0116171664340646,0.0137542790019064,0.00425209052976921,0.0623004490849335,0.0320187532819661,0.0143699496550589,0.0176746345152368,0.0922649839575885
Kogod School of Business,Department of Information Technology and Analytics,ITEC,2016,0.00480704250766602,0.160459455797657,0.0378562909913944,0.00370743785761531,0.0312000437732994,0.0483779485738189,0.00333822397195128,0.00297932454270176,0.143484184464311,0.0286908418378527,0.00297932454270067,0.287387277017593,0.01161518156647,0.0137522941343115,0.00425010566217424,0.0585747283494745,0.0320167684143714,0.0148377589811354,0.0176726496476421,0.0920131173658595
Kogod School of Business,Department of Information Technology and Analytics,ITEC,2017,0.00450077779457688,0.158680957236359,0.0367167181414657,0.00344676571125424,0.025371837547404,0.0464434391851375,0.00308004971581747,0.00273272768751121,0.148541307261143,0.0260111032016673,0.0027327276875112,0.30753370916077,0.0109313273787893,0.013158182131006,0.00439503307899281,0.056447793399093,0.0308334798213986,0.014417537319849,0.0186761503774489,0.0853483761628051
Kogod School of Business,Department of Information Technology and Analytics,ITEC,2018,0.00366248790579123,0.157881268889147,0.037125820462023,0.0025211290206733,0.0255994105031161,0.0484497905009092,0.00216877414065836,0.00180379167023521,0.156623328925868,0.0247208137452553,0.00180379167023487,0.32491870521374,0.0105860191520342,0.0127593539667888,0.00309611145275031,0.0587981984156454,0.00180379167023482,0.0138632165228804,0.0186071791548708,0.0932070170171431
Kogod School of Business,Department of Information Technology and Analytics,ITEC,2019,0.00358206888627687,0.155255435445987,0.0388302962938756,0.0024562197948779,0.0251782746997234,0.0476478150308864,0.00213814894330645,0.00177924951405696,0.153831943637847,0.0245656397266816,0.00177924951405663,0.317055555810018,0.0225882013689735,0.012552219105668,0.00305003063353011,0.0613501017587289,0.00177924951405655,0.0146186320089836,0.0183025805406154,0.0916590877718499
Kogod School of Business,Department of Information Technology and Analytics,ITEC,2020,0.00328007464590507,0.144541904800621,0.0363158012117391,0.00227185157898075,0.0226199604489914,0.0427419368649588,0.00198701201040923,0.00166560953645454,0.159076080312324,0.0220713321149245,0.00166560953645481,0.313415672468504,0.0203004917945891,0.0113130449916287,0.00280362247926645,0.0803246141518956,0.00166560953645401,0.0134597964359283,0.018077484030759,0.100402491049212
Kogod School of Business,Department of Information Technology and Analytics,ITEC,2021,0.00320395274190477,0.141555507564068,0.0352821220159755,0.00222495353199311,0.0219832621449017,0.0415219928676527,0.00194837018280033,0.00163628372258327,0.155333873404447,0.0227578455328805,0.00163628372258347,0.306446390950992,0.0197310244659896,0.0110040833674625,0.0259101643886405,0.0780153171897507,0.00163628372258284,0.0130886101322171,0.0175724517098064,0.0975112266407681
Kogod School of Business,Department of Information Technology and Analytics,ITEC,2022,0.00255581382497301,0.116475673089407,0.0472261944644184,0.00285214738956891,0.0338367677143585,0.0417250957721151,0.00192900609753868,0.00192900609753898,0.152929224762955,0.0101586135453109,0.00192900609754064,0.253824010215902,0.0274997529999739,0.00192900609753923,0.0382619810700293,0.0960253012758987,0.0019290060975383,0.013498517504819,0.0209698933869344,0.13251598249564
Kogod School of Business,Department of Information Technology and Analytics,ITEC,2023,0.00217069109773818,0.116090550362172,0.0772189319695552,0.00246702466233041,0.0291829066981316,0.0413399730448803,0.00154388337030385,0.00154388337030416,0.134137434637049,0.00977349081807615,0.00154388337030523,0.253438887488662,0.0271146302727386,0.00154388337030446,0.0378768583427945,0.0956401785486639,0.00154388337030347,0.013113394777583,0.0205847706596996,0.132130859768404
Kogod School of Business,Department of Information Technology and Analytics,ITEC,2024,0.00205845115836971,0.120933339387657,0.0768653756982725,0.00306324213035487,0.0294958400476647,0.0441803854321961,0.00151449228943803,0.00151449228943837,0.131655376001346,0.00940139268422677,0.00700033301457876,0.249176836363231,0.0128172845082079,0.00151449228943882,0.0378474672619288,0.102282009934404,0.00151449228943788,0.0139403192824913,0.0210066687899292,0.13221770914739
Kogod School of Business,Department of International Business,IBUS,2014,0.00553565468166108,0.225251513218586,0.046471993393982,0.007234998401509,0.0584321453887994,0.0676654057981475,0.00553565468165773,0.016186724325362,0.0163500784276551,0.199154216173575,0.027424101855351,0.0749196433034288,0.00640478063049261,0.0307067790646906,0.00970860860120508,0.00553565468165383,0.106535459452675,0.0301423629933836,0.012053833879156,0.0487503910470292
Kogod School of Business,Department of International Business,IBUS,2015,0.00537965242863233,0.215678085760444,0.0432358590890017,0.0070428398991216,0.0571506858866812,0.106090810858924,0.00537965242862868,0.0158041035692762,0.0159639820523702,0.180973933419331,0.0253062413198038,0.0732693951590589,0.00623028633599825,0.0273711567545567,0.0080315139196982,0.00665035161093151,0.111399135674179,0.0278990390089958,0.0150001493145697,0.0461431255097975
Kogod School of Business,Department of International Business,IBUS,2016,0.0052862191690807,0.221812705538639,0.0432780277399433,0.00949202931535046,0.0519346043296151,0.103733978751913,0.00528621916907725,0.0157660633635257,0.0156500419256572,0.182437190250339,0.024797670791686,0.0722431439041447,0.00611913153671007,0.0299018205604972,0.0078828335457493,0.00653044545174859,0.109096963180345,0.0267904968064823,0.0191827087186678,0.0427777059508281
Kogod School of Business,Department of International Business,IBUS,2017,0.00506726478689232,0.22881163184234,0.0434013653501739,0.00920822577621873,0.0441913204784027,0.104779660820747,0.00506726478689129,0.0158428382147709,0.0154310875434756,0.186437807969257,0.0235747494517117,0.071262824215273,0.00592739483861871,0.0295611400143276,0.00786167415730986,0.00631839810554028,0.108509086892023,0.025019836652597,0.0187459586670108,0.0449804694364188
Kogod School of Business,Department of International Business,IBUS,2018,0.00194650447287538,0.256711451421909,0.0464537807168257,0.0299242215624199,0.0475322786698954,0.140034907544201,0.00194650447287385,0.0148771925863295,0.0143830917807749,0.208560520641657,0.0265772887964462,0.0772585763830317,0.00294599931403831,0.0303105514300528,0.00267973969754628,0.00194650447287296,0.0339424455350365,0.0158454446487025,0.0164070085925348,0.0297159872599763
Kogod School of Business,Department of International Business,IBUS,2019,0.00304127913004586,0.25768687855861,0.0497724652709461,0.0306380122853874,0.039176925692501,0.146455987806719,0.00194291783457096,0.0152051620534995,0.0146983919965208,0.207068058075738,0.0272052607305426,0.0783185744972808,0.00296804074858578,0.031034248047062,0.00269495396244007,0.00194291783457013,0.0347592676419173,0.0161982410918311,0.0167742041111464,0.0224182126300851
Kogod School of Business,Department of International Business,IBUS,2020,0.00304127913004586,0.25768687855861,0.0497724652709461,0.0306380122853874,0.039176925692501,0.146455987806719,0.00194291783457096,0.0152051620534995,0.0146983919965208,0.207068058075738,0.0272052607305426,0.0783185744972808,0.00296804074858578,0.031034248047062,0.00269495396244007,0.00194291783457013,0.0347592676419173,0.0161982410918311,0.0167742041111464,0.0224182126300851
Kogod School of Business,Department of International Business,IBUS,2021,0.00316579846377294,0.25869388185452,0.052422994666343,0.0322542469248083,0.0403879471296987,0.156075705039198,0.00200806628746117,0.00200806628746318,0.0154530255392464,0.203619933086557,0.0286359412318635,0.0838808183702352,0.00310478368921259,0.0257763186565003,0.00280075301683682,0.00200806628746023,0.0347391621074808,0.0170734643125574,0.0185605414298183,0.0173304856189662
Kogod School of Business,Department of International Business,IBUS,2022,0.00712887275332741,0.253320311940357,0.0505578637268371,0.031443308183771,0.0393629636464268,0.15207987307764,0.0019930796684591,0.00199307966846003,0.0150842242030923,0.205858801607638,0.0282126693349312,0.0899595927987476,0.00306093608595375,0.0251358517119972,0.00285868940490479,0.00199307966845801,0.0338628308616363,0.0166620198507896,0.018109963359702,0.0213219884468717
Kogod School of Business,Department of International Business,IBUS,2023,0.00679277860657622,0.247314862633189,0.0729139711718828,0.0311072140370165,0.0339420952254142,0.151743778930888,0.00165698552170791,0.00165698552170888,0.0147481300563411,0.200306518238798,0.0278765751881793,0.0896234986519949,0.00272484193920241,0.0247997575652461,0.00252259525815362,0.00165698552170691,0.0335267367148852,0.0163259257040376,0.0177738692129509,0.0209858943001197
Kogod School of Business,Department of International Business,IBUS,2024,0.00679079753866688,0.24681382076073,0.0728427759589593,0.0311052329691063,0.033940114157505,0.1522740782082,0.00165500445379858,0.00165500445379954,0.0147461489884318,0.198608464331043,0.0278745941202699,0.088939991425754,0.00272286087129311,0.0247977764973368,0.00252061419024428,0.00410821941450457,0.0335247556469758,0.0163239446361289,0.0177718881450416,0.0209839132322104
Kogod School of Business,Department of Management,MGMT,2014,0.00572394519680052,0.425797832911982,0.0418183989002571,0.050148432517005,0.027413494185559,0.0306849213655479,0.00428694268898065,0.0100181698439888,0.0191193217081981,0.0603311190550491,0.00704259027030175,0.089718553479171,0.031311591286385,0.0386532999098586,0.00934985387093757,0.00853316731163856,0.0800207762922631,0.0104245015380213,0.0378902823729413,0.011712805295114
Kogod School of Business,Department of Management,MGMT,2015,0.00577620203922698,0.417611127285249,0.0398653210978757,0.0477986864471595,0.0261463642267343,0.0254291466807827,0.00412107708713602,0.00957938866333445,0.0182471523435337,0.0693235553979827,0.0056014277055322,0.0919735953138686,0.0303319419575659,0.0462838149774778,0.00894289726042856,0.0118170250372185,0.0762485376616908,0.00996637122907943,0.0338113925111759,0.0211249750769472
Kogod School of Business,Department of Management,MGMT,2016,0.00533998283521559,0.443167759192212,0.0392873462906065,0.0437084342250089,0.0239389226324463,0.0259892176740727,0.00382887785281275,0.00914510859815323,0.0170506825294281,0.076935595362296,0.00518050233047954,0.0856727679877423,0.0271200345968536,0.0421565531036851,0.0082314093153844,0.0108293891650625,0.0696843853339281,0.0115624850358823,0.0276695427307222,0.0235010032080077
Kogod School of Business,Department of Management,MGMT,2017,0.00523320501555971,0.45133995836295,0.0362914471268435,0.0436015603837171,0.0206364266423274,0.0258416741260483,0.00372200401151819,0.00870567979848203,0.0169094584749654,0.0788631825160578,0.00507448353416898,0.0883578703335466,0.0276536632410445,0.0405010544347833,0.00758837727002298,0.00785561603384022,0.0695775119012324,0.0114963498885785,0.0274330446630887,0.0233174322412241
Kogod School of Business,Department of Management,MGMT,2018,0.00341842324591074,0.498568449020228,0.0374442843970793,0.0463683570966345,0.0204020171665868,0.0259584792189793,0.00176340350328023,0.00758594193865255,0.0195005172065031,0.0838525077789958,0.00324375412168007,0.0924726020969539,0.0331875641326761,0.041423673639708,0.00658522367657619,0.00623360501769918,0.00936321102968477,0.010263110150377,0.0271700755353353,0.0251948000264594
Kogod School of Business,Department of Management,MGMT,2019,0.00438091426205835,0.500682827143528,0.0368719099515795,0.0456565440152041,0.0200959281465634,0.0255655704793874,0.00174854282174616,0.00748010409406552,0.0220041629038017,0.0809719157442239,0.00320576296173327,0.0935045780477563,0.0331527689096249,0.0345350006677753,0.00649502205483433,0.00614889743750212,0.00922960335555045,0.0101154415524821,0.0312592346356618,0.0268952708149214
Kogod School of Business,Department of Management,MGMT,2020,0.00426369393957335,0.476476146503841,0.0438861638922633,0.0442885470335333,0.0195024952821237,0.0248063908775896,0.00268444602683663,0.00726896892818664,0.023455346772041,0.0799004885912647,0.00312415328471284,0.0927435965834364,0.0321636742038806,0.0335040201511782,0.0296354130471658,0.00597810186727676,0.00896545306053567,0.00954287252532545,0.0303275197564013,0.0274825076728333
Kogod School of Business,Department of Management,MGMT,2021,0.00659210031298112,0.488866434516776,0.0426179659440203,0.0430085142870178,0.0189514640577083,0.0240993627238959,0.00262806330992986,0.00739712615780314,0.0232171180206182,0.0775730457989333,0.00305483800139781,0.0900384153207472,0.0312402553641195,0.0310445544391603,0.028786354829661,0.00582484691976884,0.0087243348426376,0.00928477138199246,0.0295446951163101,0.0275057386545212
Kogod School of Business,Department of Management,MGMT,2022,0.00599491449997928,0.486890045348679,0.0418205336290402,0.0432914680818213,0.0189619157410261,0.023133715282296,0.0026385149932476,0.00740757784112014,0.0232388891515071,0.0788619425936438,0.00306528968471573,0.0916364187455003,0.0312507070474373,0.0307508268089025,0.0288112843896219,0.00583529860308659,0.00873478652595543,0.00929522306531036,0.0306758373283487,0.0277048106387611
Kogod School of Business,Department of Management,MGMT,2023,0.0057496485809502,0.48585641548993,0.0542649868622678,0.0430462021627903,0.0147902404304819,0.022888449363267,0.00239324907421852,0.00716231192209108,0.022993623232478,0.0791951000497174,0.0028200237656863,0.0879899877010645,0.0310054411284083,0.0302586751997397,0.0285660184705928,0.00559003268405757,0.00848952060692641,0.00904995714628075,0.0304305714093196,0.0274595447197324
Kogod School of Business,Department of Management,MGMT,2024,0.00666289287215463,0.462754970905761,0.0527382186955787,0.041864344063809,0.0150690215219592,0.0324237922309949,0.00465119338388905,0.00726051399405773,0.0224709292020577,0.0762834396972156,0.00272180011233425,0.0850023673123545,0.0362372039306038,0.0372181178782649,0.0281274714780381,0.00963256629856031,0.00815174074901512,0.0102641696433216,0.0298733672151439,0.0305918788148859
Kogod School of Business,Department of Marketing,MKTG,2014,0.00524387865314821,0.363393755682864,0.0539456315178725,0.0300173006453565,0.0405679478159856,0.0206553803706434,0.00524387865314757,0.00524387865314904,0.0327576721431993,0.0112220598370592,0.00524387865314317,0.0135856938458021,0.123494504192626,0.00765029400653344,0.0484364744819188,0.0137877513036958,0.100526401866501,0.0418930101574047,0.0368956799808352,0.040194927539115
Kogod School of Business,Department of Marketing,MKTG,2015,0.00524387865314821,0.363393755682864,0.0539456315178725,0.0300173006453565,0.0405679478159856,0.0206553803706434,0.00524387865314757,0.00524387865314904,0.0327576721431993,0.0112220598370592,0.00524387865314317,0.0135856938458021,0.123494504192626,0.00765029400653344,0.0484364744819188,0.0137877513036958,0.100526401866501,0.0418930101574047,0.0368956799808352,0.040194927539115
Kogod School of Business,Department of Marketing,MKTG,2016,0.00494050741484474,0.373022161355405,0.0520967227257141,0.0288135364581924,0.037800106636088,0.01950381648999,0.00494050741484411,0.00494050741484545,0.0249357561339547,0.00873091176902026,0.00494050741483982,0.0164570938787574,0.143744689245859,0.00717903332497055,0.0462968222493417,0.0169402937406509,0.0931277164970445,0.0352384107757481,0.035558132341729,0.0407927667181612
Kogod School of Business,Department of Marketing,MKTG,2017,0.00476789316639626,0.383526379918447,0.0500704802786261,0.0287104830728825,0.0325007645102,0.0183061088478753,0.00476789316639768,0.00476789316639798,0.0286097450969122,0.0101242559526344,0.00476789316639642,0.0159167578919678,0.140469756898123,0.00700793360880348,0.0480517592932482,0.0166066356077252,0.0893846672134338,0.0363013079302085,0.0350948760468474,0.0402465151664779
Kogod School of Business,Department of Marketing,MKTG,2018,0.00272556386342402,0.425266323672891,0.0514273167281477,0.028389070085025,0.0327156223010996,0.0154097184125288,0.00272556386342876,0.00272556386342995,0.0268775524981982,0.00859700595702105,0.00272556386342109,0.0166408970926108,0.16912503423292,0.00513197921681629,0.0464058713474529,0.0267793338291467,0.0172442857992136,0.0378855339136341,0.0359257266359769,0.0452764728236133
Kogod School of Business,Department of Marketing,MKTG,2019,0.00265654170442416,0.410007746970058,0.05659011136618,0.0276941087498881,0.0319151353021563,0.0124050904265283,0.00265654170442881,0.00265654170442962,0.0262194574456675,0.00838477789329925,0.00265654170442152,0.0162324765621676,0.189336339935154,0.00500426400041639,0.043969063056552,0.0256921917609051,0.0168211484710482,0.0376285377146756,0.0364032401146807,0.0450701434129193
Kogod School of Business,Department of Marketing,MKTG,2020,0.00265654170442416,0.410007746970058,0.05659011136618,0.0276941087498881,0.0319151353021563,0.0124050904265283,0.00265654170442881,0.00265654170442962,0.0262194574456675,0.00838477789329925,0.00265654170442152,0.0162324765621676,0.189336339935154,0.00500426400041639,0.043969063056552,0.0256921917609051,0.0168211484710482,0.0376285377146756,0.0364032401146807,0.0450701434129193
Kogod School of Business,Department of Marketing,MKTG,2021,0.00257146598259169,0.409290251602545,0.0539964975205448,0.0293294486995304,0.0304691947618244,0.0139905366588273,0.00871227980041912,0.00371495929757985,0.025038432154475,0.00803327258128661,0.0025714659825891,0.0155159620097425,0.184383886675144,0.00567630664415376,0.0441052211123809,0.0245356904550512,0.0160772538298376,0.0370366708715246,0.0359852516672431,0.0489659516927087
Kogod School of Business,Department of Marketing,MKTG,2022,0.00267719414409549,0.410133682081253,0.0593765878910693,0.0321795853448234,0.0334362284391471,0.0196519824345018,0.0186638707256426,0.00267719414410041,0.00983621046529194,0.00685635791919888,0.00267719414409274,0.0169493307894152,0.181654833177197,0.00514531245526672,0.0324705245734124,0.026894159588088,0.0175681910013149,0.0308245789952478,0.0296679995241067,0.0606589821627343
Kogod School of Business,Department of Marketing,MKTG,2023,0.00220779360909028,0.400326503484321,0.0845900867130454,0.0317101848098132,0.0261207389972078,0.0191875417724307,0.0181944701906374,0.00220779360909524,0.00936680993028672,0.00638695738419379,0.00220779360908681,0.0163639486934694,0.181185432642188,0.00467591192026163,0.0320011240384073,0.0264247590530829,0.0170987904663098,0.0303551784602414,0.0291985989891017,0.0601895816277292
Kogod School of Business,Department of Marketing,MKTG,2024,0.00224554892412602,0.390610598362576,0.0825682847004825,0.053941125258843,0.0255606706775406,0.0184931028708062,0.0178325585911346,0.00224554892413089,0.0105089039304391,0.0062697271433661,0.00224554892412256,0.012338180463286,0.176748746981396,0.004651964277518,0.03129404609271,0.0258570902320186,0.016764270859915,0.0296892491539996,0.0313570413892903,0.0587777922422988
Kogod School of Business,Kogod School of Business,KSB,2014,0.00844390635336394,0.261968404485839,0.0757390830875684,0.0102225392441556,0.104964678250168,0.00666503456692557,0.00463532698738632,0.00733536847368994,0.00463532698738432,0.0160695966099636,0.199667998707896,0.0349166928404901,0.023932510985072,0.0140164510402943,0.00561724721606741,0.016507855190035,0.0809430962493668,0.0819480565474794,0.0205314158075476,0.0212394103693061
Kogod School of Business,Kogod School of Business,KSB,2015,0.00738605816745018,0.281855495561859,0.076706558794674,0.00949422919887104,0.101426683455932,0.0124045075088113,0.0041215615680413,0.00643588284201567,0.0041215615680407,0.013957012941785,0.173494469671547,0.0481776142615951,0.017939500819608,0.0126658406071838,0.00504950037737217,0.0218626240800302,0.0695282209354542,0.0753298155842702,0.017645307782167,0.040397554273292
Kogod School of Business,Kogod School of Business,KSB,2016,0.00826948126143936,0.263055594041233,0.0767648905278094,0.00861339554537354,0.0734086192648528,0.0147889770772079,0.00453862800497296,0.00718356660380121,0.00453862800497134,0.0157575630082044,0.191480084731553,0.0495415924872633,0.0222094443542743,0.0148446751531183,0.00560612609251241,0.0167028495326149,0.0781304180495012,0.0790909166892805,0.0200975767810403,0.045376972788976
Kogod School of Business,Kogod School of Business,KSB,2017,0.00846250853245429,0.263874155674304,0.0867092770325112,0.00889850090100044,0.0701797571682355,0.013807024666954,0.00487796324683143,0.0074191787633522,0.00487796324683274,0.0156189748524129,0.186372470907854,0.0453073073531588,0.0247174778940998,0.0147401815140237,0.00582781397045769,0.0145053562604455,0.0845885934828246,0.0751910101301668,0.0206998411126683,0.043324643289412
Kogod School of Business,Kogod School of Business,KSB,2018,0.00647061641377415,0.302060490202364,0.0970538043916837,0.00733323559036594,0.0778375787457336,0.0103135851257046,0.00231580255998412,0.00526130236322359,0.00231580255998637,0.0147488682855966,0.211586592851531,0.0500629438455588,0.0219946662217106,0.013811063304863,0.00341421358164311,0.0137467826514392,0.00231580255998303,0.089844932940508,0.0203946062225998,0.0471173095817466
Kogod School of Business,Kogod School of Business,KSB,2019,0.0067934991761835,0.295657184147213,0.0953637274212507,0.00763694903773994,0.0894800596215144,0.0105510685834044,0.00273101451914437,0.00561105877120074,0.00273101451914658,0.0148877898952988,0.207351342804213,0.0494171082205951,0.0219725700994991,0.0139708250252481,0.00380501640698872,0.0139079728307894,0.00273101451914331,0.0883150531134344,0.0204080669892574,0.0466776642987357
Kogod School of Business,Kogod School of Business,KSB,2020,0.00667267027266064,0.296778293521069,0.09337982362664,0.00759169616422852,0.0875616967952667,0.0109652309403243,0.0026985004994703,0.00551593509387312,0.00269850049947238,0.0246595595485752,0.202628345822271,0.0525824903100462,0.0229805020369909,0.0137458565352198,0.00377234252583668,0.0109669812453984,0.00269850049946905,0.0864220165156237,0.0199912692202338,0.0456897883273313
Kogod School of Business,Kogod School of Business,KSB,2021,0.00667121314289849,0.296823020014258,0.0929030886299181,0.00759023903446637,0.0875602396655044,0.0109637738105621,0.00269704336970815,0.00551447796411097,0.00269704336971046,0.0246581024149826,0.202626888696339,0.0534826270756999,0.0246155861774744,0.0137443994054576,0.00368455364020824,0.0109655241156362,0.00269704336970689,0.0864114499452436,0.0199898120904716,0.0437038740676428
Kogod School of Business,Kogod School of Business,KSB,2022,0.00330917266592803,0.310643333637134,0.101786882387318,0.0110025454680506,0.107530401761441,0.0140769798066683,0.00330917266592889,0.00592321875639968,0.00330917266593186,0.0213087677271344,0.168145775434129,0.0613089140208589,0.0266583355172386,0.0189732165565449,0.0046857021338986,0.0148349337057073,0.00330917266592757,0.057220728731256,0.0163002030025098,0.0463633706899952
Kogod School of Business,Kogod School of Business,KSB,2023,0.00211815428415361,0.315161786974414,0.171431207458933,0.00981152708627439,0.0919000609011748,0.0148025765715133,0.00211815428415463,0.00473220037462468,0.00211815428415773,0.0213703441746597,0.108196367363734,0.08178908494124,0.0254673171354634,0.01778219817477,0.00349468375212396,0.0162180350636,0.00211815428415332,0.0490884559619025,0.0151091846207341,0.0451723523082192
Kogod School of Business,Kogod School of Business,KSB,2024,0.00376391632145551,0.258249040777768,0.140645711052626,0.00743062717737805,0.0790010095524991,0.0294233178631819,0.0113995061804042,0.00461968904856079,0.00922067937679109,0.0352364776536973,0.130565518290442,0.0873682494472249,0.0265230378476837,0.0147660840988203,0.00576920669247656,0.0650248608654748,0.00173043416235527,0.0360519677415959,0.0125856186630833,0.0406250471864814
School of Arts and Sciences,American Studies Program,AMST,2014,0.0643263514633277,0.0123437973669472,0.145099816250914,0.171050662422197,0.0407740836422468,0.00690198812114049,0.0288564096898674,0.109051548569325,0.00690198812112913,0.0345445998836901,0.00690198812113223,0.0069019881211357,0.0226615169588103,0.0242891129799781,0.0420472571562865,0.00690198812112972,0.135957294217442,0.0547749963002225,0.0294324885444668,0.0502801239486113
School of Arts and Sciences,American Studies Program,AMST,2019,0.0429903608097321,0.0140650256328804,0.34581179335994,0.112942606841191,0.0709390861038004,0.00319026328475077,0.00319026328475905,0.20720515048928,0.00319026328474887,0.0432934388318915,0.00319026328475073,0.00319026328475119,0.0278339245620693,0.00319026328476987,0.0031902632847503,0.00319026328474884,0.00319026328474828,0.00319026328477362,0.0514195313401483,0.0515964491815162
School of Arts and Sciences,American Studies Program,AMST,2020,0.0356060406143312,0.0119398572878167,0.283369030882685,0.1762242234183,0.0584731794912959,0.00304232445752844,0.0380604356038635,0.214567892417835,0.0030423244575267,0.0358540135415525,0.00304232445752878,0.00304232445752858,0.0272823342864412,0.00304232445754393,0.00304232445752817,0.00304232445752636,0.00913437646515795,0.0030423244575476,0.0425026346846717,0.0426473856457911
School of Arts and Sciences,American Studies Program,AMST,2021,0.0413189648893058,0.00742341630090789,0.192160042351307,0.137747401680257,0.0343637607345012,0.0022722130833742,0.104594366125039,0.270912150246526,0.00227221308337316,0.0224672325746631,0.025445954665819,0.00227221308337347,0.0237046622406206,0.00329256213281235,0.0413398539460424,0.00227221308337255,0.00983887057564339,0.00616162279965117,0.0449388273689362,0.0252014590344738
School of Arts and Sciences,American Studies Program,AMST,2022,0.0625814013516518,0.00612179048233142,0.152688710770237,0.181351697283583,0.0265964522518619,0.00220687603700719,0.119464571932104,0.253448554182146,0.00220687603700482,0.0175550908503866,0.0197759504194098,0.00220687603700609,0.0175802788358004,0.0121258929474725,0.0311694623303592,0.00220687603700429,0.00527703284777254,0.00516282742137687,0.0465002889801592,0.033772492965326
School of Arts and Sciences,American Studies Program,AMST,2023,0.0588242530264209,0.00570972231334573,0.139210977685404,0.156486069818402,0.0182287480171193,0.00325111377931775,0.127135847036117,0.262861734549736,0.00208355858832091,0.0278688967383879,0.0271314039409491,0.00731907534826925,0.0224339749644226,0.0252023993617149,0.0270381998528815,0.00208355858831835,0.00473024549415286,0.00463179254037038,0.0484731310367115,0.0292952973196383
School of Arts and Sciences,American Studies Program,AMST,2024,0.058824253026421,0.0057097223133466,0.139210977685404,0.156486069818398,0.0182287480171193,0.00325111377931775,0.127135847036117,0.262861734549736,0.00208355858832091,0.0278688967383879,0.0271314039409491,0.00731907534826925,0.0224339749644226,0.0252023993617149,0.0270381998528815,0.00208355858831835,0.00473024549415286,0.00463179254037373,0.0484731310367115,0.0292952973196383
School of Arts and Sciences,Arab World Studies,AWST,2014,0.0170402031826655,0.0170402031826366,0.017040203182664,0.0273322435662709,0.0270979161848834,0.0170402031826563,0.0486098817368558,0.0350260236033453,0.0170402031826349,0.079774155793956,0.0170402031826348,0.0170402031826471,0.017040203182634,0.0170402031826359,0.0170402031826348,0.0170402031826326,0.543596934557706,0.0170402031826349,0.0170402031826368,0.0170402031826341
School of Arts and Sciences,Arab World Studies,AWST,2015,0.0146490683324938,0.014649068332429,0.135665353841347,0.0220005257492973,0.136981256642627,0.014649068332433,0.0371988387283253,0.0274960829187125,0.0146490683324256,0.0594590344834252,0.0146490683324382,0.0146490683324267,0.0146490683324244,0.0146490683324334,0.0146490683324177,0.0146490683324189,0.390761019314608,0.0146490683324689,0.0146490683324206,0.0146490683324273
School of Arts and Sciences,Arab World Studies,AWST,2016,0.0138919615721438,0.0138919615720873,0.108015739190138,0.0196097617852064,0.10903921914669,0.013891961572094,0.0530619765897391,0.0449757798993489,0.013891961572085,0.0487441574673184,0.0138919615720944,0.0138919615720879,0.0226441867799965,0.0503021191968803,0.0337363121728968,0.0138919615720799,0.370951132050826,0.0138919615721189,0.0138919615720813,0.013891961572087
School of Arts and Sciences,Arab World Studies,AWST,2017,0.01389940235594,0.0138994023559048,0.108023179973937,0.0198179889616551,0.108653560279679,0.0138994023558958,0.0540285379282722,0.0424668146978395,0.0138994023559027,0.0504552438790181,0.0138994023559116,0.0138994023558968,0.0232515768567055,0.0508527824883005,0.0328455648449405,0.0138994023558976,0.370610726530563,0.013899402355937,0.0138994023558987,0.0138994023559047
School of Arts and Sciences,Arab World Studies,AWST,2018,0.0777833172875776,0.0025420512625733,0.130056740421515,0.0094840464450741,0.132888477161277,0.00254205126256712,0.120055439370625,0.125983829391648,0.00254205126257219,0.0429910054048365,0.00254205126257713,0.00254205126256871,0.115460374355079,0.0819970374962703,0.0755402233255062,0.0025420512625663,0.0648810479774257,0.00254205126259254,0.00254205126257399,0.00254205126257498
School of Arts and Sciences,Arab World Studies,AWST,2019,0.0777833172875776,0.0025420512625733,0.130056740421515,0.0094840464450741,0.132888477161277,0.00254205126256712,0.120055439370625,0.125983829391648,0.00254205126257219,0.0429910054048365,0.00254205126257713,0.00254205126256871,0.115460374355079,0.0819970374962703,0.0755402233255062,0.0025420512625663,0.0648810479774257,0.00254205126259254,0.00254205126257399,0.00254205126257498
School of Arts and Sciences,Arab World Studies,AWST,2020,0.12453766464077,0.00241996489733175,0.129934654056274,0.00936196007983294,0.132766390796035,0.002419964897325,0.125336789615975,0.0946380262421939,0.0024199648973299,0.0428689190395926,0.0024199648973354,0.00241996489732613,0.107705626775706,0.0903405125497827,0.0472024970383852,0.00241996489732403,0.0735272750894669,0.00241996489734995,0.00241996489733177,0.00241996489733242
School of Arts and Sciences,Arab World Studies,AWST,2021,0.139578136968184,0.00201929080184437,0.104444145088826,0.00741862038823505,0.103399844278614,0.00201929080183864,0.143744154655185,0.125436264894287,0.00201929080184227,0.0334795884680469,0.00201929080184668,0.00201929080183997,0.0839081389294683,0.070401938975973,0.0368501491337743,0.00201929080183784,0.111075284417775,0.00201929080185859,0.0156977251104108,0.0104309730783131
School of Arts and Sciences,Arab World Studies,AWST,2022,0.140717959856305,0.00201578978798966,0.104440644074971,0.00741511937438037,0.103396343264759,0.00201578978798393,0.14374065364133,0.125432763880432,0.00201578978798757,0.0334760874541921,0.00201578978799199,0.00201578978798522,0.0839046379156133,0.0703984379621181,0.0368466481199196,0.0020157897879832,0.107970726064714,0.00201578978800374,0.0187779173909317,0.0093715324844084
School of Arts and Sciences,Arab World Studies,AWST,2023,0.121277069529032,0.00194070164362488,0.174555069793045,0.00599019883342063,0.0328317179662438,0.00194070164362355,0.132207566124664,0.174274474777613,0.00194070164362573,0.0737579399091323,0.00194070164362996,0.00194070164363058,0.0633573377393416,0.0676446986496807,0.0280638453925723,0.00194070164361939,0.0814069038511688,0.0019407016436313,0.01451229734584,0.0165359685828606
School of Arts and Sciences,Arab World Studies,AWST,2024,0.113570320894402,0.00210976383811373,0.161446103668348,0.0764038994410413,0.0306245481359152,0.00210976383811213,0.131535718230604,0.146887958384456,0.00210976383811391,0.0721689840185795,0.0021097638381177,0.0021097638381191,0.0588020433110825,0.0629976259614385,0.0262234349909882,0.00210976383810806,0.0754631812604612,0.00210976383812106,0.0137143137170808,0.0153935211187967
School of Arts and Sciences,Arab World Studies,AWST,,0.0170402031826655,0.0170402031826366,0.017040203182664,0.0273322435662709,0.0270979161848834,0.0170402031826563,0.0486098817368558,0.0350260236033453,0.0170402031826349,0.079774155793956,0.0170402031826348,0.0170402031826471,0.017040203182634,0.0170402031826359,0.0170402031826348,0.0170402031826326,0.543596934557706,0.0170402031826349,0.0170402031826368,0.0170402031826341
School of Arts and Sciences,Department of Anthropology,ANTH,2014,0.0307284680663178,0.00511508059270843,0.0663515755580345,0.051758561784999,0.0831577135702693,0.0140314675838467,0.092190668448418,0.0854820684014073,0.0679261916902042,0.0316366701980914,0.0189568980834749,0.0126869061772615,0.019050157627852,0.0190858045914954,0.01236546388438,0.00511508059270899,0.0825176014808444,0.0785016547543326,0.182658596975746,0.0406833699376077
School of Arts and Sciences,Department of Anthropology,ANTH,2015,0.0087574001811144,0.00544714892266239,0.0825629283577009,0.0322776178915944,0.11732067753159,0.0147111317588982,0.0802968161913366,0.0639729436784341,0.0700304239523654,0.0263582880524402,0.0118259331260825,0.00544714892266564,0.0248432696607675,0.0207558257233288,0.00544714892266259,0.00544714892266354,0.0861451888001724,0.108428622250679,0.195265842776774,0.0346584943760671
School of Arts and Sciences,Department of Anthropology,ANTH,2016,0.0201382153405277,0.00433165914070551,0.0682323314099592,0.12472277043296,0.0959043189826376,0.0124295571641931,0.0691265360030034,0.067224920738176,0.0578911566739836,0.0446284783801968,0.00905195945123571,0.00433165914070804,0.0209461050501536,0.0262016950629176,0.00433165914070537,0.00433165914070538,0.0640482086500628,0.0806684364019281,0.184959010822395,0.0364996628728455
School of Arts and Sciences,Department of Anthropology,ANTH,2017,0.0182076343398808,0.00420659891045334,0.0543574988381179,0.135333799125912,0.0853873773329902,0.00938666359202034,0.0539011182649697,0.0674488992609527,0.0625403100944094,0.0637960916053493,0.00951031095100076,0.00420659891045432,0.0229082731873579,0.0189977132163304,0.00609678715203899,0.00420659891045332,0.06228148665382,0.0847188196677678,0.171847933754454,0.0606594862312672
School of Arts and Sciences,Department of Anthropology,ANTH,2018,0.0165342284412699,0.00810277288093669,0.057383589405658,0.151149850279929,0.0924180235878654,0.00812155595686304,0.0601750321757751,0.0673737277089406,0.0666789776482949,0.0651147660814587,0.00760762984952529,0.00235413715737537,0.0242283173676043,0.0182476014639218,0.00448106647407829,0.00235413715737384,0.00235413715737335,0.0918066683441933,0.190166080737601,0.0633477001239623
School of Arts and Sciences,Department of Anthropology,ANTH,2019,0.0268040500727122,0.00684085648179067,0.0473366604804558,0.149512524730547,0.0747964316784197,0.00685599508029847,0.107906625675569,0.0802691196369341,0.0637831275587586,0.0575132536628004,0.0188110183285978,0.00220762768966693,0.0198300744327206,0.0204048841540474,0.0126015154101457,0.00220762768966544,0.00620057674376835,0.0739220750851091,0.170829336670628,0.0513666187373649
School of Arts and Sciences,Department of Anthropology,ANTH,2020,0.0284820936223304,0.0068057724284124,0.0482448390674918,0.149477440677168,0.0753752093719738,0.0068209110269203,0.108842300311201,0.0795697914234628,0.0637407431909542,0.05738111485327,0.0187759342752195,0.00217254363628855,0.0200120985036652,0.017255926410278,0.01237352174171,0.00217254363628732,0.00521662396849045,0.0742232865100477,0.167670599968601,0.0553867053762281
School of Arts and Sciences,Department of Anthropology,ANTH,2021,0.0284820936223304,0.0068057724284124,0.0482448390674918,0.149477440677168,0.0753752093719738,0.0068209110269203,0.108842300311201,0.0795697914234628,0.0637407431909542,0.05738111485327,0.0187759342752195,0.00217254363628855,0.0200120985036652,0.017255926410278,0.01237352174171,0.00217254363628732,0.00521662396849045,0.0742232865100477,0.167670599968601,0.0553867053762281
School of Arts and Sciences,Department of Anthropology,ANTH,2022,0.0258838770517923,0.00218542459728621,0.051656165992846,0.153516392930929,0.0776404800479172,0.00658465485007492,0.10999921066418,0.0710874045206735,0.0656480302920968,0.0590927210824832,0.0159474495722767,0.00218542459728779,0.0214780695725167,0.0165894337818229,0.0127002789521069,0.00218542459728652,0.00532316893971143,0.0647086873789487,0.16265569903258,0.0729320015451835
School of Arts and Sciences,Department of Anthropology,ANTH,2023,0.0259412441742019,0.00187250340009372,0.0735609274449061,0.155568018113947,0.0731653648498683,0.00634047162558258,0.111011546292542,0.0672679475869484,0.0510812274423657,0.0604601483013389,0.0158495600153182,0.00187250340009492,0.0214665959530625,0.0165015752281392,0.0125516523542087,0.00187250340009425,0.00505927499786965,0.0652334781317557,0.159598961674862,0.0737244956127999
School of Arts and Sciences,Department of Anthropology,ANTH,2024,0.0255608319319392,0.00186237947743317,0.0729589563142233,0.153193347811071,0.0720584276741341,0.00626160973022181,0.109352489887635,0.0662517399075666,0.0653249851722437,0.0595486759955819,0.0156244044524231,0.00186237947743398,0.0211550244526635,0.0162663886619699,0.0123772338322538,0.00186237947743335,0.00500012381985837,0.0642485699824554,0.15662109551613,0.0726089564253282
School of Arts and Sciences,Department of Anthropology,ANTH,,0.0174115548015483,0.00537259000072289,0.0786653830788378,0.0316878358100092,0.107779699801726,0.0159999416026599,0.080708056587576,0.057949227417714,0.0666439022083891,0.0241584870064774,0.0114242570655059,0.0145553593225746,0.0237740378804641,0.0196173478902026,0.00537259000072265,0.00537259000072346,0.0819322688588734,0.102280502034662,0.196953396546241,0.0523409720843702
School of Arts and Sciences,Department of Art,ARTH,2014,0.633946700870905,0.00433427443717493,0.0285192045103212,0.00433427443717784,0.026047813456015,0.00433427443717828,0.0424529543818484,0.0181630497854486,0.00502608036991528,0.00863308537561842,0.0080178427142722,0.00514607387855414,0.00433427443717554,0.00433427443717701,0.0043342744371749,0.00533601783764808,0.0800544919854222,0.0702917005304284,0.0348824861596899,0.00747685152085473
School of Arts and Sciences,Department of Art,ARTH,2015,0.621460709908363,0.003761995850725,0.019915509679596,0.00376199585072743,0.0247136563075001,0.004288117547227,0.0487964594741264,0.0171055510113342,0.00442952789108839,0.00790997131764253,0.00455253444687547,0.00813313043123197,0.00376199585072575,0.00376199585072726,0.00376199585072539,0.00472859035995323,0.0666367868633608,0.0776960259828979,0.0640291424533527,0.00679430707181962
School of Arts and Sciences,Department of Art,ARTH,2016,0.623856070083325,0.00377270105150842,0.0199262148803793,0.00377270105151078,0.0249116995039678,0.00429882274801055,0.0492119357838615,0.0213062077759858,0.0044402330918717,0.00792067651842569,0.00377270105150859,0.00899171991449726,0.00377270105150922,0.00377270105151097,0.0037727010515089,0.00473929556073669,0.0666474920641443,0.0680264422883799,0.0662819712047549,0.00680501227260307
School of Arts and Sciences,Department of Art,ARTH,2017,0.624045330661282,0.00380297562415641,0.0199713612720583,0.00380297562415876,0.0249837054718516,0.00432933085540124,0.0483943545170013,0.0215187740589528,0.00450045024728712,0.00820188411852014,0.00380297562415649,0.00917471286062782,0.00380297562415725,0.00380297562415909,0.00380297562415685,0.00476957013338464,0.0666777666368234,0.0678088882569872,0.0675265042955924,0.00527951286928559
School of Arts and Sciences,Department of Art,ARTH,2018,0.697992743426037,0.00177564176464716,0.0198295689851459,0.00177564176464969,0.0254015812115085,0.00236362385028753,0.0509918114258122,0.0191290556623106,0.00255516035905111,0.00669167471884319,0.00177564176464728,0.00585701682948492,0.00227501297745372,0.00177564176465011,0.00177564176464769,0.00285595327496118,0.0031587838451085,0.075248654284262,0.0733452567271957,0.00342589359929566
School of Arts and Sciences,Department of Art,ARTH,2019,0.687085484642462,0.00172187590144751,0.0245206670463772,0.00172187590144959,0.0244562704635212,0.00228766998385599,0.0513484198284262,0.0184204439916517,0.00812256948292178,0.00645239817812647,0.00172187590144733,0.00564923681289497,0.00639974350780647,0.00172187590145002,0.00172187590144775,0.00276142093967381,0.00305282394113651,0.0724223219108882,0.071190783566505,0.00722036619651049
School of Arts and Sciences,Department of Art,ARTH,2020,0.644065682777049,0.00174675698813251,0.0367707254999475,0.00174675698813407,0.0236976951939254,0.00461704210480105,0.0457469493641565,0.0424912063903012,0.00763537454331568,0.00679496368749193,0.00375848543745675,0.00553130477552725,0.00796989127234544,0.00544172642998134,0.00174675698813259,0.00274850038860489,0.0150878687656878,0.0555220943812637,0.0777291987070295,0.00915101931671622
School of Arts and Sciences,Department of Art,ARTH,2021,0.63212918136071,0.00168822828491759,0.0369025587905103,0.00168822828491837,0.0269523664289621,0.00436391780045635,0.04892920193512,0.0427126098704497,0.00717761753127475,0.00733710644981946,0.00410802166415406,0.00521619656130216,0.0150986308134003,0.00513269132392848,0.00168822828491721,0.00367567412748483,0.0144299973792781,0.0518177800920741,0.0775311305162457,0.0114206325000763
School of Arts and Sciences,Department of Art,ARTH,2022,0.632129139097411,0.00168822828491759,0.0369025587905103,0.00168822828491837,0.0269523664289621,0.00436391780045636,0.04892920193512,0.0427126521337492,0.00717761753127475,0.00733710644981946,0.00410802166415406,0.00521619656130216,0.0150986308134003,0.00513269132392849,0.00168822828491721,0.00367567412748483,0.0144299973792781,0.0518177800920741,0.0775311305162457,0.0114206325000763
School of Arts and Sciences,Department of Art,ARTH,2023,0.626126123850741,0.00140712237695577,0.0548181478600114,0.00140712237695452,0.0198185930414849,0.00408281189249477,0.0486480960271585,0.0424315462257837,0.00689651162331318,0.00705600054185793,0.00382691575619254,0.00493509065334006,0.0148175249054387,0.00485158541596696,0.00140712237695568,0.0033945682195233,0.0141488914713166,0.0515366741841122,0.0772500246082841,0.0111395265921147
School of Arts and Sciences,Department of Art,ARTH,2024,0.626125164218432,0.00140616274464679,0.0548171882277024,0.00140616274464554,0.0198176334091758,0.00408185226018578,0.0486471363948495,0.0424305865934747,0.0068955519910042,0.00705504090954894,0.00382595612388355,0.00484898654799246,0.0148165652731297,0.00485062578365797,0.00140616274464669,0.00339360858721431,0.0141479318390076,0.0515357145518032,0.0773534020951935,0.0111385669598057
School of Arts and Sciences,Department of Art,ARTH,,0.633946700870905,0.00433427443717493,0.0285192045103212,0.00433427443717784,0.026047813456015,0.00433427443717828,0.0424529543818484,0.0181630497854486,0.00502608036991528,0.00863308537561842,0.0080178427142722,0.00514607387855414,0.00433427443717554,0.00433427443717701,0.0043342744371749,0.00533601783764808,0.0800544919854222,0.0702917005304284,0.0348824861596899,0.00747685152085473
School of Arts and Sciences,Department of Art,ARTS,2014,0.226480653338736,0.0169913038142489,0.0600383187138828,0.0262498918010465,0.0413004222216633,0.250204355917499,0.0157635237601498,0.00713625857414964,0.00631011361494719,0.0084936737834541,0.0148449539672108,0.0923423668045764,0.026462434840678,0.00631011361494547,0.00631011361494645,0.0101834569779122,0.10979628869012,0.0370101905924137,0.0182441043393265,0.019527461018094
School of Arts and Sciences,Department of Art,ARTS,2015,0.215901191029658,0.0179830050359554,0.0643402253156073,0.0281549431930847,0.0445938295089495,0.20993866762254,0.0166698734340064,0.00722096394457811,0.00631613851307077,0.0100895495495746,0.0144879707575154,0.128259526488085,0.0264994920606868,0.00631613851306877,0.00631613851306975,0.0105583717201269,0.105830785561275,0.0403442085495255,0.0193866997826284,0.0207922809069933
School of Arts and Sciences,Department of Art,ARTS,2016,0.210824568765933,0.0210079376150472,0.0670006429372031,0.0292265929351285,0.0372798710053272,0.208291212917332,0.0182021408851049,0.0073748945210989,0.00641327192204951,0.00985043559589729,0.0137500252621146,0.128001474781893,0.0433178625294685,0.00641327192204673,0.00641327192204767,0.01349467887266,0.108355105483623,0.037587855318934,0.0125281039256318,0.0146667808814593
School of Arts and Sciences,Department of Art,ARTS,2017,0.210619551790699,0.0214729599977126,0.0673457306660612,0.0292695107358937,0.0368162608244107,0.208059376389349,0.0188184224118703,0.00738136972239298,0.00645308935546511,0.0099327931460482,0.0132156577042761,0.126094012367208,0.0432244698499996,0.00645308935546151,0.00645308935546241,0.0140768813964538,0.108394922917081,0.0392583590438869,0.0117682089198785,0.0148922440503904
School of Arts and Sciences,Department of Art,ARTS,2018,0.252874202376351,0.0224145217242878,0.0754189138882088,0.0309708599560975,0.0410678653559184,0.240159861894729,0.0161351775071046,0.00457501641333751,0.00346137464932925,0.0074083871465016,0.0113860164686456,0.14873247217401,0.0475980693521323,0.00346137464932464,0.00346137464932585,0.0132081375389212,0.00682528741375636,0.0433085840484583,0.0126731163289011,0.0148593864646596
School of Arts and Sciences,Department of Art,ARTS,2019,0.262852592023579,0.0223981772101445,0.0754025693740658,0.0309545154419542,0.0410515208417752,0.211247495907736,0.016118832992961,0.00455867189919383,0.0103263042849452,0.00739204263235815,0.0113696719545016,0.148716127659867,0.0544094310054969,0.00344503013518089,0.00344503013518219,0.0131917930247767,0.00680894289961274,0.048811436811397,0.0126567718147572,0.0148430419505158
School of Arts and Sciences,Department of Art,ARTS,2020,0.273355625831487,0.0223835109105699,0.0789977654177435,0.0308930598313295,0.0410368545422007,0.207134616156255,0.0161041666933864,0.00454400559961921,0.0103116379853706,0.00737737633278375,0.0103625423274026,0.143264934048006,0.0535818777953963,0.00343036383560617,0.00343036383560752,0.0126788186342215,0.00679427660003814,0.0487967705118224,0.0115495781982356,0.0139718549129192
School of Arts and Sciences,Department of Art,ARTS,2021,0.273355625831487,0.0223835109105699,0.0789977654177435,0.0308930598313295,0.0410368545422007,0.207134616156255,0.0161041666933864,0.00454400559961921,0.0103116379853706,0.00737737633278375,0.0103625423274026,0.143264934048006,0.0535818777953963,0.00343036383560617,0.00343036383560752,0.0126788186342215,0.00679427660003814,0.0487967705118224,0.0115495781982356,0.0139718549129192
School of Arts and Sciences,Department of Art,ARTS,2022,0.27177325379294,0.030514767080526,0.0767552689669266,0.0300249835401243,0.0398789555449706,0.201401191096883,0.0156586302061224,0.00442875942932001,0.0198073504702791,0.0071811767129654,0.00795853506917008,0.144095384255907,0.0520655495623608,0.00334693600142165,0.00334693600142305,0.0123311492343624,0.00661473697258413,0.0479950216314976,0.0112341728108331,0.0135872416193829
School of Arts and Sciences,Department of Art,ARTS,2023,0.2672643030087,0.0302518293407645,0.128779554675744,0.0297476404021118,0.0215343786610408,0.206164324651721,0.0149587472641734,0.00339858617040644,0.0192294887125692,0.00623195690357103,0.00703217874083734,0.123168035569154,0.0524364583661836,0.00228494440639349,0.00228494440639424,0.00810696827109459,0.00564885717082498,0.0482462090255866,0.010404158769023,0.0128264354837066
School of Arts and Sciences,Department of Art,ARTS,2024,0.268939558786332,0.0295088297395235,0.126324773432705,0.0570771413433744,0.0210404490792196,0.204042732776953,0.0161517265682519,0.00342282208831778,0.0188014131292755,0.00452805624386151,0.011185289333495,0.082406330995233,0.0561070681214459,0.00234099866041963,0.00234099866042074,0.0079966789861292,0.00560879963158157,0.0593667926752501,0.0102282354698313,0.0125813042783804
School of Arts and Sciences,Department of Art,ARTS,,0.212088997103903,0.0188735075296775,0.0675154299431441,0.0295208837144954,0.0468289936982039,0.220867972238417,0.017461560467463,0.00754020550356323,0.0065901388004801,0.00910123299426165,0.0151705626571474,0.101483263172663,0.0276524289344557,0.0065901388004786,0.00659013880047955,0.0110444836678899,0.111080518201095,0.0418952273245672,0.0203142281335162,0.0217900883140989
School of Arts and Sciences,Department of Art,GDES,2014,0.0261381805111134,0.0177968621143782,0.080764503602025,0.00665579712218286,0.0330534733691689,0.35955076285562,0.00665579712218321,0.00665579712218306,0.179726510022619,0.00792660595789036,0.00665579712218294,0.00665579712218486,0.0825792236297119,0.00665579712217667,0.00665579712217753,0.00665579712217953,0.112246502110063,0.0246525465779766,0.00665579712217838,0.0156626551498043
School of Arts and Sciences,Department of Art,GDES,2015,0.0261381805111134,0.0177968621143782,0.080764503602025,0.00665579712218286,0.0330534733691689,0.35955076285562,0.00665579712218321,0.00665579712218306,0.179726510022619,0.00792660595789036,0.00665579712218294,0.00665579712218486,0.0825792236297119,0.00665579712217667,0.00665579712217753,0.00665579712217953,0.112246502110063,0.0246525465779766,0.00665579712217838,0.0156626551498043
School of Arts and Sciences,Department of Art,GDES,2016,0.0261261156661934,0.0177847972694582,0.0807524387571062,0.00664373227726289,0.0330414085242496,0.354801578116818,0.00664373227726309,0.0066437322772631,0.179714445177699,0.0079145411129705,0.00664373227726311,0.00664373227726482,0.0875455755770713,0.00664373227725676,0.00664373227725771,0.00664373227725993,0.112234437265143,0.0246404817330569,0.00664373227725822,0.0156505903048845
School of Arts and Sciences,Department of Art,GDES,2017,0.026327734059228,0.0181312873808613,0.0807733975413459,0.00666376750588523,0.033061443752865,0.347925097403872,0.00666376750588109,0.0066637675058802,0.181481689498818,0.00796676675756206,0.00666376750588528,0.00666376750588458,0.0888921849215483,0.00666376750587904,0.00666376750588001,0.00666376750588228,0.11225447249382,0.025619254985243,0.00666376750588051,0.017592763651899
School of Arts and Sciences,Department of Art,GDES,2018,0.0280414137911833,0.0185035496004485,0.0939966849522372,0.00348778762679562,0.0357516141508819,0.417660040546654,0.00348778762679068,0.0034877876267896,0.218973397672705,0.00508343125915704,0.00348778762679563,0.0034877876267948,0.104623169414114,0.0034877876267881,0.00348778762678937,0.00348778762679193,0.00348778762678827,0.0269197546640252,0.00348778762678985,0.0155690676806797
School of Arts and Sciences,Department of Art,GDES,2019,0.0372907035739985,0.0175664091386154,0.0890862215771518,0.00334095042673322,0.0339066808179728,0.420897361793529,0.0033409504267286,0.0033409504267275,0.20748521257549,0.00485261281528628,0.00334095042673395,0.00334095042673274,0.107355213666802,0.00334095042672622,0.00334095042672748,0.0033409504267302,0.00334095042672633,0.0317065554654541,0.00334095042672809,0.0164435243084061
School of Arts and Sciences,Department of Art,GDES,2020,0.0354657364594901,0.0167276567458762,0.108747777027448,0.00321347096958783,0.0322509148412649,0.396466390410471,0.00321347096958381,0.00321347096958233,0.216668756025034,0.00464955023871314,0.00321347096958841,0.00321347096958719,0.102809629616346,0.00321347096958136,0.00321347096958224,0.00816324445707705,0.00321347096958119,0.0276412377234602,0.00321347096958293,0.0214878677285621
School of Arts and Sciences,Department of Art,GDES,2021,0.0320309496898189,0.0171209595535026,0.121013464018682,0.00322827859411329,0.0322657224657914,0.391022765735316,0.0153586983844691,0.00322827859410795,0.210448559692805,0.00470966354565569,0.00322827859411506,0.00322827859411282,0.0802420480334439,0.00322827859410684,0.00322827859410785,0.0214363604945081,0.00322827859410715,0.0271170762419081,0.00322827859410846,0.0214075033912213
School of Arts and Sciences,Department of Art,GDES,2022,0.0320309496898189,0.0171209595535026,0.121013464018682,0.00322827859411329,0.0322657224657914,0.391202003166923,0.0153586983844691,0.00322827859410795,0.210448559692805,0.00470966354565569,0.00322827859411506,0.00322827859411283,0.0800628106018368,0.00322827859410684,0.00322827859410785,0.0214363604945081,0.00322827859410715,0.0271170762419081,0.00322827859410846,0.0214075033912213
School of Arts and Sciences,Department of Art,GDES,2023,0.0309060444919552,0.0159960543556383,0.157990160762256,0.00210337339624394,0.0155373192837727,0.390077097969059,0.0142337931866054,0.00210337339624429,0.209323654494941,0.00358475834779225,0.00210337339624933,0.00210337339624781,0.0789379054039733,0.0021033733962434,0.00210337339624441,0.0203114552966447,0.00210337339624371,0.0259921710440426,0.00210337339624502,0.0202825981933579
School of Arts and Sciences,Department of Art,GDES,2024,0.0309060444919552,0.0159960543556383,0.157990160762256,0.00210337339624394,0.0155373192837727,0.390077097969059,0.0142337931866054,0.00210337339624429,0.209323654494941,0.00358475834779225,0.00210337339624933,0.00210337339624781,0.0789379054039733,0.0021033733962434,0.00210337339624441,0.0203114552966447,0.00210337339624371,0.0259921710440426,0.00210337339624502,0.0202825981933579
School of Arts and Sciences,Department of Biology,BIO,2014,0.00531268410019209,0.00531268410018855,0.0834629285293869,0.0905041114736046,0.0545617235490653,0.00531268410019103,0.0588547585068438,0.00695277873476716,0.0424918685478988,0.0164164728974196,0.0053126841001901,0.00531268410019133,0.00608122165054301,0.0224853659743098,0.0874929226517833,0.0312787259068423,0.361978107316492,0.0755434301766934,0.02242553581323,0.0129066277701668
School of Arts and Sciences,Department of Biology,BIO,2015,0.005000734476144,0.00500073447614068,0.0787579851188762,0.0844164718581382,0.0509108559962803,0.00500073447614299,0.0543530683715989,0.00652963625413775,0.0679173653717697,0.017523813297627,0.00500073447614212,0.0050007344761433,0.00571716778579309,0.0208522563414561,0.081609431431017,0.0292063666687839,0.365231460841236,0.0798783459515687,0.0209533928527045,0.0111387094782999
School of Arts and Sciences,Department of Biology,BIO,2016,0.00619449890255647,0.00495423667232085,0.0819593558105627,0.0828377849115464,0.0510246476477915,0.00964426145214878,0.0534387461116335,0.00645765675401788,0.0689900950831245,0.0173542009587918,0.00495423667232218,0.00495423667232374,0.00565872942681302,0.0205415665065477,0.0808084754225845,0.0293724208876268,0.36102203698798,0.0795327334397558,0.0196601498578927,0.0106399298216587
School of Arts and Sciences,Department of Biology,BIO,2017,0.00601430811320201,0.00496884931138395,0.0799790390142188,0.096814687456242,0.0519391065878233,0.00920523685039872,0.0548344170628216,0.00639959729007947,0.0693129430242873,0.0171613089575519,0.0049688493113845,0.00496884931138511,0.00566219377942997,0.0201298926746398,0.0778893151122164,0.0287205245243043,0.351424476852228,0.0794006922787232,0.0194299770516342,0.010775735436046
School of Arts and Sciences,Department of Biology,BIO,2018,0.00483249646715735,0.00278114864118345,0.0778364406643313,0.0991421403260481,0.0509587198035316,0.00723457073526166,0.068839974478642,0.00424707493458112,0.0708838646244996,0.0184020184086264,0.00388364171389456,0.00278114864118481,0.00348522123891294,0.0189718294007109,0.124186808657975,0.0299335972758398,0.298396723829043,0.0838693930415579,0.0187922205450225,0.0105409665719964
School of Arts and Sciences,Department of Biology,BIO,2019,0.00767484039226697,0.00260086151533615,0.0733523783152212,0.128170254084068,0.0574812826890983,0.00670083741147176,0.0553712682415607,0.00672691409236245,0.0909804373667727,0.0146035098495125,0.00361585513783112,0.00260086151533694,0.0038969548910017,0.0175065676114094,0.116629842464128,0.0246911058872353,0.281798605050899,0.0776703809032478,0.0136357633691131,0.0142914792121269
School of Arts and Sciences,Department of Biology,BIO,2020,0.00790335564488875,0.00247076185760812,0.0802974657224331,0.118390359235242,0.0528830571473881,0.0224405263200743,0.0657619578245851,0.0062020303615196,0.0841267997960333,0.0143648818554966,0.00341112359609649,0.00247076185760917,0.00303388517675909,0.0162223261194817,0.114906247732421,0.0280014418932635,0.261230549561617,0.0674552506633729,0.032151351698705,0.0162758659354048
School of Arts and Sciences,Department of Biology,BIO,2021,0.00899386211349627,0.00233858654430428,0.0802679159542673,0.140309192594694,0.0469565810629361,0.0196899476689182,0.0776368343180516,0.00581428871233165,0.0839758106039059,0.0129409509637764,0.00321453994454007,0.00233858654430524,0.00286313977310201,0.0163729047707469,0.109901124553403,0.0261434021401355,0.246082330879967,0.0646926746693408,0.0342691906394991,0.0151981355482791
School of Arts and Sciences,Department of Biology,BIO,2022,0.00957830635316825,0.00235915942486696,0.0786413032117717,0.153725207213979,0.0463742080716249,0.0194760426964454,0.0669561835871301,0.00578789264467736,0.0860836437801389,0.0119983775715307,0.003223275616991,0.00235915942486765,0.00287662409651845,0.0162038247023033,0.111235672788409,0.025842288323457,0.24015559032376,0.0640428394870927,0.0364256636671343,0.0166547370141327
School of Arts and Sciences,Department of Biology,BIO,2023,0.00964125812312196,0.00183640499002971,0.102138432750973,0.152858820032872,0.0296369385515484,0.0187250631513206,0.0626891132986135,0.00646271893468146,0.0855851423241115,0.0126075467741913,0.00183640499002845,0.00183640499002991,0.00234697013272618,0.0155228106829683,0.124269437268433,0.0250064255033055,0.238037514448879,0.0579414016742121,0.0354301525013273,0.0155910388766278
School of Arts and Sciences,Department of Biology,BIO,2024,0.0104391257382671,0.00178718054007024,0.0970106246169146,0.154645878099825,0.0281800921491065,0.0178207167691435,0.0595587390608773,0.00617925074068893,0.0812954754774894,0.0120129480566788,0.00178718054006856,0.00178718054007029,0.00227189428313637,0.0147806036662776,0.136091002816316,0.0367804172692496,0.229842743677304,0.0550514178984722,0.0378321507921909,0.0148453772678529
School of Arts and Sciences,Department of Biology,BIO,,0.00383894088301519,0.0038389408830106,0.0472503014513553,0.176911365304543,0.0667916428960325,0.00383894088301449,0.0533496228433839,0.00606483268651642,0.00383894088301434,0.011459446138309,0.00383894088301478,0.00383894088301291,0.00595241914648611,0.0481892554244984,0.122761346248173,0.0160749667315284,0.386217977348448,0.0150774202182196,0.0122235663012147,0.00864219196320895
School of Arts and Sciences,Department of Biology,PSM,2014,0.00724494686820518,0.140061924043651,0.225703291053403,0.214662325750144,0.152432166226667,0.00724494686820848,0.00724494686820425,0.00724494686820571,0.00724494686821653,0.0224176288201559,0.00724494686820903,0.00724494686820748,0.122639457701904,0.0278988971172961,0.00724494686820788,0.00724494686820832,0.00724494686820653,0.00724494686823421,0.00724494686820787,0.00724494686825768
School of Arts and Sciences,Department of Biology,PSM,2015,0.00724494686820518,0.140061924043651,0.225703291053403,0.214662325750144,0.152432166226667,0.00724494686820848,0.00724494686820425,0.00724494686820571,0.00724494686821653,0.0224176288201559,0.00724494686820903,0.00724494686820748,0.122639457701904,0.0278988971172961,0.00724494686820788,0.00724494686820832,0.00724494686820653,0.00724494686823421,0.00724494686820787,0.00724494686825768
School of Arts and Sciences,Department of Biology,PSM,2016,0.00724494686820518,0.140061924043651,0.225703291053403,0.214662325750144,0.152432166226667,0.00724494686820848,0.00724494686820425,0.00724494686820571,0.00724494686821653,0.0224176288201559,0.00724494686820903,0.00724494686820748,0.122639457701904,0.0278988971172961,0.00724494686820788,0.00724494686820832,0.00724494686820653,0.00724494686823421,0.00724494686820787,0.00724494686825768
School of Arts and Sciences,Department of Biology,PSM,2017,0.009980394691994,0.113603195332462,0.184747070040153,0.17377383644759,0.126130170178764,0.00998039469199662,0.0099803946919934,0.00998039469199438,0.00998039469200323,0.0233408024656496,0.00998039469199705,0.00998039469199582,0.103515797095174,0.0289942219574604,0.00998039469199606,0.00998039469199678,0.12613017017873,0.00998039469201782,0.00998039469199623,0.00998039469203661
School of Arts and Sciences,Department of Biology,PSM,2018,0.00723485433291314,0.130714667774235,0.225693198518112,0.226658318285548,0.152422073691376,0.00723485433291756,0.00723485433291271,0.00723485433291391,0.00723485433292488,0.0228407750192702,0.00723485433291762,0.00723485433291577,0.117629745066849,0.0299881153166219,0.00723485433291593,0.00723485433291691,0.00723485433291447,0.0072348543329433,0.00723485433291621,0.00723485433296656
School of Arts and Sciences,Department of Biology,PSM,2019,0.00940925918181197,0.174049010436906,0.300687051428742,0.120577997338697,0.202992218326429,0.00940925918181647,0.00940925918181141,0.00940925918181297,0.00940925918182572,0.0302171534302875,0.00940925918181625,0.00940925918181287,0.00940925918182024,0.0397469404934234,0.00940925918181319,0.00940925918181581,0.00940925918181337,0.00940925918184876,0.00940925918181554,0.00940925918188156
School of Arts and Sciences,Department of Biology,PSM,2020,0.00940925918181197,0.174049010436906,0.300687051428742,0.120577997338697,0.202992218326429,0.00940925918181647,0.00940925918181141,0.00940925918181297,0.00940925918182572,0.0302171534302875,0.00940925918181625,0.00940925918181287,0.00940925918182024,0.0397469404934234,0.00940925918181319,0.00940925918181581,0.00940925918181337,0.00940925918184876,0.00940925918181554,0.00940925918188156
School of Arts and Sciences,Department of Biology,PSM,2021,0.00940925918181197,0.174049010436906,0.300687051428742,0.120577997338697,0.202992218326429,0.00940925918181647,0.00940925918181141,0.00940925918181297,0.00940925918182572,0.0302171534302875,0.00940925918181625,0.00940925918181287,0.00940925918182024,0.0397469404934234,0.00940925918181319,0.00940925918181581,0.00940925918181337,0.00940925918184876,0.00940925918181554,0.00940925918188156
School of Arts and Sciences,Department of Biology,PSM,2022,0.00940925918181197,0.174049010436906,0.300687051428742,0.120577997338697,0.202992218326429,0.00940925918181647,0.00940925918181141,0.00940925918181297,0.00940925918182572,0.0302171534302875,0.00940925918181625,0.00940925918181287,0.00940925918182024,0.0397469404934234,0.00940925918181319,0.00940925918181581,0.00940925918181337,0.00940925918184876,0.00940925918181554,0.00940925918188156
School of Arts and Sciences,Department of Biology,PSM,2023,0.00510983543165183,0.169749586686737,0.486399422576266,0.116278573588531,0.0946694746818715,0.00510983543165439,0.00510983543165144,0.00510983543165294,0.00510983543165904,0.0259177296801263,0.00510983543165432,0.00510983543165232,0.00510983543165617,0.0354475167432619,0.005109835431653,0.00510983543165358,0.00510983543165341,0.00510983543167118,0.005109835431654,0.00510983543168753
School of Arts and Sciences,Department of Biology,PSM,2024,0.00510983543165183,0.169749586686737,0.486399422576266,0.116278573588531,0.0946694746818715,0.00510983543165439,0.00510983543165144,0.00510983543165294,0.00510983543165904,0.0259177296801263,0.00510983543165432,0.00510983543165232,0.00510983543165617,0.0354475167432619,0.005109835431653,0.00510983543165358,0.00510983543165341,0.00510983543167118,0.005109835431654,0.00510983543168753
School of Arts and Sciences,Department of Biology and Chemistry,BEHS,2024,0.00270561692938009,0.0027056169293837,0.179013933687683,0.121953125354691,0.207308989565231,0.0503534008440442,0.0253580096026279,0.00270561692938054,0.00799535221938203,0.0627038579073937,0.00566937015039318,0.011683703485281,0.00270561692938093,0.0614223622703511,0.0164839200168633,0.00270561692938399,0.065466620758926,0.117553175265875,0.00644467074115308,0.0470614234831959
School of Arts and Sciences,Department of Chemistry,CHEM,2014,0.00686396932395961,0.00636393605521708,0.127697797217504,0.00626017663426039,0.0344646249897746,0.0135106614236322,0.0212186713105222,0.00553697981106073,0.0196590050184423,0.0222606374132918,0.0102420358009525,0.00553697981106136,0.00553697981105673,0.00553697981105565,0.00919418084427111,0.116861331204343,0.48231276315414,0.0793267486027876,0.0112597357081552,0.0103558060545119
School of Arts and Sciences,Department of Chemistry,CHEM,2015,0.00593537897179002,0.00551996671775771,0.106320405221811,0.00543376658342435,0.0288651544480049,0.011457246254595,0.0188716444855182,0.00483295691492017,0.0209100429553901,0.0187264570767731,0.0087417726603689,0.00483295691492098,0.00483295691491673,0.00483295691491561,0.00787124700404874,0.108068468375949,0.513238834683005,0.102284250986058,0.00958724642942916,0.00883628948640275
School of Arts and Sciences,Department of Chemistry,CHEM,2016,0.00614667786181213,0.00551058640477686,0.106960082106163,0.00542438627044333,0.0288557741350237,0.0115759562077176,0.0167868427437486,0.00482357660193929,0.0208339545203467,0.0188749742104194,0.00713268722162772,0.00482357660194007,0.00482357660193592,0.00482357660193484,0.00786186669106788,0.109863346563205,0.515872507727114,0.100601275638913,0.00957786611644835,0.00882690917342196
School of Arts and Sciences,Department of Chemistry,CHEM,2017,0.00521684992951902,0.00467734617065405,0.0919023156207191,0.00779875134576214,0.0249098422035303,0.00997480600645802,0.0160113561189983,0.00408193767485782,0.0182729174134099,0.0311747173586164,0.00604070189215457,0.00515267082071101,0.00408193767485789,0.00408193767485661,0.0130234376363367,0.153399697175631,0.49312799803925,0.0915421688886486,0.00818671171299523,0.00734189864203315
School of Arts and Sciences,Department of Chemistry,CHEM,2018,0.00646242415511831,0.00325767555675512,0.0912082105901481,0.00698050769465269,0.0251575012285165,0.00879422060652617,0.0145439778644936,0.0026104969509256,0.0166891633672781,0.0324452696296223,0.00441343050849155,0.00352852836674384,0.00261049695092606,0.0026104969509246,0.0123643821984227,0.16394393744966,0.487871999543382,0.101209945249815,0.00714340235278588,0.00615393278481234
School of Arts and Sciences,Department of Chemistry,CHEM,2019,0.00566602188616654,0.00358878768091637,0.0996181785186811,0.00913258053332736,0.0250794391853179,0.00772768747180254,0.0144659158212947,0.00253243490772681,0.0152865341105025,0.0310818056894631,0.00441659088460644,0.00345046632354502,0.00253243490772799,0.00253243490772625,0.0107439847495739,0.169453744235535,0.475725680750033,0.103791604724689,0.00709780196975104,0.00607587074161323
School of Arts and Sciences,Department of Chemistry,CHEM,2020,0.0108821409244005,0.00335762092680569,0.102298546794003,0.00898794428464606,0.0230303140310577,0.00782856972696062,0.0141420001621275,0.00244729114090839,0.0177968895551355,0.0290676503833386,0.00426196172580094,0.00330329340700934,0.0024472911409097,0.00244729114090773,0.0100675576903434,0.173724238318354,0.467606863962325,0.103819432571081,0.00673179647921709,0.00575130563466849
School of Arts and Sciences,Department of Chemistry,CHEM,2021,0.0108821409244005,0.00335762092680569,0.102298546794003,0.00898794428464606,0.0230303140310577,0.00782856972696062,0.0141420001621275,0.00244729114090839,0.0177968895551355,0.0290676503833386,0.00426196172580094,0.00330329340700934,0.0024472911409097,0.00244729114090773,0.0100675576903434,0.173724238318354,0.467606863962325,0.103819432571081,0.00673179647921709,0.00575130563466849
School of Arts and Sciences,Department of Chemistry,CHEM,2022,0.0112759523512394,0.00336094561025279,0.102665191304166,0.00902359255376722,0.0230336387145048,0.00783189441040774,0.0141453248455746,0.00245061582435548,0.0179849042009944,0.0298099996992184,0.0039520740400609,0.00330661809045649,0.00245061582435681,0.00245061582435491,0.0100708823737905,0.173027757078576,0.467276362916885,0.10277185532845,0.00648851485271897,0.00662264415586951
School of Arts and Sciences,Department of Chemistry,CHEM,2023,0.0145867031286413,0.00277376454141199,0.121547167715497,0.00821578887673571,0.013574275844639,0.00707052053117154,0.012111362823159,0.00271398662635399,0.0181774277029629,0.030170530755428,0.00334186199343479,0.0040788849595344,0.00189890214977187,0.00189890214977035,0.00738265013791635,0.191129019680209,0.439885489408783,0.104591188381874,0.00737101220080985,0.00748056039189594
School of Arts and Sciences,Department of Chemistry,CHEM,2024,0.0145788428028164,0.00276590421558714,0.122275742405164,0.00820792855091093,0.0135664155188141,0.00706266020534665,0.0132839216101995,0.00267980814677099,0.0180955579939195,0.0301626704296032,0.0033211750406396,0.00407102463370955,0.00189104182394704,0.00189104182394552,0.00734422416069838,0.190269662364189,0.440172093367432,0.104138702375377,0.00696142502329866,0.00726015750763067
School of Arts and Sciences,Department of Computer Science,CSC,2014,0.00572014486219327,0.0103509961805038,0.122805431981593,0.0383276936541448,0.0636473394841252,0.0315348784086073,0.0237326460373098,0.0113147763126266,0.331392633549868,0.00734284947705503,0.0181654334292425,0.0540732837608716,0.020362396812974,0.00572014486218949,0.0188037290806674,0.0806196877914462,0.0685809593618186,0.038508871874664,0.0408665635786256,0.00812953949947434
School of Arts and Sciences,Department of Computer Science,CSC,2015,0.00572014486219327,0.0103509961805038,0.122805431981593,0.0383276936541448,0.0636473394841252,0.0315348784086073,0.0237326460373098,0.0113147763126266,0.331392633549868,0.00734284947705503,0.0181654334292425,0.0540732837608716,0.020362396812974,0.00572014486218949,0.0188037290806674,0.0806196877914462,0.0685809593618186,0.038508871874664,0.0408665635786256,0.00812953949947434
School of Arts and Sciences,Department of Computer Science,CSC,2016,0.00556902782166182,0.0103599679409719,0.110032965117861,0.0535894045013908,0.0694390639587346,0.0307383930294155,0.0231312164674002,0.0110237934858343,0.329514607342811,0.00715116482115266,0.0117734878223213,0.0577473320103792,0.00965637279023559,0.00556902782165765,0.0183255224346737,0.0907755199164631,0.0668583219587967,0.0403629511990552,0.0397343816368137,0.00864747792236996
School of Arts and Sciences,Department of Computer Science,CSC,2017,0.00586256753535522,0.00984026274060642,0.109537703714715,0.0531849395190866,0.0689830354022412,0.0289585214454115,0.0228518226163642,0.0104371479269805,0.332341830187313,0.0073843841520082,0.0164747916019179,0.0571864188023227,0.0111750875627305,0.00586256753535532,0.0158968171572036,0.0888460433827584,0.0766989332444011,0.0327479399893692,0.0365056209332021,0.00922356455065727
School of Arts and Sciences,Department of Computer Science,CSC,2018,0.00283474492335484,0.0282081622166513,0.0764618330894939,0.0444162583756061,0.0458932292853553,0.0569356250219366,0.0213294123562235,0.00543097286300594,0.419775359931382,0.00388580410689653,0.0166512746668922,0.0604447775983365,0.0071457484356478,0.00283474492335527,0.0188065079553598,0.123606367983988,0.00402468274481419,0.029049444380649,0.0264965914329681,0.00576845770808294
School of Arts and Sciences,Department of Computer Science,CSC,2019,0.00262528989713798,0.0248928136267323,0.0780403002327684,0.0430357880707916,0.0483424580112545,0.0518079081685768,0.0134656477470705,0.0049854971150024,0.442161622352891,0.00717381059735261,0.0096943398679957,0.0870687744848858,0.00650335420196821,0.00262528989713877,0.017145074471688,0.106152594468753,0.00370705155301029,0.0218966916448259,0.0233564675497754,0.00531922604038109
School of Arts and Sciences,Department of Computer Science,CSC,2020,0.00368523833539749,0.0236857084421351,0.0846983546023628,0.0391101000537607,0.0460606237828316,0.049551203689633,0.019802445448603,0.00614643561375606,0.435737768116978,0.00685771905628807,0.00852683836654427,0.0826116703204052,0.00434637573491517,0.0047511983986411,0.0176513907403513,0.108639225816385,0.00250696012564837,0.0227540183875058,0.0278772821123371,0.00499944285552118
School of Arts and Sciences,Department of Computer Science,CSC,2021,0.0035989593269752,0.02435451232921,0.0759981307744856,0.0402393335411823,0.0392595692478122,0.050992111912454,0.0203553310373637,0.00629167911789446,0.437431060686087,0.00702419490199472,0.00874313866927352,0.0837440312681432,0.00443788610834199,0.0048547930306867,0.0181400657408061,0.110610894931687,0.00254356257044036,0.0258265517280322,0.0298895567270377,0.00566463635009257
School of Arts and Sciences,Department of Computer Science,CSC,2022,0.00355303860432405,0.0238659264468333,0.0748875163540771,0.0396545837859701,0.0386892277910312,0.050249233063546,0.0200629930836775,0.00620615957478859,0.439163350195252,0.00692790306794611,0.00862156825041241,0.0862076705496581,0.00437962822714149,0.00479040416533397,0.0178803052179517,0.112146225169218,0.00251316238832652,0.0251557564683185,0.0294570095720324,0.00558833802416041
School of Arts and Sciences,Department of Computer Science,CSC,2023,0.00279755865955446,0.0227545381517209,0.092583594781255,0.0373736864391562,0.0276584170444825,0.0516383985221222,0.0186099094285128,0.00533857592704192,0.445160540093589,0.00602982321626321,0.00888357581042024,0.085914399278516,0.00358922196028133,0.00398264116869101,0.0196812926877999,0.10719011333055,0.00233240058426786,0.0261274577607077,0.0276069956427123,0.00474685951235583
School of Arts and Sciences,Department of Computer Science,CSC,2024,0.00319218467897189,0.0218934850446703,0.0863303860210308,0.0484581755295226,0.0252387273381885,0.0541250112808698,0.0177061375728301,0.00514260852477105,0.445331937337816,0.00579698929190051,0.00849854174770253,0.0820603306686375,0.003486553436238,0.00385899028686545,0.018720380391622,0.110667978789826,0.00263318327173749,0.0254635462979031,0.026812402170028,0.0045824503188682
School of Arts and Sciences,Department of Computer Science,GAME,2014,0.0124925110506091,0.0123625150423859,0.0773117503663702,0.00480796439427684,0.0838968855068421,0.0495366099940967,0.00480796439428038,0.00480796439427718,0.145765349173018,0.00480796439428638,0.00480796439428025,0.0048079643942905,0.29569368297376,0.00480796439427879,0.00480796439427768,0.00480796439428695,0.0693356174424286,0.160996597118493,0.00480796439427762,0.0445288373891847
School of Arts and Sciences,Department of Computer Science,GAME,2015,0.0133395155583836,0.0132225191509789,0.0716768309425683,0.00642342356768078,0.0776034525689934,0.0466792046075215,0.00642342356768645,0.00642342356768402,0.133285069868547,0.00642342356769842,0.00642342356768385,0.00642342356769464,0.268220570289216,0.00642342356768254,0.00642342356768154,0.00642342356768988,0.122573199054355,0.146993193019475,0.00642342356768149,0.0421722092630979
School of Arts and Sciences,Department of Computer Science,GAME,2016,0.0460694137419538,0.0104395097059566,0.0555478497349354,0.00520943618034029,0.0600120118286001,0.0943612525869909,0.0052094361803461,0.00520943618034343,0.149391746461636,0.00520943618035409,0.00520943618034444,0.00520943618035257,0.254078031199239,0.00520943618034169,0.00520943618034216,0.00520943618035031,0.0945554173239365,0.110812858231465,0.00520943618034144,0.072637547381831
School of Arts and Sciences,Department of Computer Science,GAME,2017,0.0432506400010154,0.00940099013513154,0.0515032056741609,0.00488222472491843,0.054322467906172,0.0819987556438545,0.00488222472492019,0.00488222472491686,0.133473610496708,0.00488222472491814,0.004882224724922,0.00488222472492755,0.266081194601579,0.00488222472491962,0.0148991207272073,0.00488222472492783,0.087846350072586,0.14623936687049,0.00488222472492012,0.0670442753468045
School of Arts and Sciences,Department of Computer Science,GAME,2018,0.0320290035580281,0.00813025490035569,0.0565659009314405,0.00215290676241428,0.0595554040587238,0.0893355994360388,0.00215290676241605,0.00448553201546776,0.135297312698668,0.00215290676241361,0.00215290676241773,0.00215290676242413,0.357056654772696,0.00215290676241489,0.0140266076546506,0.00215290676242485,0.00215290676241357,0.146094042930195,0.00215290676241591,0.0780475261819815
School of Arts and Sciences,Department of Computer Science,GAME,2019,0.0312112675700124,0.0048979469797883,0.0565198478611316,0.00210685369210558,0.0595093509884155,0.0892895463657297,0.00210685369210655,0.00443947894515993,0.128110242513445,0.00210685369210508,0.00210685369210891,0.00210685369211534,0.384319522043641,0.00210685369210619,0.013980554584342,0.00210685369211618,0.00210685369210469,0.146047989859885,0.00210685369210698,0.0627125690594737
School of Arts and Sciences,Department of Computer Science,GAME,2020,0.0310502766999377,0.00488056812631079,0.0565024690076547,0.0020894748386285,0.0594919721349381,0.0892721675122522,0.00208947483862942,0.00442210009168369,0.130263058426868,0.00208947483862786,0.00208947483863153,0.00208947483863816,0.37756520321375,0.00208947483862895,0.0139631757308647,0.00208947483863835,0.00208947483862772,0.151088545302063,0.00208947483863016,0.0626951902059965
School of Arts and Sciences,Department of Computer Science,GAME,2021,0.0310502766999377,0.00488056812631079,0.0565024690076547,0.0020894748386285,0.0594919721349381,0.0892721675122522,0.00208947483862942,0.00442210009168369,0.130263058426868,0.00208947483862786,0.00208947483863153,0.00208947483863816,0.37756520321375,0.00208947483862895,0.0139631757308647,0.00208947483863835,0.00208947483862772,0.151088545302063,0.00208947483863016,0.0626951902059965
School of Arts and Sciences,Department of Computer Science,GAME,2022,0.0468705664816031,0.00436946910762781,0.0486168127202029,0.00197710343246579,0.0511792439721599,0.0767051257241454,0.00197710343246705,0.00397649650651616,0.114939378480325,0.00197710343247047,0.00197710343246931,0.00197710343247572,0.42369509791831,0.00197710343246669,0.0143656487947825,0.00197710343247772,0.00197710343246527,0.142137268549893,0.00197710343246859,0.0553509608522089
School of Arts and Sciences,Department of Computer Science,GAME,2023,0.0466282320336566,0.00404155465155895,0.0862320474852002,0.00164918897640175,0.0307870558547985,0.0763772112680712,0.00164918897640304,0.00364858205045225,0.138063890306171,0.00164918897640645,0.00164918897640399,0.00164918897640847,0.423804743718134,0.00164918897640219,0.0140377343387185,0.00164918897641003,0.00164918897640117,0.106513201109454,0.00164918897640455,0.0550230463961435
School of Arts and Sciences,Department of Computer Science,GAME,2024,0.0466282320336566,0.00404155465155895,0.0862320474852002,0.00164918897640175,0.0307870558547985,0.0763772112680712,0.00164918897640304,0.00364858205045225,0.138063890306171,0.00164918897640645,0.00164918897640399,0.00164918897640847,0.423804743718134,0.00164918897640219,0.0140377343387185,0.00164918897641003,0.00164918897640117,0.106513201109454,0.00164918897640455,0.0550230463961435
School of Arts and Sciences,"Department of Critical Race, Gender & Culture Studies",AFAM,2023,0.148972188078787,0.00470527839223214,0.121201861605552,0.248449159107966,0.0105926874662889,0.00245390863476159,0.0860049979789104,0.321686295008693,0.00245390863476092,0.00943668302523312,0.00245390863476215,0.00245390863476184,0.00501035725893872,0.00245390863476535,0.00245390863476232,0.00245390863476065,0.00757083665271064,0.00701241380658556,0.00972597254000257,0.00245390863476581
School of Arts and Sciences,"Department of Critical Race, Gender & Culture Studies",AFAM,2024,0.154750427047943,0.00401216739576071,0.101092653406859,0.207132067992197,0.00891834162413922,0.00213602593119994,0.116340695553058,0.328062958701439,0.00213602593119957,0.00795500458992624,0.00213602593120048,0.00213602593119995,0.00426639978468113,0.0105138022969159,0.00808578628682156,0.0021360259311993,0.0152435762786074,0.00593478024105898,0.0137752727289424,0.00323593641565128
School of Arts and Sciences,"Department of Critical Race, Gender & Culture Studies",APDS,2022,0.175207425022809,0.00227370344639977,0.163352039386798,0.00227370344639789,0.0581367277047239,0.00227370344639935,0.0850588560323091,0.264081948529125,0.00227370344639932,0.00730015259313657,0.0101769223544626,0.00227370344639967,0.00384268148957056,0.0294769978542492,0.00227370344639852,0.00227370344639704,0.17557949115629,0.0022737034464103,0.00732342685892091,0.00227370344640322
School of Arts and Sciences,"Department of Critical Race, Gender & Culture Studies",APDS,2023,0.174874876580437,0.00194115500403487,0.203593698167663,0.00194115500403385,0.0330942678823103,0.00194115500403501,0.0847263075899434,0.263749400086742,0.00194115500403498,0.00696760415076987,0.00984437391209767,0.00194115500403508,0.00351013304720566,0.0291444494118841,0.00194115500403425,0.00194115500403296,0.16603361571807,0.00194115500404144,0.00699087841655645,0.00194115500403745
School of Arts and Sciences,"Department of Critical Race, Gender & Culture Studies",APDS,2024,0.174874876580437,0.00194115500403487,0.203593698167663,0.00194115500403385,0.0330942678823103,0.00194115500403501,0.0847263075899434,0.263749400086742,0.00194115500403498,0.00696760415076987,0.00984437391209767,0.00194115500403508,0.00351013304720566,0.0291444494118841,0.00194115500403425,0.00194115500403296,0.16603361571807,0.00194115500404144,0.00699087841655645,0.00194115500403745
School of Arts and Sciences,"Department of Critical Race, Gender & Culture Studies",ASIA,2014,0.135097467681765,0.01710238883347,0.0171023888334963,0.0171023888334682,0.0171023888335006,0.0171023888334938,0.0171023888334916,0.0171023888334948,0.0171023888334687,0.017102388833541,0.0171023888334686,0.0171023888334814,0.0171023888334685,0.0924604313688714,0.0171023888334701,0.0171023888334692,0.481701490780171,0.0171023888334685,0.0171023888334723,0.017102388833469
School of Arts and Sciences,"Department of Critical Race, Gender & Culture Studies",ASIA,2015,0.0899219556539767,0.0147175602321073,0.105479651492024,0.014717560232103,0.0597914184492007,0.0147175602321236,0.0147175602321329,0.0847918096095462,0.0147175602321056,0.0147175602321688,0.0147175602321034,0.0147175602321146,0.0147175602321078,0.0771410656738934,0.0147175602321062,0.0147175602321056,0.376828255871694,0.0147175602321679,0.0147175602321099,0.0147175602321094
School of Arts and Sciences,"Department of Critical Race, Gender & Culture Studies",ASIA,2016,0.0813020307132739,0.0154981847191335,0.0949150145715645,0.0154981847191296,0.0549378106590951,0.0154981847191511,0.0154981847191589,0.0768131529243962,0.0154981847191319,0.0154981847191985,0.01549818471913,0.0154981847191418,0.0154981847191338,0.0701187519806963,0.0154981847191324,0.0154981847191319,0.404938653082943,0.0154981847191864,0.0154981847191357,0.0154981847191353
School of Arts and Sciences,"Department of Critical Race, Gender & Culture Studies",ASIA,2017,0.0813020307132499,0.0154981847191335,0.0949150145715428,0.0154981847191296,0.0549378106590705,0.0154981847191339,0.0154981847191434,0.0768131529243779,0.0154981847191319,0.015498184719142,0.01549818471913,0.015498184719132,0.0154981847191338,0.0701187519806963,0.0154981847191324,0.0154981847191319,0.404938653083131,0.0154981847191864,0.0154981847191357,0.0154981847191353
School of Arts and Sciences,"Department of Critical Race, Gender & Culture Studies",ASIA,2018,0.159279130886411,0.00399941451880637,0.210128205703815,0.0039994145187977,0.203732032922238,0.0039994145188038,0.0206308857564807,0.135662130475492,0.00399941451880141,0.00399941451882011,0.00399941451880571,0.00399941451880286,0.00399941451880722,0.0452907840033409,0.00399941451880152,0.00399941451880017,0.173284441507724,0.00399941451883244,0.0039994145188062,0.00399941451881278
School of Arts and Sciences,"Department of Critical Race, Gender & Culture Studies",ASIA,2019,0.196239691156494,0.00359817050402808,0.183960862790909,0.0035981705040187,0.178364211607029,0.00359817050402481,0.018150707836992,0.139513914119064,0.0035981705040232,0.00359817050403903,0.00359817050402601,0.00359817050402352,0.00359817050402816,0.0509224417752719,0.00359817050402256,0.0035981705040208,0.178155561121625,0.00359817050405098,0.00359817050402712,0.0115145635442814
School of Arts and Sciences,"Department of Critical Race, Gender & Culture Studies",ASIA,2020,0.188457526791805,0.00297414748096488,0.147264301310471,0.00297414748095648,0.145332683948948,0.00297414748096195,0.053136099608297,0.163778031392471,0.00297414748096056,0.0135487441589036,0.00297414748096344,0.00297414748096082,0.0104664528080508,0.0760729610963083,0.00297414748096011,0.00297414748095886,0.162894462161943,0.00297414748098381,0.00297414748096375,0.00930726191316758
School of Arts and Sciences,"Department of Critical Race, Gender & Culture Studies",ASIA,2021,0.171395257570122,0.00277400365117629,0.133946870768909,0.00277400365117023,0.132190854985707,0.00277400365117376,0.0779793224184952,0.179533599067928,0.00277400365117247,0.012387273358394,0.00277400365117512,0.00277400365117274,0.00958519031216347,0.0692274705742162,0.00277400365117255,0.00277400365117205,0.177482744024586,0.00277400365119362,0.0027740036511754,0.00853138040772457
School of Arts and Sciences,"Department of Critical Race, Gender & Culture Studies",ASIA,,0.135097467681765,0.01710238883347,0.0171023888334963,0.0171023888334682,0.0171023888335006,0.0171023888334938,0.0171023888334916,0.0171023888334948,0.0171023888334687,0.017102388833541,0.0171023888334686,0.0171023888334814,0.0171023888334685,0.0924604313688714,0.0171023888334701,0.0171023888334692,0.481701490780171,0.0171023888334685,0.0171023888334723,0.017102388833469
School of Arts and Sciences,"Department of Critical Race, Gender & Culture Studies",CRGC,2019,0.00399661390564087,0.00399661390562609,0.334551958863057,0.00399661390561641,0.127843391804871,0.00399661390561756,0.469662212936354,0.00399661390566099,0.00399661390561756,0.00399661390563618,0.00399661390562888,0.00399661390562978,0.00399661390563247,0.00399661390562213,0.00399661390561728,0.00399661390561654,0.00399661390561849,0.00399661390567407,0.00399661390563627,0.00399661390562762
School of Arts and Sciences,"Department of Critical Race, Gender & Culture Studies",CRGC,2020,0.0028149177206624,0.0112015056636639,0.337151042554921,0.00281491772064423,0.0345582681413361,0.00281491772064601,0.368963685421522,0.0028149177206748,0.00281491772064722,0.00281491772065785,0.00281491772065247,0.0346864569905224,0.00281491772065741,0.00281491772064799,0.00281491772064556,0.00281491772064463,0.00281491772064576,0.1740301931389,0.00281491772065877,0.00281491772065053
School of Arts and Sciences,"Department of Critical Race, Gender & Culture Studies",CRGC,2021,0.00268522895803422,0.00967405224386932,0.281298666319918,0.00268522895801754,0.0291380209752626,0.00268522895801911,0.417571415984902,0.00268522895804639,0.00268522895802164,0.0427202069045047,0.00268522895802803,0.0292448450162508,0.00268522895802933,0.0026852289580207,0.00268522895802001,0.00268522895801853,0.00268522895801943,0.145364625139899,0.00268522895803083,0.0127654199190879
School of Arts and Sciences,"Department of Critical Race, Gender & Culture Studies",CRGC,2022,0.00268522895803422,0.00967405224386932,0.281298666319918,0.00268522895801754,0.0291380209752626,0.00268522895801911,0.417571415984902,0.00268522895804639,0.00268522895802164,0.0427202069045047,0.00268522895802803,0.0292448450162508,0.00268522895802933,0.0026852289580207,0.00268522895802001,0.00268522895801853,0.00268522895801943,0.145364625139899,0.00268522895803083,0.0127654199190879
School of Arts and Sciences,"Department of Critical Race, Gender & Culture Studies",CRGC,2023,0.00226884292921255,0.00925766621504971,0.366715369334992,0.00226884292919958,0.0219755248352576,0.00226884292920076,0.346395771599778,0.00226884292922322,0.00226884292920329,0.042303820875683,0.00226884292920839,0.0288284589874307,0.00226884292920928,0.00226884292920134,0.00226884292920175,0.00226884292920053,0.00226884292920124,0.14494823911107,0.0022688429292097,0.0123490338902678
School of Arts and Sciences,"Department of Critical Race, Gender & Culture Studies",CRGC,2024,0.00226884292921255,0.00925766621504971,0.366715369334992,0.00226884292919958,0.0219755248352576,0.00226884292920076,0.346395771599778,0.00226884292922322,0.00226884292920329,0.042303820875683,0.00226884292920839,0.0288284589874307,0.00226884292920928,0.00226884292920134,0.00226884292920175,0.00226884292920053,0.00226884292920124,0.14494823911107,0.0022688429292097,0.0123490338902678
School of Arts and Sciences,"Department of Critical Race, Gender & Culture Studies",LTST,2021,0.0198092458699405,0.0050279503948845,0.201539493718766,0.00502795039487689,0.511336997938263,0.0166615869343858,0.121758571098839,0.0519742916659316,0.00502795039488049,0.00502795039490214,0.00502795039488337,0.00502795039488229,0.0115564576403268,0.00502795039488937,0.00502795039487998,0.00502795039487822,0.00502795039487698,0.00502795039493612,0.00502795039488303,0.0050279503948934
School of Arts and Sciences,"Department of Critical Race, Gender & Culture Studies",LTST,2022,0.0387239749937824,0.00376902593387533,0.0856488356521616,0.309512291454051,0.216952789395939,0.00861637449199967,0.21012063989826,0.0489840550158173,0.00376902593387242,0.0334925165392029,0.00376902593387521,0.00376902593387447,0.00648923728614195,0.0037690259338796,0.00376902593387296,0.00376902593387176,0.00376902593387185,0.00376902593389675,0.00376902593387493,0.00376902593387945
School of Arts and Sciences,"Department of Critical Race, Gender & Culture Studies",LTST,2023,0.0381793638499683,0.00322441479006386,0.191796326199735,0.308967680310242,0.119937711584993,0.00807176334818915,0.200460382614149,0.0677428814775433,0.00322441479006238,0.00322441479006685,0.0032244147900653,0.00322441479006368,0.00594462614232989,0.00322441479006692,0.00322441479006313,0.00322441479006322,0.00322441479006223,0.0184967660063262,0.00322441479006441,0.00815835056588263
School of Arts and Sciences,"Department of Critical Race, Gender & Culture Studies",LTST,2024,0.0352823135538883,0.00301620672936297,0.177082586492135,0.285240759517209,0.11300052090838,0.00749068232147668,0.205185597658685,0.0794938640310819,0.00654261600593248,0.019093004601326,0.0122552122162501,0.00301620672936108,0.00552717105452975,0.0030162067293644,0.00301620672936044,0.00301620672936046,0.00301620672935963,0.0171137616982262,0.0110240605807476,0.00757060898396302
School of Arts and Sciences,Department of Economics,ECON,2014,0.00496577043650442,0.0151223553594231,0.0527303745395732,0.0331642942568655,0.0579973769900557,0.0514490357718124,0.0694714215290173,0.030046198865532,0.00632893297402116,0.139409986705174,0.0037215243032705,0.00972840404375636,0.00344331734902569,0.135910502659951,0.0957026028643864,0.137986654615269,0.0586208583268695,0.056004266221363,0.024714087328078,0.0134820348600517
School of Arts and Sciences,Department of Economics,ECON,2015,0.00487282437277895,0.015564404606587,0.0442438087904566,0.0330713481931399,0.0592511279290266,0.0527835706571519,0.0685840077335628,0.0276399360561096,0.00623598691029558,0.141032123545891,0.00335037128530215,0.00963545798003075,0.00335037128529993,0.13421311192956,0.100829035921701,0.144939362704263,0.058527912263144,0.0561278072924116,0.0223583417469621,0.0133890887963261
School of Arts and Sciences,Department of Economics,ECON,2016,0.00483302454268654,0.0153759985751458,0.0439275226772931,0.0327654706640378,0.0568953045472076,0.0586584807778103,0.0678797652886043,0.0273554264572334,0.00618368100187727,0.140869399836823,0.00332453891472813,0.0119705112350116,0.00452728550101754,0.135111433610563,0.0964556880003003,0.144417486378171,0.0579958639202958,0.0536186552643744,0.0228835661424972,0.014950896664322
School of Arts and Sciences,Department of Economics,ECON,2017,0.00483452762549099,0.0162837886022553,0.0439504341011071,0.0359114900973641,0.0639379013964285,0.059363727286391,0.0680302273420967,0.0315682995440515,0.00590529270789001,0.142860807587529,0.00325450179245411,0.00988187305311108,0.00518788347778241,0.121832754005228,0.0966721332380753,0.144896838010547,0.0541299187740243,0.0532710655918107,0.0224493617142177,0.0157771740521451
School of Arts and Sciences,Department of Economics,ECON,2018,0.00489622717641407,0.0152056260511438,0.0468494274817359,0.0366604914546586,0.0737160109266393,0.0621011388496532,0.0681311727688619,0.033619235929606,0.00547963583056422,0.146280350138742,0.00288520884497255,0.00926473283618346,0.0124947384460011,0.123418111017394,0.100198203096744,0.160676360398495,0.00769300101835004,0.0550575958568132,0.0255738246743638,0.00979890720266469
School of Arts and Sciences,Department of Economics,ECON,2019,0.00639019662537341,0.0174966606147568,0.0523248683207047,0.0359508299996478,0.0715332229773554,0.0600619252185042,0.0668104301232843,0.0340116891551984,0.00496638778839059,0.144255658780848,0.00325969305097682,0.00908702785920137,0.0164714690346787,0.120656878125567,0.0964788512970001,0.159759547118319,0.00754581510579187,0.0517676126651054,0.0315604062314094,0.00961082990788701
School of Arts and Sciences,Department of Economics,ECON,2020,0.00693476530833391,0.0205387178775218,0.0646132550547964,0.0362610196790127,0.0692901863517933,0.0598972247999876,0.0609634710363156,0.027773449415198,0.0064578966532075,0.146455580785276,0.00329073940594122,0.00726661989597848,0.0170800081904034,0.117753469099675,0.095118561420356,0.16314557579193,0.00843303082644174,0.047959515153083,0.0311861056155216,0.00958080763922695
School of Arts and Sciences,Department of Economics,ECON,2021,0.00671034689478201,0.0212298123306803,0.0679825626312002,0.0357602207697974,0.0709417287485785,0.0600599064457339,0.0689899241830331,0.0281464029230384,0.00867390548710285,0.139382260004513,0.00320128491470009,0.00831839371612908,0.0170825071501235,0.116179591066419,0.0913609454519123,0.163044963864723,0.00815312109740434,0.0455286097050474,0.0290257344886634,0.0102277781264187
School of Arts and Sciences,Department of Economics,ECON,2022,0.00668675206246269,0.0210730113934445,0.0673968373792811,0.0438850655951434,0.0703288551836518,0.0595468661129473,0.0683949570820146,0.0279261470262396,0.00863229635577138,0.138141491657426,0.00320988331155581,0.00828004616067824,0.0169637548842692,0.1151516912417,0.0905607396236564,0.161587106491395,0.00811628980451047,0.0451488840212577,0.0287974113297946,0.0101719132827998
School of Arts and Sciences,Department of Economics,ECON,2023,0.0067173160794939,0.0224894224236507,0.0850476989003862,0.0452304058318976,0.0582526073652192,0.0606243185650458,0.0692936561180071,0.028557825995076,0.00871792294714158,0.141052512921148,0.0031420453828063,0.008355703406903,0.0172851774717263,0.111330232005087,0.0926734815597936,0.157060761800553,0.00818731243688285,0.0362267361287233,0.0294537487223165,0.0103011139381423
School of Arts and Sciences,Department of Economics,ECON,2024,0.00666282149707183,0.0222875249781994,0.0842611446654324,0.0448159758312275,0.0577164745464819,0.0603887052202543,0.0717848262848848,0.028299214497555,0.00864473110427424,0.139742549209365,0.00312096454521301,0.00828589679338367,0.0171319178295638,0.110298046619622,0.0945842528194613,0.155601188286158,0.00811907957074681,0.0388547956681212,0.0291867641151951,0.0102131259177889
School of Arts and Sciences,Department of Environmental Science,ENVS,2014,0.00575461874624128,0.0129763108485529,0.0657944988514631,0.131429622013257,0.0297379060346429,0.00575461874623725,0.0219697926942767,0.0176030293792575,0.0204768732375234,0.211590056757733,0.00575461874623041,0.0261650508392454,0.00575461874623084,0.0702652757583766,0.00940308194336698,0.0233052533982255,0.147455808460481,0.110129130591445,0.0143123005594228,0.0643675336477907
School of Arts and Sciences,Department of Environmental Science,ENVS,2015,0.00542051151327213,0.00939896988232933,0.0614577329448122,0.140921450051052,0.0309914889375581,0.00542051151326805,0.0170209428715946,0.0181218284714319,0.0166765074675029,0.227280100208335,0.00542051151326155,0.0334427038932685,0.0054205115132622,0.0571464683290682,0.00874022034968943,0.0251326265485462,0.136446727660707,0.120281817528979,0.0151324700473432,0.0601258987547183
School of Arts and Sciences,Department of Environmental Science,ENVS,2016,0.00509851810612599,0.0145570781052405,0.0602685911288564,0.137690215355547,0.0402942026366155,0.00509851810612156,0.0202269343104221,0.0170060027544009,0.015008655554386,0.241871666738763,0.00509851810611616,0.0317423364358481,0.00610290291817296,0.0510731882508101,0.00821074514026725,0.0230302319086395,0.14146787646945,0.111243016989018,0.0113248635506204,0.0535859374345781
School of Arts and Sciences,Department of Environmental Science,ENVS,2017,0.00512514922736098,0.0147760549164112,0.0604696724385199,0.136425394705127,0.0403934900115617,0.00512514922735854,0.0239655146688303,0.0160070069149257,0.0141034727884707,0.242768933511524,0.005125149227357,0.0316781752717611,0.00642878055982491,0.0527645703887664,0.00823737626150829,0.0232121410317689,0.135400256457783,0.111779881047294,0.011266900820297,0.0549469305235492
School of Arts and Sciences,Department of Environmental Science,ENVS,2018,0.00492438138149052,0.00765489078516178,0.060452783471654,0.162505009130114,0.0517170217115573,0.033412360861838,0.0234962386021654,0.0136616037427591,0.0323241495219026,0.259472532379007,0.00232203952724946,0.0315993947273652,0.00370212156548548,0.0537628378282246,0.00556760532467534,0.0276341989606212,0.0471981098593546,0.11199279311742,0.00880884032159486,0.0577910871803605
School of Arts and Sciences,Department of Environmental Science,ENVS,2019,0.00482902105451786,0.00750143451342996,0.0618207830846138,0.172922951157997,0.0495844533807705,0.0318719269726535,0.0230057323768806,0.0133803450676743,0.0291487651006521,0.253915437949359,0.00527094926470278,0.0309364809249484,0.00363276676651302,0.0526283614066405,0.00545855938189009,0.0300841074528445,0.0461249741907732,0.112310563172899,0.00900148345448711,0.0565709033257525
School of Arts and Sciences,Department of Environmental Science,ENVS,2020,0.00472142429055922,0.00865238025391677,0.0633563849468895,0.185809068212116,0.0489853308161744,0.027011163467031,0.0162161057187049,0.0129237146705256,0.0276531440500582,0.246330981039748,0.00500453404086117,0.0314876784471247,0.00357399670818786,0.0530315652854112,0.00532526717599808,0.0301990215512794,0.0448599164866522,0.12289027632552,0.00720648617164131,0.054761560341601
School of Arts and Sciences,Department of Environmental Science,ENVS,2021,0.00451128517989547,0.0100840626673348,0.0718473887330859,0.180302316430387,0.0582126697917695,0.0255150778654165,0.0154288938101646,0.0122403664994785,0.0403810269588068,0.236094510631042,0.00477806167537221,0.0357075527636268,0.00220921353960678,0.0465471538277519,0.00508029097578948,0.0343478145508095,0.0423340951339059,0.115860750554541,0.00685297810629926,0.0516644903049154
School of Arts and Sciences,Department of Environmental Science,ENVS,2022,0.00582146110601584,0.00926725673759463,0.0656127471835427,0.16961217277874,0.0517558113802203,0.0233446741112831,0.0267150396670869,0.0112344111107779,0.047189516691979,0.224436103934439,0.00442669442913731,0.0603791670246832,0.00208318384914092,0.0425318311295537,0.009785081348691,0.0314026093330451,0.0421967621230076,0.118685596972182,0.00631960064682556,0.0472002784420538
School of Arts and Sciences,Department of Environmental Science,ENVS,2023,0.00611699514792746,0.0112638090339584,0.0926496325828064,0.163791392468046,0.0456223458898009,0.0229772437005481,0.0251539496762617,0.0119559071846824,0.0466339977174941,0.207399962373283,0.0051436246085684,0.0489446411411204,0.00477141385488551,0.0441911718176212,0.0115532128932824,0.0274690900201571,0.0421790259758617,0.123775690901831,0.00799961344846075,0.0504072795634029
School of Arts and Sciences,Department of Environmental Science,ENVS,2024,0.00688027477548807,0.0107747041527064,0.089475969788454,0.156039069328026,0.0434971202058893,0.0219303562161249,0.0240034095263284,0.0114338452486342,0.0496146274437271,0.205899347839193,0.00494595708090603,0.0466612109214319,0.00459147064882716,0.042134097280004,0.0110503268758718,0.0457987396479096,0.0402177679069001,0.129331558766311,0.00766594645223207,0.0480541998950344
School of Arts and Sciences,Department of History,HIST,2014,0.0849710754414274,0.00556608999297969,0.026533643563777,0.0298173728192061,0.0312465472709182,0.00352449385932831,0.0295423337097305,0.496810793829261,0.00385064797534811,0.0313155468177701,0.0051965362443074,0.00351621861089149,0.00638069726882225,0.0384926466870442,0.00379241132831045,0.0183953683028054,0.0902704977140732,0.0363480678186435,0.0105236168228011,0.0439053939225543
School of Arts and Sciences,Department of History,HIST,2015,0.0849233028801792,0.00551831743173142,0.0264858710025287,0.0297696002579579,0.0321493843586326,0.00347672129808007,0.0294945611484823,0.496776165251758,0.00380287541409987,0.0312594710146535,0.00514876368305913,0.00346844604964324,0.006332924707574,0.0384448741257959,0.0037446387670622,0.0183475957415572,0.090222725152825,0.0363002952573952,0.0104758450956789,0.043857621361306
School of Arts and Sciences,Department of History,HIST,2016,0.0833156251273297,0.00543765862981345,0.0257363134861613,0.0292225706324586,0.0315646715619632,0.00343532396027075,0.0324055267952295,0.501455887741732,0.00408898672052258,0.0306837900284488,0.00507521168400046,0.00342720785122698,0.00623660038112041,0.038017268370875,0.00369808917023405,0.0180202200490655,0.0887624135594413,0.0360771167737558,0.0102998492233005,0.0430396682530501
School of Arts and Sciences,Department of History,HIST,2017,0.082200315844058,0.00550066060714937,0.0254404311581396,0.0349214774782896,0.0285464377230273,0.00347616560685882,0.0316070817088646,0.493613472028572,0.00415351932302687,0.0313562945890646,0.00577665272249352,0.00346815223337383,0.0064466740441493,0.0382450526664483,0.00376835016336948,0.0179586680550548,0.0918055487443292,0.0387424869452088,0.0102979896891481,0.0426745686693737
School of Arts and Sciences,Department of History,HIST,2018,0.0936370957562975,0.00467615458469819,0.024831535856579,0.0352615068431593,0.0286599994411276,0.00254459658247191,0.0321559734745632,0.51246043046327,0.00332337520555233,0.0318619074064466,0.00496265133171407,0.00253678965462976,0.00568148845223342,0.0381126962464583,0.00285171937784473,0.0180985545942351,0.0649023576054569,0.0406520026366964,0.00972558523469091,0.0430635792518752
School of Arts and Sciences,Department of History,HIST,2019,0.0968172300497752,0.00460745067697758,0.0260362235036657,0.0347903640899326,0.0285122284904913,0.00250393949057026,0.032424536149602,0.508018740751148,0.00327247102650479,0.0314684918326421,0.00660567551541256,0.00249623528546263,0.00559955646730824,0.0384081567027872,0.00280702119653009,0.0178532401600731,0.0615924028860168,0.0408333844645357,0.0108560937952093,0.0444965574653553
School of Arts and Sciences,Department of History,HIST,2020,0.104519270233177,0.00450085871753634,0.0271915348672228,0.0351782259248178,0.0277926935101902,0.00271473787167658,0.0313450821664074,0.499308328553388,0.00317422867526884,0.0312437827585302,0.00686726637907746,0.00244377705400867,0.0054675258978583,0.0383256228886958,0.00274659409556149,0.01740701257286,0.0611089271658945,0.0394682022958848,0.0129565970155424,0.046239731356402
School of Arts and Sciences,Department of History,HIST,2021,0.101629193757404,0.00441812961092782,0.0265415388568722,0.0343285626380272,0.027127668533765,0.00483959820946678,0.0305912474735772,0.500212803847119,0.00312466531971698,0.0314450555748827,0.00583384628275239,0.00241247498898828,0.00536063011174164,0.0373972746778084,0.00580030849328685,0.0170016296198683,0.059610996348077,0.0430325842092224,0.0141782610126736,0.0451135304338218
School of Arts and Sciences,Department of History,HIST,2022,0.111478321859431,0.00434786623470977,0.0268537492704035,0.0337784587860491,0.0266394381835071,0.00465389838792553,0.0366898762246251,0.488832114050805,0.00278356310135328,0.0310273572955545,0.00573752677147016,0.00237912550151773,0.00558755471603047,0.0380980949266243,0.00570460624193336,0.0166997680839766,0.0582851740542191,0.0420934969176205,0.0139283633161781,0.0444016460760662
School of Arts and Sciences,Department of History,HIST,2023,0.112322283929801,0.00713431715307786,0.0393105044593543,0.0333690075176516,0.0215943817799502,0.00460817184388833,0.0371267552084345,0.484541115461007,0.00256310509932711,0.0303247684223138,0.00549905679584561,0.00270476322227966,0.00703295577317197,0.0376623044134683,0.00561501286997318,0.0117373517791526,0.0577262915951632,0.0428102608550121,0.0172012479538425,0.039116343867285
School of Arts and Sciences,Department of History,HIST,2024,0.116124584981885,0.00686286511620684,0.0375156423076318,0.0323162755517584,0.022074456864266,0.0046017929797974,0.043372769681111,0.48245828743447,0.00247742431318748,0.0309451099998121,0.0073607436505546,0.00261249368623525,0.00741959989215601,0.0369450799995205,0.00577216577628397,0.0163606344934559,0.0556221386145441,0.0408372250884612,0.0206352998324149,0.0276854097362472
School of Arts and Sciences,Department of Literature,LIT,2014,0.384273221170358,0.00606442717637078,0.0511916648993009,0.0199788660703608,0.0365552207020581,0.0670228969794655,0.0268274444298094,0.102276356119006,0.00402235566954302,0.0119498440963457,0.041889546874529,0.00955693677417004,0.0210779566575027,0.00506507550769125,0.0106033722759786,0.00518235419038102,0.0483511133348704,0.12323989116548,0.0130957813999877,0.0117756745067907
School of Arts and Sciences,Department of Literature,LIT,2015,0.39708271186413,0.00638107300427046,0.0497848268169742,0.0204449616233495,0.03352840704337,0.0695771774601058,0.0259946120609857,0.102919579427102,0.00407930993020305,0.0146918829489188,0.0356088125513715,0.00975580337084599,0.025136449037988,0.00524185521527007,0.0108290705521881,0.00529997122940728,0.0495447024074619,0.108681974039043,0.013385387602454,0.0120314318145595
School of Arts and Sciences,Department of Literature,LIT,2016,0.396526439665037,0.00591371939500753,0.0545257428121119,0.0197678185228627,0.0335183255560787,0.0675964902317193,0.0307007157873464,0.110200909926132,0.00410843281911109,0.0145627892744976,0.0325506194088639,0.00977044752869241,0.0258477728580019,0.00525143952795861,0.00902799326106843,0.00533414532638717,0.0488097010530563,0.100904880378105,0.0131547110717946,0.0119269055961671
School of Arts and Sciences,Department of Literature,LIT,2017,0.402353352360166,0.00618326080718968,0.0521668615312261,0.0206225174426439,0.0318887864220245,0.0661616868866877,0.0335495189422683,0.116266267743181,0.00453666533616111,0.0123842911914296,0.0280500338992402,0.00994206451606793,0.0225680721601495,0.00535997651410636,0.0106668724437281,0.00541161349587887,0.0447631231761269,0.104327855077077,0.0112900535689933,0.0115071264856542
School of Arts and Sciences,Department of Literature,LIT,2018,0.444532886586446,0.0049837099554855,0.0541540747946584,0.0200187277520108,0.0346218231570163,0.06817541180802,0.0340016573548874,0.123136726551399,0.0033249121898197,0.0119650570081081,0.0278596743233795,0.0091464376642185,0.0242524440360212,0.00421385192106058,0.0086924888582847,0.00439950035915738,0.00351555657715233,0.0974836765532682,0.0105021039564325,0.0110192785931731
School of Arts and Sciences,Department of Literature,LIT,2019,0.439262928261037,0.00494466013115668,0.0587108093946041,0.0194409248032313,0.0327436009309087,0.0694809223302799,0.0350534892656334,0.11960802630123,0.00543829602145983,0.00987945280725127,0.0289028922900536,0.00899341694542649,0.0218246203313316,0.00404266224963554,0.00854359494681898,0.0083556105422842,0.00206957127296063,0.099481777057223,0.010890202431578,0.012332541685896
School of Arts and Sciences,Department of Literature,LIT,2020,0.432373619755454,0.00513052178946276,0.0578895244793091,0.0259026197803075,0.0316697835608508,0.0659701108087674,0.0418353473124131,0.0982797012120621,0.006811144504944,0.0121369171632155,0.0264005056584134,0.0125378394705496,0.0416076237785828,0.00478504525762784,0.0064500419164434,0.00795148926882978,0.00349788495895576,0.0908614176184276,0.00962946067548853,0.0182794010298949
School of Arts and Sciences,Department of Literature,LIT,2021,0.426609778961182,0.00516340913021173,0.0582760837367909,0.0261130464201235,0.0319295021987912,0.0668712429397274,0.0463079582104732,0.101143190292208,0.00577227009743046,0.0122296882251074,0.0247196091491208,0.0126340372188291,0.0421874307556638,0.00481497980750627,0.00649420720699558,0.00800848744273581,0.00351681813876023,0.0917805902659862,0.00970080048534882,0.0157268693170079
School of Arts and Sciences,Department of Literature,LIT,2022,0.424631121375281,0.00578205057107576,0.0594805487181997,0.0370675193450058,0.0272637009099973,0.0541534988420142,0.0504579117418622,0.0980613686325619,0.00673478972492731,0.0129165784561796,0.0174439354252855,0.0078119456528125,0.0426796670171423,0.00870897678762846,0.00343415472686009,0.00812431828144324,0.00577295565034646,0.098231970645578,0.0126302718259403,0.0186127156698585
School of Arts and Sciences,Department of Literature,LIT,2023,0.424220853220509,0.00543240114893251,0.0656526730655424,0.037748102906894,0.0180657136955407,0.053988733315924,0.0544720624129185,0.0976444939587327,0.0065989998357212,0.0127807885669739,0.0173081455360789,0.00711350592095498,0.0425438771279362,0.00926241969647658,0.00329836483765359,0.00798852839223726,0.00563716576113938,0.0951931771483019,0.0124944819367329,0.0225555115148
School of Arts and Sciences,Department of Literature,LIT,2024,0.402697259432444,0.00534490743274672,0.0662153596386426,0.0373613897299849,0.0237642393237656,0.0534516439315252,0.0611673213848849,0.0967031845683815,0.00650070427984268,0.0238832462096965,0.0171106912237156,0.00745033590336605,0.0421127586341668,0.00913946284559126,0.00323063071694249,0.00787736683120589,0.00554777607632187,0.0957906527727405,0.012341598583623,0.0223094704804115
School of Arts and Sciences,Department of Literature,WRT,2020,0.0805219449827904,0.00100139412477775,0.211295069542129,0.0801819688366337,0.00291171654713873,0.00100139412477804,0.0116729325338697,0.00660743995586364,0.00536697674778225,0.00100139412477698,0.00774372905943736,0.0190550044432595,0.139174788675925,0.00369260291657974,0.00100139412477685,0.00100139412477857,0.00100139412477704,0.386232862870936,0.0225358628949556,0.0169987352440347
School of Arts and Sciences,Department of Literature,WRT,2021,0.0695433238391549,0.000994364892506252,0.205721794263991,0.0801749396043642,0.00290468731486757,0.000994364892506626,0.0186166368765523,0.00660041072359211,0.000994364892508086,0.000994364892505173,0.00773669982716625,0.0190479752109878,0.145625004007735,0.00817932765115755,0.000994364892505235,0.000994364892506914,0.000994364892505604,0.386225833638664,0.0149306255829168,0.0277321872113069
School of Arts and Sciences,Department of Literature,WRT,2022,0.0532115667554295,0.00141131990202114,0.174209262509055,0.165212878117512,0.017223686363452,0.00141131990201992,0.0138505707142881,0.00918959946938872,0.00141131990202099,0.00141131990201923,0.0277061116218903,0.0203129395096158,0.11926997675029,0.0064830583198909,0.00141131990201892,0.00141131990201949,0.00141131990201825,0.307983713940418,0.0267782965851446,0.048689100029487
School of Arts and Sciences,Department of Literature,WRT,2023,0.0507941553991213,0.00187170003756895,0.180648712505867,0.156573171685532,0.016805601695587,0.00187170003756779,0.0136198813602655,0.009217852962305,0.00187170003756881,0.00187170003756714,0.0267056699952247,0.0197232296669639,0.113182653727602,0.0066616752100015,0.00187170003756685,0.00187170003756739,0.00187170003756622,0.32061315846564,0.0258294002382966,0.0465229368246201
School of Arts and Sciences,Department of Literature,WRT,2024,0.0499511630924487,0.00162405892539423,0.178221361537125,0.130563676665764,0.013842705736499,0.00162405892539226,0.0511791925127263,0.0120604808674659,0.00604194668007811,0.00162405892539198,0.0235374989765209,0.0162298558948985,0.113898142166343,0.00842113903081992,0.00292062417248057,0.00162405892539262,0.00162405892539168,0.304823758728244,0.0291560359740284,0.0510321233375955
School of Arts and Sciences,Department of Literature,WRTG,2014,0.00150760202624643,0.0015076020262503,0.334310668057971,0.00150760202624942,0.00150760202627259,0.00150760202625159,0.00150760202625509,0.00150760202625134,0.00150760202625505,0.00758453933599503,0.121472348678525,0.00150760202624859,0.00150760202625106,0.00150760202624755,0.00150760202625128,0.0251962287246627,0.00150760202624626,0.488822184809071,0.00150760202624817,0.00150760202625034
School of Arts and Sciences,Department of Literature,WRTG,2015,0.00165430931566994,0.00165430931567184,0.201164681272676,0.132687137395747,0.0016543093156845,0.00165430931567288,0.00165430931566944,0.00165430931567964,0.00165430931567481,0.00523237860440424,0.0439090658516517,0.00165430931567243,0.00165430931567212,0.00165430931567209,0.00165430931567424,0.0139957847013175,0.00165430931566905,0.579850621754775,0.00165430931567074,0.00165430931567483
School of Arts and Sciences,Department of Literature,WRTG,2016,0.00165430931566993,0.00165430931567185,0.205919742784206,0.132687137395747,0.00165430931568468,0.00165430931567288,0.0016543093156695,0.00165430931567954,0.00165430931567479,0.00523237860440418,0.0445163263426161,0.00165430931567241,0.00165430931567216,0.00165430931567207,0.00165430931567429,0.013995784701316,0.00165430931566912,0.574488299752282,0.00165430931567072,0.00165430931567502
School of Arts and Sciences,Department of Literature,WRTG,2017,0.00180489082915885,0.00180489082916148,0.186630897019901,0.132837718909236,0.00180489082917752,0.0018048908291616,0.00180489082915906,0.00180489082916992,0.001804890829165,0.0054239204859228,0.0454939736124478,0.00180489082916222,0.00180489082916175,0.00180489082916134,0.00180489082916626,0.0161657172441887,0.00180489082915815,0.588179301120015,0.00180489082916064,0.00180489082916415
School of Arts and Sciences,Department of Literature,WRTG,2018,0.001567151718683,0.00156715171868471,0.280706823123683,0.13259997979876,0.00156715171869548,0.0015671517186843,0.00156715171868327,0.00156715171869011,0.00156715171868859,0.00481566987895897,0.0417216803365894,0.00156715171868662,0.00156715171868849,0.00156715171868489,0.00156715171868574,0.0171778926007743,0.00156715171868215,0.501037830199626,0.00156715171868363,0.00156715171868805
School of Arts and Sciences,Department of Literature,WRTG,2019,0.0824954889714629,0.00123427385717358,0.241977103416697,0.0876130826337445,0.00123427385717965,0.00123427385717353,0.0128759521216377,0.00123427385717779,0.00599672762772538,0.00474476222393533,0.032907770957779,0.00123427385717559,0.112742096188794,0.00417013799368551,0.00123427385717407,0.0172563495997921,0.00123427385717265,0.362619915800883,0.0247264216064591,0.00123427385717648
School of Arts and Sciences,Department of Mathematics and Statistics,DATA,2019,0.00121444842713674,0.272900552883927,0.35994413285808,0.00121444842713935,0.00121444842715315,0.00121444842714014,0.00121444842713325,0.00121444842714053,0.00121444842713663,0.0012144484271392,0.00121444842714099,0.00121444842713569,0.00121444842714042,0.00121444842716115,0.00121444842713368,0.00121444842713846,0.00121444842713047,0.263164450613124,0.00121444842713655,0.0845596888106319
School of Arts and Sciences,Department of Mathematics and Statistics,DATA,2020,0.00121444842713674,0.272900552883927,0.35994413285808,0.00121444842713935,0.00121444842715315,0.00121444842714014,0.00121444842713325,0.00121444842714053,0.00121444842713663,0.0012144484271392,0.00121444842714099,0.00121444842713569,0.00121444842714042,0.00121444842716115,0.00121444842713368,0.00121444842713846,0.00121444842713047,0.263164450613124,0.00121444842713655,0.0845596888106319
School of Arts and Sciences,Department of Mathematics and Statistics,DATA,2021,0.0105579853963326,0.0225188654781613,0.176913833395159,0.0150462605436834,0.0703422163481904,0.00254858665641147,0.00254858665640719,0.00254858665641117,0.0978415524921027,0.0164060763306235,0.0431246474947258,0.00254858665641136,0.00254858665641086,0.00556465568470207,0.00254858665641095,0.412190396895188,0.00254858665640869,0.0824351266979229,0.016923797605032,0.0122944790433041
School of Arts and Sciences,Department of Mathematics and Statistics,DATA,2022,0.010893201186801,0.0228540812686292,0.16131562882197,0.0369750536186049,0.0584092104114817,0.00288380244687977,0.00288380244687547,0.0028838024468792,0.110701503183168,0.0167412921210933,0.0428652940656163,0.00288380244687945,0.00288380244687897,0.00589987147517154,0.00288380244688004,0.400499196001646,0.00288380244687696,0.0827703424883943,0.0172590133955021,0.0126296948337717
School of Arts and Sciences,Department of Mathematics and Statistics,DATA,2023,0.0116972529563643,0.0198980824023624,0.198321781535218,0.0230804590115093,0.0326452950996868,0.00702725254869492,0.00202993819342403,0.00202993819342701,0.115544821734574,0.0144287447440344,0.0378028532397688,0.00202993819342762,0.00202993819342737,0.0047285262713694,0.00891448545447436,0.416611469064581,0.00202993819342542,0.0735073687568702,0.0148919690421881,0.0107499471711738
School of Arts and Sciences,Department of Mathematics and Statistics,DATA,2024,0.0116972529563643,0.0198980824023624,0.198321781535218,0.0230804590115093,0.0326452950996868,0.00702725254869492,0.00202993819342403,0.00202993819342701,0.115544821734574,0.0144287447440344,0.0378028532397688,0.00202993819342762,0.00202993819342737,0.0047285262713694,0.00891448545447436,0.416611469064581,0.00202993819342542,0.0735073687568702,0.0148919690421881,0.0107499471711738
School of Arts and Sciences,Department of Mathematics and Statistics,MATH,2014,0.0084854799702227,0.00858949354994302,0.0911087224320143,0.0357797778803856,0.0590858851304759,0.00685690076656191,0.137436130336282,0.00935222271372937,0.0098501795531649,0.00581618257879831,0.0159902202083492,0.00581618257878955,0.00928193694900008,0.00581618257878471,0.0253593234659028,0.409338802688641,0.121282894151063,0.017218511725412,0.00581618257878535,0.0117187881636951
School of Arts and Sciences,Department of Mathematics and Statistics,MATH,2015,0.00860970703873656,0.00541432825017833,0.0644841193575306,0.0289315884704542,0.045848040552741,0.00543175081547315,0.200527761568613,0.0108771518093054,0.00615581496422626,0.00458616728791382,0.0188921275427569,0.00458616728790751,0.00740209271370397,0.00458616728790418,0.0274133911981497,0.423962965243901,0.104499090280768,0.0122001559633914,0.00458616728790432,0.0110052450784403
School of Arts and Sciences,Department of Mathematics and Statistics,MATH,2016,0.00856870624894064,0.0052362494245586,0.0635119062267316,0.0390068019446909,0.0396830192906138,0.00539075002567733,0.199103154006903,0.0108361510195096,0.00611481417443018,0.00454516649811825,0.0178773217180595,0.00454516649811172,0.00709438556685918,0.00454516649810844,0.0273723904083539,0.424442194999012,0.104458089490973,0.0121591551735957,0.00454516649810862,0.0109642442886447
School of Arts and Sciences,Department of Mathematics and Statistics,MATH,2017,0.00840346593491487,0.00521979628319036,0.0457138566943712,0.0383317226105437,0.0360880631634391,0.00543452009627876,0.191690917691866,0.0104925765265214,0.0176043419721233,0.00455244510892479,0.0190786483983859,0.0194285933539508,0.0069726608527393,0.00455244510892375,0.026764349969611,0.425705921469135,0.101397117675138,0.0144382998825897,0.00455244510892428,0.0135778120984293
School of Arts and Sciences,Department of Mathematics and Statistics,MATH,2018,0.00712129935332872,0.00403415446409126,0.0642073154208712,0.0403187004657706,0.0375667152125223,0.00383300488693621,0.211388677874539,0.00910557377518889,0.018539076985791,0.00287689303783879,0.0175340520359264,0.0179353916900985,0.00560374030553896,0.00287689303783724,0.0293600536962464,0.446314240322,0.0525807682485444,0.013750741750124,0.00287689303783735,0.012175814398969
School of Arts and Sciences,Department of Mathematics and Statistics,MATH,2019,0.00690447615487409,0.00391691658464466,0.0747229110503461,0.0390309933604631,0.0363677818250616,0.00787735252767894,0.205553755353115,0.00943295025968472,0.0179539383798379,0.00279698617214204,0.0174007842278877,0.0173697268033613,0.00646204424693327,0.00279698617214057,0.0284258513254398,0.440784319935301,0.0508975105695986,0.0133200655711278,0.00459855595778085,0.0133860935225807
School of Arts and Sciences,Department of Mathematics and Statistics,MATH,2020,0.00917637221371618,0.00384101857186016,0.0916240062126298,0.0383977290496498,0.0365645145160177,0.00773859045230667,0.191282861053459,0.00646283611651499,0.0331103393795752,0.00273886483257207,0.0171108565699725,0.0170802921204384,0.0063457473823666,0.00273886483257033,0.0279609226024838,0.424539920394804,0.0500758888427668,0.0131615382591592,0.00451183827240695,0.0155369983247306
School of Arts and Sciences,Department of Mathematics and Statistics,MATH,2021,0.0088036547178287,0.00371081715060257,0.0898349392701321,0.0366967680612198,0.0349468814609346,0.00743122667284703,0.182632575883038,0.00621346117050025,0.0326498465602523,0.00265876130855477,0.0163774806942551,0.0324039464016353,0.00610169465154082,0.00265876130855317,0.026734361907107,0.414109094147294,0.0602835195779644,0.0165259025490005,0.0043511450465791,0.0148751614601607
School of Arts and Sciences,Department of Mathematics and Statistics,MATH,2022,0.0102646381443086,0.00372403580696963,0.0853748639977714,0.0751553713110616,0.0336020103646785,0.00728268839346418,0.173755994943697,0.00437288182962176,0.0297078252812619,0.00271772152327176,0.0158399748487242,0.0311696376992618,0.00601096211221481,0.00271772152327009,0.0257465568784085,0.396278909455979,0.0578370555200982,0.0197016531640959,0.00433652335964262,0.0144029738421992
School of Arts and Sciences,Department of Mathematics and Statistics,MATH,2023,0.00979075001228328,0.0032501476749442,0.103424244584027,0.0746814831790351,0.0240826161548821,0.00682112255447495,0.174194111953727,0.00389899369759648,0.0292339371492367,0.00224383339124651,0.0153660867166987,0.0306957495672362,0.00553707398018956,0.00224383339124485,0.0252726687463835,0.394880693888859,0.057363167388073,0.0192277650320703,0.00386263522761743,0.013929085710174
School of Arts and Sciences,Department of Mathematics and Statistics,MATH,2024,0.00979075001228328,0.00325014767494457,0.103424244584027,0.0746814831790333,0.0240826161548821,0.00682112255447495,0.174194111953727,0.00389899369759648,0.0292339371492367,0.00224383339124651,0.0153660867166987,0.0306957495672362,0.00553707398018956,0.00224383339124485,0.0252726687463835,0.394880693888859,0.057363167388073,0.0192277650320717,0.00386263522761743,0.013929085710174
School of Arts and Sciences,Department of Mathematics and Statistics,STAT,2014,0.00537367206926165,0.00714757463628094,0.0328194722384712,0.0286743245080795,0.0331885946986814,0.00537367206926053,0.0437797666537122,0.00537367206926017,0.00942996385762331,0.00537367206926979,0.00903741891070592,0.00537367206925826,0.0053736720692559,0.00537367206925471,0.0078974353086628,0.645188100587762,0.110228729442503,0.0183953497082694,0.0106409303860098,0.00595663457841741
School of Arts and Sciences,Department of Mathematics and Statistics,STAT,2015,0.00568861396719119,0.0122597822530278,0.0495545597175106,0.0440473389378445,0.0337979803610513,0.00568861396718972,0.0431085766120736,0.00568861396718856,0.0208061598214144,0.00568861396719513,0.0132096796835861,0.00568861396718842,0.00568861396718359,0.00568861396718386,0.00925586544963759,0.599859477064154,0.0950079978401993,0.0225807109979134,0.0104373378412333,0.00625423565003363
School of Arts and Sciences,Department of Mathematics and Statistics,STAT,2016,0.00564070510632769,0.0123150070470792,0.0495066508566484,0.0484738017997163,0.0337623584004268,0.00564070510632687,0.0435364198385388,0.00564070510632646,0.00564070510632419,0.00564070510633308,0.00990678950573252,0.00564070510632619,0.00564070510632148,0.00564070510632133,0.00920795785852767,0.613882880999249,0.09493989982425,0.0223399121418162,0.0107963540882362,0.00620632678917158
School of Arts and Sciences,Department of Mathematics and Statistics,STAT,2017,0.00518879504088532,0.0208529447388861,0.0457441033760904,0.0440817538263195,0.0263073265810019,0.00518879504088703,0.0497418991451351,0.00518879504088476,0.00945600466051945,0.0051887950408844,0.0193676185199063,0.00518879504088841,0.00518879504088556,0.00518879504088522,0.0113761369293592,0.61739137496216,0.0827107347334254,0.0213340420418166,0.0095983178077935,0.00571617739138583
School of Arts and Sciences,Department of Mathematics and Statistics,STAT,2018,0.00272725610797794,0.0245051461765039,0.0560923843249326,0.0475312033932176,0.0266631376306337,0.00272725610797983,0.0531774504539184,0.00272725610797762,0.00272725610798274,0.00272725610797703,0.0155422436729489,0.00272725610798153,0.00272725610797854,0.00272725610797846,0.0107489312186553,0.703029109573019,0.00342515749998341,0.0264973085221481,0.00646931957534248,0.00450055909486295
School of Arts and Sciences,Department of Mathematics and Statistics,STAT,2019,0.00254902602013088,0.0172916677606004,0.0531818259734776,0.0434639139565613,0.0269251862555726,0.00254902602013262,0.0490423423781543,0.00254902602013037,0.00715860117766529,0.00349184597384753,0.0149953774969262,0.00254902602013441,0.00254902602013141,0.0025490260201308,0.00994155014173559,0.721279066591595,0.0029146576487183,0.0259877121664448,0.0064830703377775,0.00254902602013274
School of Arts and Sciences,Department of Mathematics and Statistics,STAT,2020,0.00499676937022178,0.013104112118326,0.059114605891317,0.0411171305957624,0.0241796313319674,0.00247529198913552,0.0414369163656617,0.00247529198913512,0.0176010746263899,0.00411721582178719,0.0123660033772501,0.00247529198913703,0.00247529198913477,0.00247529198913418,0.00663252784122187,0.719337600099416,0.0086613854732974,0.024611828905097,0.00716811454173478,0.0031786236948732
School of Arts and Sciences,Department of Mathematics and Statistics,STAT,2021,0.00251629673450431,0.0123549328295377,0.058545174963446,0.0442494824296617,0.0268512626142693,0.00251629673450417,0.0638627571820615,0.00251629673450383,0.00721806339518766,0.00428957447376882,0.00642802386236814,0.00251629673450673,0.00251629673450368,0.00251629673450366,0.00700611145475789,0.708670885171569,0.00919727769739983,0.0264237566037423,0.0065290219385031,0.00327589497670106
School of Arts and Sciences,Department of Mathematics and Statistics,STAT,2022,0.0025786895590223,0.0120389165734776,0.056452610933005,0.0779848218259252,0.0259776952126425,0.00257868955902217,0.0615656707585965,0.00257868955902183,0.0070996190404486,0.0042837643083152,0.00633996564350677,0.00257868955902473,0.0025786895590217,0.00257868955902167,0.00689581909772772,0.681573486133123,0.00900270971565261,0.025566631740982,0.0064370791782519,0.00330907248421148
School of Arts and Sciences,Department of Mathematics and Statistics,STAT,2023,0.00220729656992347,0.0121823865912457,0.0831792594960799,0.0776134288368232,0.0211680109438579,0.0022072965699236,0.0611942777694978,0.00220729656992294,0.00672822605134979,0.00383322195406575,0.00597722895897728,0.00220729656992526,0.00220729656992301,0.00220729656992306,0.00316297639982289,0.669715522592699,0.00863131672655392,0.0244406064240694,0.0059920783403039,0.00293767949511241
School of Arts and Sciences,Department of Mathematics and Statistics,STAT,2024,0.00219217522241078,0.0127751429787283,0.0865851483851703,0.0753046479541666,0.0219890681724064,0.00219217522241116,0.0611791564219852,0.00219217522241037,0.00671310470383703,0.00311686402317389,0.00596210761146482,0.00219217522241248,0.00219217522241044,0.0021921752224105,0.00314785505231036,0.668118120543827,0.00862110869570623,0.0244254850765588,0.00598658089859948,0.00292255814760001
School of Arts and Sciences,Department of Neuroscience,NEUR,2014,0.00947168552563353,0.00947168552562158,0.133477339858255,0.0482385243377077,0.0393822692219763,0.0544870118020778,0.0094716855256298,0.00947168552563027,0.0897382097977616,0.00947168552565001,0.0155326667040061,0.00947168552562779,0.00947168552562446,0.00947168552562263,0.196522588611616,0.0162539066875574,0.284779930067608,0.0244369635097794,0.0119054196709932,0.00947168552562129
School of Arts and Sciences,Department of Neuroscience,NEUR,2015,0.00895527491801685,0.00895527491800639,0.124103382512594,0.0418128185228724,0.0367293883503371,0.0632254587717879,0.00895527491801294,0.00895527491801388,0.0764574074390256,0.0167109538899398,0.0150079001761121,0.00895527491801102,0.00895527491800542,0.00895527491800695,0.228963850848018,0.0152530517112322,0.22496140808395,0.0739170094399135,0.0112151709101366,0.00895527491800649
School of Arts and Sciences,Department of Neuroscience,NEUR,2016,0.00896011559520004,0.0089601155951894,0.124108223189777,0.041463404697328,0.0367342290275194,0.0615519037235087,0.0089601155951961,0.00896011559519707,0.0750301197866821,0.0180375539649263,0.0150127408532947,0.0089601155951941,0.00896011559518869,0.00896011559519019,0.234993169591765,0.015257892388416,0.222765757439649,0.0721440689882697,0.0112200115873196,0.00896011559518921
School of Arts and Sciences,Department of Neuroscience,NEUR,2017,0.00898093492642165,0.00898093492642218,0.124129042520999,0.0421819060258479,0.0367550483587409,0.0614342916523198,0.00898093492642164,0.00898093492642146,0.075207129532696,0.0174370491926676,0.0150335601845269,0.00898093492642227,0.0089809349264212,0.00898093492642298,0.236757458227841,0.0151096135274056,0.217956259983492,0.0749228030726331,0.0112283583094542,0.00898093492642214
School of Arts and Sciences,Department of Neuroscience,NEUR,2018,0.00369615693064947,0.00369615693065029,0.138035615790989,0.0430069878756752,0.036099289268355,0.0598215697409123,0.0729003772855933,0.0036961569306494,0.0808518101264116,0.0238845065313972,0.0107757003912056,0.003696156930651,0.00369615693064859,0.00369615693065296,0.345100291955026,0.0111373972312986,0.0670742393338423,0.0791196422155029,0.00631947373923947,0.00369615693064994
School of Arts and Sciences,Department of Neuroscience,NEUR,2019,0.00320568638374074,0.00320568638374182,0.200545445444512,0.0366375611126172,0.029128192253905,0.0481060166319512,0.0585690626676953,0.00320568638374024,0.064930208940351,0.0193563660643388,0.0088693211521853,0.00320568638374278,0.00942310079271455,0.00320568638374338,0.276328994403243,0.00915867862426104,0.0539081523062952,0.152884386809195,0.00530433983061303,0.0108217410474141
School of Arts and Sciences,Department of Neuroscience,NEUR,2020,0.00406052356675797,0.00406052356675879,0.188953823684453,0.0271898490384972,0.167315511933443,0.0360939231092437,0.0401670733171628,0.00508369550112349,0.0263523303835746,0.0145935755323649,0.00775419841574362,0.0040605235667599,0.0118017583411175,0.00406052356675928,0.195904050545587,0.0135745349920571,0.0426424251058778,0.17799345681131,0.00406052356676028,0.0242771754546474
School of Arts and Sciences,Department of Neuroscience,NEUR,2021,0.00367159361308115,0.00367159361308207,0.176718741172493,0.0867418262427136,0.133149687834937,0.062040804618031,0.0365674843530527,0.00448307480240512,0.0230749290760422,0.0120253934478725,0.00660105987262243,0.00367159361308244,0.0101599869594665,0.00367159361308198,0.190207032812978,0.0112171888814282,0.0342710327647981,0.169778398332187,0.00367159361308305,0.0246053907635626
School of Arts and Sciences,Department of Neuroscience,NEUR,2022,0.00356591365470654,0.00356591365470788,0.190530585695567,0.0765670271777168,0.130126445555935,0.0641868015448702,0.0324744236989237,0.00427903348774874,0.0248476106669918,0.0109071316913416,0.00614029309490871,0.00356591365470762,0.00926783508031854,0.00356591365470882,0.194682984253866,0.0101968913147694,0.0315915686233938,0.17360269877256,0.00356591365471005,0.0227691010675479
School of Arts and Sciences,Department of Neuroscience,NEUR,2023,0.00255859807914016,0.00255859807914122,0.281101982157847,0.0792723344279032,0.10354192876684,0.0628344585798459,0.0249147849456697,0.00327171791218236,0.0214442439555111,0.0103239777505011,0.00513297751934179,0.00255859807914097,0.0082605195047513,0.00255859807914212,0.177271474381958,0.00918957573919947,0.0309687836848881,0.147916464785874,0.00255859807914355,0.0217617854919795
School of Arts and Sciences,Department of Neuroscience,NEUR,2024,0.00255859807914016,0.00255859807914122,0.281101982157847,0.0792723344279032,0.10354192876684,0.0628344585798459,0.0249147849456697,0.00327171791218236,0.0214442439555111,0.0103239777505011,0.00513297751934179,0.00255859807914097,0.0082605195047513,0.00255859807914212,0.177271474381958,0.00918957573919947,0.0309687836848881,0.147916464785874,0.00255859807914355,0.0217617854919795
School of Arts and Sciences,Department of Performing Arts,AMGT,2022,0.0117234154841592,0.0777078756698481,0.189337796064788,0.00197518108339352,0.0387780842736777,0.00197518108339668,0.00197518108339096,0.00197518108339098,0.00197518108339365,0.0178673319746796,0.0019751810833918,0.134044399155287,0.0266513407939621,0.0019751810833953,0.0019751810833922,0.00197518108339345,0.0019751810833909,0.480187583582874,0.00197518108339585,0.00197518108339893
School of Arts and Sciences,Department of Performing Arts,AMGT,2023,0.0296059777469909,0.113478672899115,0.0852507334471626,0.00618691660762926,0.0345522789570922,0.029528789990147,0.00204158226225774,0.00204158226225891,0.0212230929521481,0.0221905327313301,0.00204158226225739,0.189033002616486,0.0674599034855084,0.0629024914380697,0.00468756646498227,0.00204158226225713,0.0135064417541821,0.148233290228097,0.123940548116323,0.0400534315157059
School of Arts and Sciences,Department of Performing Arts,AMGT,2024,0.0296059777469909,0.114121024821676,0.0842199194668235,0.00618691660762926,0.0345522789570923,0.029528789990147,0.00204158226225776,0.0020415822622589,0.0212230929521481,0.022196032886982,0.00204158226225739,0.188791522667078,0.0709476727337829,0.0629024914380697,0.00468756646498227,0.00204158226225708,0.0135064417541821,0.144340512871548,0.124969998076131,0.0400534315157056
School of Arts and Sciences,Department of Performing Arts,ATEC,2014,0.0155194884267375,0.0154378431721194,0.0435109327278728,0.0321664027654924,0.0578328404453667,0.0232688653592807,0.00668779730547833,0.00851888770255117,0.560727860897301,0.00884490870772167,0.00668779730547597,0.00786804627674808,0.0262747930471579,0.00668779730547317,0.00668779730547603,0.0102140753730452,0.120388146460943,0.0293001248048104,0.00668779730547403,0.00668779730547458
School of Arts and Sciences,Department of Performing Arts,ATEC,2015,0.0215109402141557,0.0145217951035385,0.0299711168068443,0.0303699041919969,0.0546854767308252,0.0331327910179637,0.00623227796672017,0.00919368939892551,0.579562730162582,0.00827585718989797,0.00623227796671747,0.00735040857108081,0.02478837919568,0.00623227796671543,0.00623227796671831,0.00764036243085117,0.113948398219266,0.0276544829660877,0.00623227796671629,0.00623227796671716
School of Arts and Sciences,Department of Performing Arts,ATEC,2016,0.0215123158610232,0.0145231707504067,0.0299724924537128,0.0303712798388647,0.0547803958110154,0.0331341666648313,0.00623365361358777,0.00912660060119138,0.579509944267824,0.00819910820693755,0.00623365361358492,0.00735178421794873,0.025086747954542,0.00623365361358379,0.00623365361358574,0.00764173807771911,0.113949773866134,0.027438559746339,0.0062336536135837,0.00623365361358446
School of Arts and Sciences,Department of Performing Arts,ATEC,2017,0.0214672064717977,0.0147699502650451,0.0300017079319551,0.030399916194896,0.0538831651885813,0.0320235378107827,0.00626228996961438,0.00909945857656633,0.577169090247118,0.00833891448316645,0.00626228996961578,0.00746800010020496,0.0295906287901531,0.00626228996961411,0.00626228996961705,0.00767037443374996,0.113242346338975,0.0273019633493166,0.0062622899696151,0.00626228996961549
School of Arts and Sciences,Department of Performing Arts,ATEC,2018,0.0208952954837539,0.0130443990320437,0.0310772015019343,0.0315500664557994,0.0585137088191848,0.0357942242771983,0.00288663531327711,0.00615599994700055,0.711738547534635,0.00533031065069723,0.00288663531327917,0.00445581665944816,0.0287748407826857,0.00288663531327677,0.00288663531328061,0.00455915991602257,0.00288663531327702,0.0279039817466495,0.00288663531327792,0.00288663531327837
School of Arts and Sciences,Department of Performing Arts,ATEC,2019,0.0283028770577101,0.0111544575792604,0.0274667648242345,0.026738177515055,0.0476152098627637,0.0303122051541281,0.00260055128977398,0.00535370045501397,0.718478055141992,0.00575724035638441,0.00260055128977455,0.00678557502488515,0.0376433108853994,0.0026005512897728,0.00461681754557159,0.0065500252998959,0.00260055128977251,0.0276222755590642,0.00260055128977371,0.00260055128977419
School of Arts and Sciences,Department of Performing Arts,ATEC,2020,0.0213818608669802,0.00444777588272754,0.0267246115274305,0.0243212435358786,0.0432099870885681,0.0024824388558655,0.00248243885586393,0.00310909693395234,0.752670181089672,0.00533849086851132,0.00248243885586371,0.00626888890191633,0.0559887321925603,0.002482438855862,0.00784463404603662,0.00605577248406944,0.00248243885586181,0.0252616525906521,0.0024824388558635,0.00248243885586452
School of Arts and Sciences,Department of Performing Arts,ATEC,2021,0.0228896318886778,0.00253640818439963,0.0328287931156227,0.026055120916723,0.0469318855370953,0.00253640818440049,0.00253640818439935,0.00321127073003296,0.727707660896052,0.00429304917800213,0.00253640818439933,0.0052294385237671,0.0501415702453426,0.00253640818439764,0.00831107992766226,0.00651161500198762,0.00253640818439687,0.0455976185638422,0.00253640818439902,0.00253640818440011
School of Arts and Sciences,Department of Performing Arts,ATEC,2022,0.0228896318886778,0.00253640818439963,0.0328287931156227,0.026055120916723,0.0469318855370953,0.00253640818440049,0.00253640818439935,0.00321127073003296,0.727707660896052,0.00429304917800213,0.00253640818439933,0.0052294385237671,0.0501415702453426,0.00253640818439764,0.00831107992766226,0.00651161500198762,0.00253640818439687,0.0455976185638422,0.00253640818439902,0.00253640818440011
School of Arts and Sciences,Department of Performing Arts,ATEC,2023,0.0211569211761158,0.00179653765253378,0.0653683277760388,0.0241679961052288,0.0288034571010441,0.00179653765253511,0.0017965376525335,0.00243848007398991,0.717642172514131,0.00346748884157046,0.00179653765253373,0.00435820065827299,0.059927867210627,0.00179653765253191,0.00911005979557534,0.00557783194243472,0.00179653765253108,0.0436088955847044,0.00179653765253339,0.00179653765253459
School of Arts and Sciences,Department of Performing Arts,ATEC,2024,0.0211569211761158,0.00179653765253394,0.0653683277760388,0.0241679961052281,0.0288034571010441,0.00179653765253511,0.0017965376525335,0.00243848007398991,0.717642172514131,0.00346748884157046,0.00179653765253373,0.00435820065827299,0.059927867210627,0.00179653765253191,0.00911005979557534,0.00557783194243472,0.00179653765253108,0.043608895584705,0.00179653765253339,0.00179653765253459
School of Arts and Sciences,Department of Performing Arts,ATEC,,0.0155194884267375,0.0154378431721194,0.0435109327278728,0.0321664027654924,0.0578328404453667,0.0232688653592807,0.00668779730547833,0.00851888770255117,0.560727860897301,0.00884490870772167,0.00668779730547597,0.00786804627674808,0.0262747930471579,0.00668779730547317,0.00668779730547603,0.0102140753730452,0.120388146460943,0.0293001248048104,0.00668779730547403,0.00668779730547458
School of Arts and Sciences,Department of Performing Arts,DNCE,2020,0.525857254803856,0.0506259887364203,0.0786248733456705,0.00721847868074823,0.0542270183437344,0.0322473992114375,0.0338704541907364,0.00212536268888744,0.0260111250386254,0.0109433050780962,0.00515877642429326,0.0134967407316203,0.00628917209184768,0.00212536268888876,0.0807885194745253,0.00212536268889235,0.00456267454102593,0.0360361299241232,0.00397925926300785,0.0236867420535632
School of Arts and Sciences,Department of Performing Arts,DNCE,2021,0.528495005973693,0.0463618152402897,0.0881277924665768,0.00717986633688946,0.0541884059998757,0.026029663906737,0.0338318418468778,0.00208675034502866,0.0219547891865476,0.0109046927342376,0.00512016408043429,0.0134581283877614,0.0174154742035653,0.00208675034502994,0.0807499071306661,0.00208675034503349,0.00452406219716726,0.0296632592188525,0.00208675034503203,0.0236481297097045
School of Arts and Sciences,Department of Performing Arts,DNCE,2022,0.528495005973693,0.0463618152402897,0.0881277924665768,0.00717986633688946,0.0541884059998757,0.026029663906737,0.0338318418468778,0.00208675034502866,0.0219547891865476,0.0109046927342376,0.00512016408043429,0.0134581283877614,0.0174154742035653,0.00208675034502994,0.0807499071306661,0.00208675034503349,0.00452406219716726,0.0296632592188525,0.00208675034503203,0.0236481297097045
School of Arts and Sciences,Department of Performing Arts,DNCE,2023,0.547120430812623,0.0284760790202255,0.109428478322436,0.00737351636364762,0.0337200006811791,0.0285691750017476,0.0355857557979655,0.00197330597247812,0.0229694802253012,0.0113099508551702,0.00516435705989107,0.00799344728922261,0.0159623027276327,0.00197330597247948,0.0849054231060113,0.00197330597248328,0.00455398911003604,0.0311816010836246,0.00197330597248196,0.0177927886533641
School of Arts and Sciences,Department of Performing Arts,DNCE,2024,0.489353750242614,0.0409776972728461,0.0912111978501428,0.0289384720353547,0.102744064432091,0.0241571414378639,0.0299757694152152,0.00210203053554249,0.0195134921110552,0.00984461409679931,0.00474826802266675,0.0120866551584302,0.0155613978259648,0.00210203053554354,0.0708750057194487,0.002102030535547,0.00424210923498126,0.0263235435545436,0.00210203053554535,0.0210386994478041
School of Arts and Sciences,Department of Performing Arts,MUS,2014,0.00215048810376317,0.00847651282183936,0.100474040544693,0.00215048810375806,0.0406306540296773,0.0682695811775809,0.00215048810375884,0.00215048810375934,0.00215048810376345,0.00215048810376027,0.00215048810376281,0.703115710761642,0.00215048810376195,0.00215048810376143,0.00215048810376792,0.00215048810376736,0.0021504881037733,0.00215048810376564,0.00710181032387949,0.0439753449917645
School of Arts and Sciences,Department of Performing Arts,MUS,2015,0.00215048810376317,0.00847651282183936,0.100474040544693,0.00215048810375806,0.0406306540296773,0.0682695811775809,0.00215048810375884,0.00215048810375934,0.00215048810376345,0.00215048810376027,0.00215048810376281,0.703115710761642,0.00215048810376195,0.00215048810376143,0.00215048810376792,0.00215048810376736,0.0021504881037733,0.00215048810376564,0.00710181032387949,0.0439753449917645
School of Arts and Sciences,Department of Performing Arts,MUS,2016,0.00215604092180236,0.00215604092180558,0.138492447296598,0.00215604092179677,0.0231746561535316,0.060325455430971,0.00215604092179855,0.00215604092179821,0.00215604092180375,0.00215604092180021,0.00215604092180296,0.68896712096241,0.00215604092179998,0.00215604092179864,0.0106501883724057,0.00215604092180772,0.00215604092181957,0.00215604092179952,0.0071066180445796,0.0432549817560705
School of Arts and Sciences,Department of Performing Arts,MUS,2017,0.00215604092180069,0.00215604092180596,0.11019041659396,0.00215604092179678,0.0230588857147801,0.060325455430971,0.00215604092179784,0.00215604092179713,0.00215604092180464,0.0021560409217966,0.00215604092180398,0.692533025899587,0.00215604092180017,0.00215604092179871,0.0110017767986731,0.00215604092180872,0.00215604092179682,0.00215604092180002,0.00710661804457969,0.0677552895340413
School of Arts and Sciences,Department of Performing Arts,MUS,2018,0.00212485086790188,0.0021248508679061,0.132918901415942,0.00212485086789731,0.0226064529923141,0.0598581692018905,0.00212485086789816,0.00212485086789756,0.00212485086790449,0.00212485086789693,0.00212485086790337,0.688734846283427,0.00212485086790051,0.00212485086789921,0.0110951707615848,0.00212485086790817,0.00212485086789754,0.00212485086790084,0.00707617308801751,0.050087224974112
School of Arts and Sciences,Department of Performing Arts,MUS,2019,0.00212485086790188,0.0021248508679061,0.132918901415942,0.00212485086789731,0.0226064529923141,0.0598581692018905,0.00212485086789816,0.00212485086789756,0.00212485086790449,0.00212485086789693,0.00212485086790337,0.688734846283427,0.00212485086790051,0.00212485086789921,0.0110951707615848,0.00212485086790817,0.00212485086789754,0.00212485086790084,0.00707617308801751,0.050087224974112
School of Arts and Sciences,Department of Performing Arts,MUS,2020,0.00212485086790188,0.0021248508679061,0.132918901415942,0.00212485086789731,0.0226064529923141,0.0598581692018905,0.00212485086789816,0.00212485086789756,0.00212485086790449,0.00212485086789693,0.00212485086790337,0.688734846283427,0.00212485086790051,0.00212485086789921,0.0110951707615848,0.00212485086790817,0.00212485086789754,0.00212485086790084,0.00707617308801751,0.050087224974112
School of Arts and Sciences,Department of Performing Arts,MUS,2021,0.00212485086790188,0.0021248508679061,0.132918901415942,0.00212485086789731,0.0226064529923141,0.0598581692018905,0.00212485086789816,0.00212485086789756,0.00212485086790449,0.00212485086789693,0.00212485086790337,0.688734846283427,0.00212485086790051,0.00212485086789921,0.0110951707615848,0.00212485086790817,0.00212485086789754,0.00212485086790084,0.00707617308801751,0.050087224974112
School of Arts and Sciences,Department of Performing Arts,MUS,2022,0.00212485086790188,0.0021248508679061,0.132918901415942,0.00212485086789731,0.0226064529923141,0.0598581692018905,0.00212485086789816,0.00212485086789756,0.00212485086790449,0.00212485086789693,0.00212485086790337,0.688734846283427,0.00212485086790051,0.00212485086789921,0.0110951707615848,0.00212485086790817,0.00212485086789754,0.00212485086790084,0.00707617308801751,0.050087224974112
School of Arts and Sciences,Department of Performing Arts,MUS,2023,0.00213068921367583,0.00213068921368172,0.188979332853735,0.00213068921367069,0.0118426233544768,0.00213068921367923,0.00213068921367267,0.00213068921367191,0.00213068921367613,0.00213068921367099,0.00213068921367686,0.681623907159477,0.00213068921367322,0.00213068921367226,0.0149454319189359,0.00213068921368427,0.00213068921367134,0.00213068921367515,0.00213068921367311,0.0706483665082503
School of Arts and Sciences,Department of Performing Arts,MUS,2024,0.182426908051621,0.0994278728250596,0.0871961492515725,0.0026769818726946,0.013591303295423,0.0310307251292891,0.00954450896414125,0.00593200180526088,0.0063212132243895,0.00675992042609038,0.0200902409431832,0.211342105391168,0.00661261034523607,0.00451906778827395,0.0364384860010892,0.00586677371119999,0.0221133774141984,0.00573413545486852,0.00340511749330177,0.23897050061194
School of Arts and Sciences,Department of Performing Arts,PERF,2014,0.244112574409125,0.049830482041662,0.0700008174538253,0.0115775132183675,0.0648338360775245,0.0412019892651811,0.00553517204277795,0.0102672159426502,0.0436930345456978,0.00706730753585369,0.0359922998444241,0.0933493387751721,0.0163432274163753,0.0114727798403251,0.107076079310337,0.00608762309312754,0.0570578032541152,0.0344768190221033,0.0130169422559724,0.0770071446553834
School of Arts and Sciences,Department of Performing Arts,PERF,2015,0.224913133102392,0.0457853536893626,0.0404994102998059,0.0112806376609293,0.0650721181165728,0.043289021242865,0.00478712738776531,0.00809179422885016,0.0417172071088591,0.00910892924931493,0.0361877391001207,0.108131956728442,0.0224050719012571,0.0147207114950556,0.109700783593538,0.00577058121689041,0.0647038370855034,0.0349530699054341,0.027681154642786,0.0812003622442567
School of Arts and Sciences,Department of Performing Arts,PERF,2016,0.214188029252333,0.0494868797166741,0.0477492125837472,0.0105414301495566,0.0592640857178603,0.0472210415071768,0.00457442070935225,0.00761116484879636,0.0368132525506322,0.00862710082709141,0.0313447975913945,0.110041096185489,0.0224282319740972,0.0153732579796903,0.0985155519640579,0.0062619399598275,0.0549530716801734,0.0284513948298426,0.0271886059714717,0.119365434000735
School of Arts and Sciences,Department of Performing Arts,PERF,2017,0.233558756154493,0.0561265289052721,0.0475772190837536,0.0102501415154469,0.0583085082382481,0.0460974440633915,0.00996677464949301,0.00763978931419032,0.0384675837452857,0.00764197152111297,0.0158710170224364,0.0995562821579669,0.0205019643255401,0.0145172605084465,0.111835827866005,0.00568421864539831,0.0462027016050122,0.0343310720095512,0.0235835203094372,0.112281418359519
School of Arts and Sciences,Department of Performing Arts,PERF,2018,0.239876082411129,0.0645109244791544,0.0475910677736481,0.00944788790262826,0.05840113200941,0.0448573459216454,0.00903174142775097,0.00737764908487814,0.03906459768021,0.00894353577902567,0.0150897538045541,0.106063222394411,0.0225694209385674,0.0153872664449936,0.118114126811292,0.00467894322261915,0.0164091586443742,0.030896425516804,0.0227164830080662,0.118973234744839
School of Arts and Sciences,Department of Performing Arts,PERF,2019,0.277186736412801,0.0636970574269683,0.045668381112689,0.00998609416796669,0.0581931664586578,0.0448181118508331,0.0114821174723495,0.00726848127152879,0.0402169886235262,0.00667937761698087,0.0170809921014156,0.089326001370742,0.0121962173762544,0.00418580670743357,0.139073505698712,0.00500824251625798,0.0159248220158882,0.0106535155592577,0.0111894135941733,0.130164970645564
School of Arts and Sciences,Department of Performing Arts,PERF,2020,0.213213630312261,0.0601690659066677,0.0500764974992619,0.0109791058040592,0.0576320668989305,0.0426744406445878,0.0100087363124094,0.00560854315980395,0.0433742094947233,0.00509275383744854,0.0213237291645548,0.10835580769801,0.013660144965584,0.0048202372182483,0.153278602261787,0.00586903150656429,0.0189851904402497,0.00496633053350492,0.0131391462144732,0.15677273012687
School of Arts and Sciences,Department of Performing Arts,PERF,2021,0.202815789879184,0.0612664461005202,0.0509852315546578,0.011157047491321,0.0578495278410933,0.0422282335809368,0.0101685402521636,0.00568610049857486,0.0441576671388198,0.00516067025430625,0.021289061075239,0.110353874654317,0.0138881995343694,0.00405210703059479,0.156116347621156,0.00595145778639607,0.0193127785693092,0.0045276703607399,0.0133574624888454,0.159675786287455
School of Arts and Sciences,Department of Performing Arts,PERF,2022,0.202815789879184,0.0612664461005202,0.0509852315546578,0.011157047491321,0.0578495278410933,0.0422282335809368,0.0101685402521636,0.00568610049857486,0.0441576671388198,0.00516067025430625,0.021289061075239,0.110353874654317,0.0138881995343694,0.00405210703059479,0.156116347621156,0.00595145778639607,0.0193127785693092,0.0045276703607399,0.0133574624888454,0.159675786287455
School of Arts and Sciences,Department of Performing Arts,PERF,2023,0.216340216202557,0.058582844713911,0.0711667503398913,0.0123451220158056,0.0566987059306937,0.036526315348461,0.0140236725292768,0.0055374269354664,0.0502058648770938,0.00578124010065101,0.0228604074225101,0.108220678066079,0.0207797041304064,0.00419107784655879,0.146397137884712,0.00768656601380301,0.0207848961874603,0.00844314722934056,0.017658166672794,0.115770059552528
School of Arts and Sciences,Department of Performing Arts,PERF,2024,0.189244967283778,0.0318098361370663,0.212198904308103,0.0571723549621426,0.036001219632619,0.00639592227472551,0.00999801047932122,0.0197891053217687,0.0655630149362406,0.0065258134102708,0.0048868258384723,0.0656872051197687,0.0386731810391386,0.0114335903053668,0.074945408916474,0.00316059882891449,0.0278036580438138,0.0199479880657185,0.0818127327882944,0.0369496623080024
School of Arts and Sciences,Department of Performing Arts,THTR,2024,0.13679976981222,0.0269393676025611,0.0947081991909412,0.00326047271704021,0.0750102072434312,0.0563002296108335,0.0166775270395225,0.00232804905953602,0.0957111152588975,0.00455439631107212,0.0232991357540997,0.08187743454043,0.0258076661462724,0.0031145593923608,0.317182970399456,0.0106816692922547,0.00463745810745095,0.00763122705892845,0.00432603071827443,0.00915251474441746
School of Arts and Sciences,Department of Philosophy and Religion,PHIL,2014,0.0756220881863295,0.00650129629439887,0.0601635694352646,0.0264263731758303,0.0202710063886517,0.00484784430550509,0.404841508417621,0.0204733922912127,0.00548208483397377,0.0138703720941479,0.0202042267412628,0.00484784430550323,0.00581830957976031,0.00778632397882871,0.00484784430550057,0.0137573164143316,0.109384748901456,0.0239655418546966,0.084094934678451,0.086793373817274
School of Arts and Sciences,Department of Philosophy and Religion,PHIL,2015,0.0751705268793492,0.00604973498741904,0.0510066419797258,0.0259748118688503,0.0198194450816711,0.00439628299852483,0.403670440155332,0.0200218309842326,0.00503052352699393,0.0134188107871667,0.0197526654342823,0.00439628299852311,0.00536674827278045,0.00733476267184894,0.00439628299852077,0.0133057551073519,0.0994127141939291,0.0235139805477167,0.111619946015488,0.0863418125102943
School of Arts and Sciences,Department of Philosophy and Religion,PHIL,2016,0.0755978026259882,0.00598536497623839,0.050799340471742,0.025589069649905,0.0195329829721956,0.00435858156781091,0.395915644288224,0.0197321045860068,0.00498259241033651,0.0132355847147003,0.0194672804158945,0.00435858156780897,0.00531339417635245,0.00888828889646313,0.00435858156780649,0.013124352513592,0.0978424896794179,0.0228819997533859,0.123807201836346,0.0842287613297853
School of Arts and Sciences,Department of Philosophy and Religion,PHIL,2017,0.0732490422527483,0.00617063053677937,0.0519314209652681,0.0257042197649349,0.0196384800578636,0.00446407865347904,0.39867572464656,0.0197286920151719,0.00508808949600928,0.0134589833660195,0.0190964154270426,0.00446407865347992,0.0054576646096317,0.00925020003979284,0.00446407865347859,0.0149747907169979,0.0935471511843962,0.0232105988994533,0.12258434494359,0.084841315117303
School of Arts and Sciences,Department of Philosophy and Religion,PHIL,2018,0.0865519080109074,0.00464841715237274,0.0527858403583516,0.0346013371252837,0.0203255630682959,0.00265080411865988,0.427583856525187,0.018320327663458,0.00332896313344134,0.0127259349383997,0.0161007447464557,0.00265080411866104,0.00366245021943493,0.00619156385142582,0.00265080411865962,0.0126428910655769,0.0384175840869842,0.0257548995415905,0.131145902913803,0.0972594032430514
School of Arts and Sciences,Department of Philosophy and Religion,PHIL,2019,0.0900651112724673,0.00450421052538144,0.0611103214804636,0.0334417772788716,0.0196499277661885,0.00257431318772661,0.424005624948548,0.0100102174408993,0.00322948376132911,0.0151496635469645,0.0155683236247495,0.00257431318772785,0.00355166620034,0.00599504716683961,0.00257431318772612,0.0148074582908398,0.037902140964459,0.0248952189353036,0.138257878903905,0.0901329883292699
School of Arts and Sciences,Department of Philosophy and Religion,PHIL,2020,0.0890329556494129,0.00443956265741797,0.0601022384299155,0.0328948366316833,0.0193328512775448,0.00254183027539077,0.424309160912258,0.00985380279101058,0.004074690794769,0.0149075914619746,0.0153192738717966,0.00254183027539197,0.00350289407112721,0.00590555202151853,0.00439160004233445,0.0145710896267853,0.0372808609225109,0.0260093166741931,0.140346867448389,0.088641194164575
School of Arts and Sciences,Department of Philosophy and Religion,PHIL,2021,0.0919697747400029,0.00417095175216632,0.0506974832738058,0.0308477711030405,0.0228962051944292,0.00239182764401567,0.42783536061644,0.034369038217969,0.00382888438093275,0.0185336878760383,0.0143706810156464,0.00239182764401677,0.00329282495251907,0.0069363955437813,0.00490011561294426,0.0136692582859477,0.0354512675721456,0.0242065180925763,0.118061780463841,0.0891783460177409
School of Arts and Sciences,Department of Philosophy and Religion,PHIL,2022,0.098006738817609,0.0041533845767297,0.0506799160983695,0.0308302039276041,0.0228786380189927,0.00237426046857915,0.431157805494362,0.0343514710425326,0.00381131720549635,0.0185161207006015,0.0143531138402097,0.00237426046858013,0.00327525777708243,0.00691882836834452,0.00488254843750761,0.0136516911105111,0.0354337003967091,0.0263232492319192,0.104749304961128,0.0912781890571314
School of Arts and Sciences,Department of Philosophy and Religion,PHIL,2023,0.105504881216901,0.00394863212811388,0.0721163505092405,0.0306481250322193,0.0178110746715289,0.00216950801996298,0.397936249842811,0.0341467185939175,0.00360656475688079,0.0193273852431211,0.0150858984778129,0.00216950801996372,0.00307050532846666,0.00702223859731446,0.00467779598889151,0.0134469386618952,0.0372595970736162,0.026118496783303,0.104544552512513,0.0993889785415272
School of Arts and Sciences,Department of Philosophy and Religion,PHIL,2024,0.122169589710128,0.00395440140586322,0.0700966619247997,0.0437535296587537,0.0173967699328108,0.00222919014947417,0.36635029333893,0.0360004625252939,0.00362269971254606,0.0193981632730289,0.0156791363908693,0.0022291901494749,0.00383829467783189,0.00693486828508825,0.00475316586073411,0.0131648804689237,0.0362559431711983,0.0259595163599127,0.101983582315551,0.104229660688788
School of Arts and Sciences,Department of Philosophy and Religion,RELG,2014,0.117803079702816,0.0068782737403904,0.0904542267521901,0.0346731160604089,0.0329336722418851,0.00687827374039556,0.0568159292905661,0.0759385594133028,0.0085976910078475,0.00687827374041521,0.00884677834601959,0.00687827374039434,0.00687827374038877,0.0186389100065789,0.00972884963291525,0.00687827374039046,0.398938677087896,0.00687827374039377,0.0215403860881574,0.0769422081866484
School of Arts and Sciences,Department of Philosophy and Religion,RELG,2015,0.117848776459554,0.00692397049712904,0.0904999235089292,0.0625136551371643,0.032979368998624,0.00692397049713424,0.0541058218174442,0.0601220882263912,0.00864338776458618,0.00692397049715359,0.00889247510275787,0.00692397049713323,0.00692397049712773,0.0186846067633177,0.00977454638965366,0.00692397049712946,0.388893568563355,0.00692397049713248,0.0215860828448962,0.0769879049433873
School of Arts and Sciences,Department of Philosophy and Religion,RELG,2016,0.140532257670451,0.0149134698449897,0.086055537809286,0.0591140944863534,0.031267481841441,0.00670096325432308,0.042727357493537,0.0568591885419084,0.00832212810649225,0.00813013102210232,0.00855698188248215,0.00670096325432283,0.00670096325431679,0.0199617251156368,0.00938864909584082,0.0067009632543154,0.386130774107415,0.00670096325432105,0.0205252406107847,0.0740101660996799
School of Arts and Sciences,Department of Philosophy and Religion,RELG,2017,0.138827711101304,0.0151578238412245,0.0861465404074568,0.0591537650935143,0.0312911629505373,0.006740633861478,0.0425215432515276,0.0606354659187181,0.00845438474797306,0.0081050142500419,0.00859665248964282,0.00674063386148054,0.00674063386147753,0.0204090929330565,0.00942831970300152,0.00674063386147616,0.384206981177199,0.0067406338614819,0.0205133164760331,0.0728490563513754
School of Arts and Sciences,Department of Philosophy and Religion,RELG,2018,0.172815841858882,0.0120165656033299,0.102131272674175,0.0686952861442636,0.0338670557916012,0.00317887210421805,0.0517094159422801,0.075796140297477,0.00532071725954642,0.00457478348857419,0.00546194756391904,0.0031788721042211,0.00317887210421771,0.0217970241970739,0.00653689382519854,0.00317887210421585,0.32141377911737,0.00317887210422287,0.0196374438765544,0.0823314718386584
School of Arts and Sciences,Department of Philosophy and Religion,RELG,2019,0.173337756427426,0.0217231791528255,0.10205095103885,0.0705151357863205,0.0337867341562764,0.00309855046889321,0.0513933319117695,0.0757158186621507,0.00524039562422131,0.00449446185324807,0.0030985504688957,0.00309855046889578,0.00363131205756559,0.0216805201322161,0.00716700184928252,0.00309855046889104,0.290489166392825,0.00309855046889774,0.0253357501886967,0.097945732421853
School of Arts and Sciences,Department of Philosophy and Religion,RELG,2020,0.162906641503271,0.0216802613586813,0.1069836328188,0.0704722179921756,0.0337438163621323,0.00305563267474907,0.0560022781050838,0.0756729008680061,0.00519747783007715,0.00445154405910382,0.00305563267475159,0.00305563267475153,0.00358839426342139,0.0229230154778019,0.00376606233415894,0.00305563267474725,0.290589713289816,0.0125840479587573,0.0193126504520065,0.0979028146277073
School of Arts and Sciences,Department of Philosophy and Religion,RELG,2021,0.152470563979387,0.0186297734749834,0.0936950584518584,0.0600290094064312,0.0355782206238616,0.00282705822800916,0.171218113400136,0.0732095301693354,0.00464438139010494,0.0129799272579728,0.00282705822801146,0.00282705822801114,0.00388937699573211,0.0173218533647207,0.00342984702993214,0.004986050216334,0.225469183144495,0.00515118085877424,0.0226410459026005,0.0861757096493089
School of Arts and Sciences,Department of Philosophy and Religion,RELG,2022,0.151655029097317,0.0199803250593807,0.0893858186105769,0.109767935213762,0.0353587153135366,0.00289930977568766,0.155778830937309,0.0692599261775095,0.00461278589994951,0.0135621286142327,0.00289930977568992,0.00289930977568977,0.00332551904662502,0.0146939405303059,0.00346765350321515,0.00493493079325111,0.206710381717825,0.00529655037778815,0.0199002507997273,0.0836113489806214
School of Arts and Sciences,Department of Philosophy and Religion,RELG,2023,0.156914072589641,0.0195741539610589,0.122879163660844,0.109361764115437,0.0209991400617149,0.00249313867736555,0.146309363295213,0.0688537550791851,0.00249313867736513,0.0150138171568415,0.00249313867736763,0.00249313867736702,0.00430470554372599,0.0142877694319833,0.00306148240489357,0.00452875969493021,0.20093779676965,0.00489037927946459,0.0149061443636523,0.0832051778822992
School of Arts and Sciences,Department of Philosophy and Religion,RELG,2024,0.156975685979013,0.0195966522322324,0.122995299572123,0.109381896255362,0.0210184607627174,0.00251293614888029,0.144746841399125,0.0677270843564329,0.00251293614887988,0.0205902093086792,0.0025129361488824,0.0025129361488818,0.0043259188806002,0.0134113671560017,0.0030812798764083,0.00454855716644499,0.198494802145704,0.0049080376369052,0.0149259418351672,0.0832202208415588
School of Arts and Sciences,Department of Physics,PHYS,2014,0.0093869488782622,0.00740340525242077,0.0510171185842581,0.0728972574547581,0.0418645959105872,0.00555012961916477,0.0129936319466172,0.020361251992156,0.078014167404753,0.00662003981621918,0.0055501296191603,0.0128434598825051,0.00756135989796863,0.0144940381661136,0.00555012961916067,0.459292519344332,0.100416920016522,0.0319858083123582,0.0229457361040692,0.0332513521786136
School of Arts and Sciences,Department of Physics,PHYS,2015,0.00551797704375841,0.00737125267701409,0.0531110920581292,0.0756091014512892,0.0400718035657069,0.00551797704375751,0.0129614793712109,0.0203290994167495,0.0871988527635279,0.00658788724081262,0.00551797704375382,0.00551797704375574,0.0144997481867298,0.0112189936895172,0.00551797704375413,0.454979598050597,0.100384767441115,0.0319536557369521,0.0229135835286621,0.0332191996032069
School of Arts and Sciences,Department of Physics,PHYS,2016,0.00520060227688934,0.00692606579750687,0.0566919554437731,0.0707911800997899,0.038850698079222,0.00520060227688894,0.0128773135174784,0.019938665463857,0.084664774462494,0.00619672556380174,0.00520060227688521,0.00520060227688712,0.0135629409272422,0.0113464587305611,0.00520060227688556,0.444030406168675,0.0937954382840559,0.0549890571974625,0.0213965117628341,0.03793879711681
School of Arts and Sciences,Department of Physics,PHYS,2017,0.00527111899056705,0.00728700504343042,0.0559601382291438,0.0722077326996676,0.0382620297691585,0.00527111899056791,0.0132329460157104,0.0196987432666963,0.091188398346917,0.00639773959235176,0.00527111899056829,0.00527111899056814,0.0139990988072107,0.0112734724568541,0.00527111899057006,0.431234478263905,0.0972821913339053,0.0545919430199006,0.0213942043493506,0.039634283852957
School of Arts and Sciences,Department of Physics,PHYS,2018,0.0143921632778441,0.00511315821970434,0.0602425232112226,0.0776538772755001,0.0398504145800961,0.00274888163425843,0.00943595553390205,0.01859139963103,0.0989741612289987,0.00405472752812492,0.0027488816342586,0.00274888163425848,0.0136991602581367,0.00913264395901719,0.00274888163425943,0.498722191727925,0.0155999670752728,0.0607024366632571,0.021349444807666,0.0414902484852676
School of Arts and Sciences,Department of Physics,PHYS,2019,0.0385870300762192,0.00606756556989664,0.0751145946949239,0.0700045069564955,0.0351990323318397,0.00785218328158037,0.00909548697237131,0.00723110481118393,0.0982118409947406,0.00742822083997634,0.00255474405686734,0.0177079150972462,0.00796275898747568,0.0165567111163246,0.00539245212057965,0.477349609210263,0.0345099461184899,0.0574256386368786,0.00255474405686636,0.0231939140697811
School of Arts and Sciences,Department of Physics,PHYS,2020,0.0390272225742933,0.00372130328420748,0.0869095483024859,0.0674857437154324,0.0339233217559427,0.00755314588604965,0.00875204587359876,0.0127232836392573,0.0916234629885011,0.0127568327157974,0.00244490091936244,0.0222512905095332,0.00878650418249914,0.0159467977266968,0.00518126226651369,0.45112711096661,0.0332588457644984,0.0666343812835526,0.00822799114787969,0.0216650044972881
School of Arts and Sciences,Department of Physics,PHYS,2021,0.0390272225742933,0.00372130328420748,0.0869095483024859,0.0674857437154324,0.0339233217559427,0.00755314588604965,0.00875204587359876,0.0127232836392573,0.0916234629885011,0.0127568327157974,0.00244490091936244,0.0222512905095332,0.00878650418249914,0.0159467977266968,0.00518126226651369,0.45112711096661,0.0332588457644984,0.0666343812835526,0.00822799114787969,0.0216650044972881
School of Arts and Sciences,Department of Physics,PHYS,2022,0.0390272225742933,0.00372130328420748,0.0871790300270154,0.0674857437154324,0.0339233217559427,0.00755314588604965,0.00875204587359876,0.0127232836392573,0.0916234629885011,0.0128304385671218,0.00244490091936244,0.0222512905095332,0.00878650418249914,0.0160457214339019,0.00518126226651369,0.450676148069653,0.0332588457644984,0.0666343812835526,0.00822799114787969,0.0216739561111861
School of Arts and Sciences,Department of Physics,PHYS,2023,0.0385012839650376,0.00307797369398182,0.117277684983764,0.0670878975027202,0.0221346364627495,0.00690981629582441,0.00810871628337336,0.012079954049032,0.0909792461459076,0.0121871089768966,0.00180157132913602,0.0216079609193072,0.00814317459227388,0.0154023918436766,0.00453793267628843,0.442940794333817,0.0326155161742729,0.0659910516933259,0.00758466155765444,0.0210306265209608
School of Arts and Sciences,Department of Physics,PHYS,2024,0.0385016394478837,0.0030783291768279,0.117326997322407,0.0670882529855663,0.0221349919455956,0.00691017177867049,0.00810907176621946,0.0120803095318781,0.0909796016287537,0.0123048825420303,0.0018019268119821,0.0216083164021533,0.00814353007511996,0.0149744143705919,0.00453828815913453,0.44241815503843,0.032615871657119,0.065991407176172,0.00758501704050056,0.0218088251429647
School of Arts and Sciences,Department of Psychology,PSYC,2014,0.00537479153085043,0.0341689344643927,0.0388469935785367,0.0536085604820549,0.0635281888674881,0.0191096093680793,0.0443485487650854,0.00656745841724657,0.00953450057829111,0.00617222367783872,0.0158034878917274,0.00916627024967395,0.00683297986217368,0.00854584357648023,0.428126746304344,0.0192399825687018,0.0560047995497759,0.107155744971268,0.0576755375518853,0.0101887977441058
School of Arts and Sciences,Department of Psychology,PSYC,2015,0.00636629324201276,0.0364382480088433,0.0376003986973056,0.0519051848328609,0.0619896742595833,0.0184863003040208,0.0470244046643261,0.00634021727795181,0.0092135633707528,0.00654615699881895,0.0154305983527401,0.00885696136830218,0.00609804392490531,0.00825612711636721,0.431036307814354,0.0192157316894243,0.0542684636757015,0.101219525052519,0.0629751954343233,0.0107326039148866
School of Arts and Sciences,Department of Psychology,PSYC,2016,0.00645555873241691,0.036259415141867,0.0431839628974516,0.0517891397901927,0.0553397546060571,0.018666227069198,0.0506730937800131,0.00646850303956415,0.0111553279168419,0.00558352902327045,0.0140591487721675,0.00877970366797833,0.00610034939907103,0.00830872526711199,0.435202499636602,0.0165497608926956,0.054108346459041,0.0980979434733862,0.0614827510828744,0.0117362593521989
School of Arts and Sciences,Department of Psychology,PSYC,2017,0.00585142791061022,0.0295697428530815,0.0428439657351359,0.0500115895646875,0.0547423311185428,0.0182217913850751,0.0570621600907069,0.00633651166544486,0.00911780158292351,0.0055544695248979,0.0145274619446623,0.00813629009468105,0.00599182340886419,0.00815101569197713,0.433895091512223,0.0227379550688624,0.0479643187977932,0.0996622084904716,0.0652613960616001,0.0143606474977592
School of Arts and Sciences,Department of Psychology,PSYC,2018,0.00536689408232121,0.0334469751543736,0.0421368573511626,0.0524740109549886,0.0570116789040293,0.0252890803727526,0.0309491294170539,0.00576191164086176,0.00775995104864354,0.00471563725450864,0.0119633208225544,0.0081906007307154,0.00574966491216813,0.00722828064657097,0.4735436284314,0.0223434704310433,0.0126188729324785,0.107672143449424,0.0743099835160076,0.0114679079469417
School of Arts and Sciences,Department of Psychology,PSYC,2019,0.0115844190742652,0.0303572823141753,0.0429733162678942,0.0494922230453379,0.0482428343764611,0.0316088763566929,0.0406598015610492,0.00530471406680595,0.00756483663521599,0.0046725762262107,0.0118291726833748,0.00775736883652458,0.00620787358019891,0.00508509966144931,0.45530584179292,0.023035696639111,0.0117589568861634,0.112538074267951,0.0744873897603123,0.0195336459678862
School of Arts and Sciences,Department of Psychology,PSYC,2020,0.011690238275176,0.030643595214943,0.0545723017662852,0.0496734546702474,0.0421546499481815,0.0298702155791759,0.0403942435580654,0.00534298173740179,0.00762548175698393,0.00470458510630544,0.0119320389541345,0.00781992021771129,0.00589136369466114,0.00522611991143411,0.459984416827965,0.0269975627046945,0.0118611279510101,0.101886119602079,0.0767005859012735,0.0150289966222716
School of Arts and Sciences,Department of Psychology,PSYC,2021,0.0116650594772867,0.0308079499864513,0.0549759436033068,0.050028108036309,0.041235838685931,0.0300268365543267,0.040656104813005,0.00525433037413469,0.00755965539391289,0.00460954977672753,0.0119092781630345,0.00775603823924754,0.00580819615096684,0.00513629992990744,0.463477995768981,0.0233399325978857,0.0118376580498792,0.102788813127357,0.0749360913408193,0.01619031993053
School of Arts and Sciences,Department of Psychology,PSYC,2022,0.011693876001448,0.0310734619527392,0.0555363348221965,0.0503885336527347,0.0411192274679636,0.0302844584859469,0.0384856044453229,0.00526172497060179,0.00766162243704895,0.00461043143786727,0.012190749774709,0.00777105388337276,0.00581811723754473,0.00535516700521242,0.463289188372322,0.020537283369023,0.0115225079399708,0.0998008197459783,0.0807339042148875,0.0168659327831099
School of Arts and Sciences,Department of Psychology,PSYC,2023,0.0143024861761775,0.0276232046794076,0.078318392718537,0.048915170404626,0.0300868371355342,0.0267568473454852,0.0419857663369138,0.00517103645004323,0.0143192437215191,0.00401140335681048,0.0114984144957782,0.00704928318307241,0.00451753148634959,0.00543290965763599,0.459611320343623,0.0193197367663671,0.013100865644418,0.093551083301241,0.0796641108874366,0.0147643559090242
School of Arts and Sciences,Department of Psychology,PSYC,2024,0.0136122026502959,0.026799982816889,0.0763263647533449,0.0477476418672042,0.0323266496990271,0.0253810026543211,0.0397716325269552,0.00530290573574581,0.0136280377619489,0.00388760145401325,0.0117055904249117,0.00675825853754521,0.00436586931954099,0.00523085970158262,0.477118889630027,0.0190436210019298,0.012476726367991,0.0884984916586812,0.0759690230768939,0.0140486483611515
School of Arts and Sciences,Department of Sociology,SOCY,2014,0.0492232414069539,0.0162176800841507,0.0929638269630665,0.0712990156566349,0.025690641151916,0.00996730673252391,0.155478291095808,0.0331989507680944,0.0113360701019295,0.0502297057373881,0.00952865885261773,0.00589501411550637,0.0139097947146657,0.0815091635043068,0.0113581489972203,0.0321783389647434,0.0681654795446147,0.0830805206690536,0.162719371729525,0.0160507792092808
School of Arts and Sciences,Department of Sociology,SOCY,2015,0.0573136298709032,0.0120452666259126,0.0698969283863125,0.0743088109399376,0.024754302811379,0.0118801434636989,0.146937685695993,0.041289506712059,0.011620276950927,0.0534525696750137,0.00743677292615345,0.00593190023784824,0.0134885179621352,0.081199685328846,0.00958256772810456,0.0335778496902879,0.0710328413682798,0.086514745203981,0.170384899937731,0.0173510984844963
School of Arts and Sciences,Department of Sociology,SOCY,2016,0.0565879625955286,0.0115876104388358,0.0671976238187997,0.0743920055024961,0.0243248300655801,0.0142777213888578,0.149219203307491,0.0413534457451268,0.0138859285228833,0.0535849672987296,0.0114220760699465,0.005869841584679,0.0116666639525213,0.0759650991833682,0.00680036246452315,0.0365499633153686,0.0730480586905083,0.0831243285027754,0.167104524757686,0.022037782794296
School of Arts and Sciences,Department of Sociology,SOCY,2017,0.0535664266339735,0.0127133918736398,0.0621611286056073,0.0715752842441329,0.0309149463477193,0.0131880479278274,0.143092961835517,0.0390880455605391,0.014835189808691,0.0530916545690598,0.0106853716851569,0.0072351261386228,0.0123604442619755,0.0743084289446968,0.00644662959433879,0.0544267372938265,0.0676604273517486,0.0933805483961854,0.157720741962277,0.0215484669644643
School of Arts and Sciences,Department of Sociology,SOCY,2018,0.0596860051050856,0.0150804913736304,0.0638185677718205,0.0756313849716164,0.0284947324681014,0.0106802073048018,0.172030558671489,0.0301137655330943,0.0151731625094274,0.0604982698540195,0.0133815995635278,0.0049244413673652,0.0096294835924499,0.089636400370768,0.00470297453159601,0.0531689539423478,0.00824770288101839,0.104982798454941,0.160565642366449,0.0195528573664512
School of Arts and Sciences,Department of Sociology,SOCY,2019,0.0905321108500186,0.0124730240165289,0.068067217380014,0.0728493219515171,0.0288899032378379,0.00996736396862088,0.169476565670403,0.0318829286669042,0.0133467491812564,0.0603468129226928,0.0141140236998785,0.00536963319733669,0.00912341011253478,0.0809106710095336,0.00473211825615528,0.0524522828739694,0.00833138088787673,0.106399174869642,0.140423443463147,0.0203118637841328
School of Arts and Sciences,Department of Sociology,SOCY,2020,0.0780698935067315,0.0139703937632019,0.0739043308346782,0.0736939663848978,0.0280118377087868,0.010070960612937,0.179285625832252,0.0324649786532986,0.00835563797297354,0.0649022322199275,0.0126742072407803,0.00519366528143439,0.00864407101205312,0.0808929819180917,0.00753739035971588,0.0503623123183335,0.00530998053937373,0.102163581347674,0.144704137372667,0.0197878151201915
School of Arts and Sciences,Department of Sociology,SOCY,2021,0.0769151050578704,0.0145917243422311,0.0728108006604063,0.0708509764585216,0.0380427555548286,0.00991615647133783,0.188358536615039,0.0319808507169882,0.00611558213970131,0.0639410858488136,0.0122680059977822,0.00453900021973603,0.00878650923374003,0.0848983321674537,0.00741984460419346,0.0291857665889762,0.00522519081062097,0.112943273558554,0.143030678623555,0.018179824329651
School of Arts and Sciences,Department of Sociology,SOCY,2022,0.0680685199593189,0.0151766832335179,0.0760827938433011,0.0740325162167139,0.0397100697328505,0.0102853199224294,0.194050854540706,0.0333683846717241,0.00415722569930506,0.0668037075788651,0.0127457163500941,0.00465998722844606,0.00810126027082107,0.0710561400511908,0.00767379366141662,0.0304442966608814,0.0053778481542949,0.118067534721363,0.14552995507575,0.0146073924270103
School of Arts and Sciences,Department of Sociology,SOCY,2023,0.0615763303056403,0.00812938481559492,0.107877198460806,0.0817914479748686,0.0407544830843093,0.0111579818076928,0.17494296941805,0.037026933681903,0.00429029000591633,0.0327642688783684,0.00656845322277417,0.00485372965064289,0.0087103287498566,0.0631738710592092,0.00823127134276462,0.0337499384973368,0.00565822896409499,0.132924195955654,0.159817010372035,0.0160016837524819
School of Arts and Sciences,Department of Sociology,SOCY,2024,0.061603594358218,0.00815664886817222,0.108344597322344,0.0818187120274439,0.0407817471368867,0.01118524586027,0.174970233470628,0.0370541977344809,0.00431755405849392,0.0327915329309458,0.00659571727535153,0.00488099370322023,0.00873759280243402,0.0632011351117875,0.00825853539534199,0.0335938351425387,0.00568549301667279,0.132710588106413,0.159283097873297,0.0160289478050593
School of Arts and Sciences,Health Studies,HLTH,2018,0.00257922101511637,0.0436227075666352,0.0466468351540447,0.298581831442622,0.0459967592885838,0.00941566397698701,0.0228865571317501,0.00217825566041125,0.0142785225591218,0.0176862747871658,0.0125467771974837,0.041425042983302,0.0122468157356583,0.019600316834721,0.253038782042719,0.03717067202457,0.00422475496901824,0.0532390731031831,0.0555069170664615,0.00712821946044549
School of Arts and Sciences,Health Studies,HLTH,2019,0.00245086552242707,0.0530250538455083,0.0476907864961011,0.300709193830589,0.043807113821248,0.00887916263582829,0.0216112426795599,0.00260102217303372,0.0141690443876377,0.0201981744098985,0.0118233437237583,0.0398082920153965,0.0155188234836906,0.0255409845667275,0.243217099635491,0.0335667811088085,0.00399815864326014,0.0486062256535552,0.0560503493964599,0.00672828197102005
School of Arts and Sciences,Health Studies,HLTH,2020,0.00782731468581286,0.0534622004527337,0.0483277742756292,0.295339243249156,0.0411567891918674,0.00855358279057558,0.0268789306094447,0.00254450549047216,0.0135262732300793,0.0255380120371059,0.0109621826185024,0.0384409280833546,0.0149086867449577,0.0286122334265118,0.240882548607659,0.0321831604718562,0.00388176468340314,0.0472664139141324,0.0540425476527536,0.0056649077839925
School of Arts and Sciences,Health Studies,HLTH,2021,0.00767375687199164,0.0676799948560343,0.0418523477361829,0.287275584903535,0.0356998455377737,0.0193259502485884,0.0296783548263297,0.00310348710731032,0.0160794739065135,0.0246845548253007,0.0154887543207352,0.0306207876267249,0.0130163002132839,0.0316656607074162,0.218601564481386,0.0402357248680205,0.00348686139465653,0.038277848824541,0.0696296151923008,0.00592353155137472
School of Arts and Sciences,Health Studies,HLTH,2022,0.00754463104273281,0.0721106750872232,0.0413517335775683,0.283236100120341,0.0349209922447491,0.0199332630986512,0.0293262039958841,0.00307542002953571,0.0164290325187265,0.0262591001174952,0.0153096473988941,0.0302571437133477,0.0177334897342614,0.0319675240639883,0.216233968689201,0.0396780949788916,0.0034541190206948,0.0326468739656525,0.0726709129144643,0.00586107368769691
School of Arts and Sciences,Health Studies,HLTH,2023,0.00729580377638115,0.0714619581678005,0.0575540842849459,0.280930650658419,0.0272791141711033,0.0196844358323003,0.0290773767295324,0.00282659276318364,0.0161802052523756,0.0260102728511435,0.0150608201325431,0.0298989864090418,0.0174846624679102,0.0359280039392554,0.210260094328033,0.0394292677125406,0.00320529175434397,0.0323980466992982,0.0724220856767576,0.00561224639309146
School of Arts and Sciences,Health Studies,HLTH,2024,0.0082218141030975,0.0721582156936608,0.0568664048123409,0.279911490959256,0.026969236395986,0.019453017184426,0.0302619121425163,0.0027982806583108,0.0159910062500427,0.0276303715044616,0.0151409598941472,0.0295445008867491,0.0172797471135828,0.0355008796515383,0.207732583409125,0.0395007996807685,0.00317241701102349,0.0331818825539568,0.0731341078987178,0.00555037219629204
School of Arts and Sciences,Health Studies,HPRM,2015,0.00498217909333504,0.0510385408124971,0.0495798193665116,0.238733011282103,0.0407964895911325,0.0126781020837892,0.025005246683366,0.00453601772763913,0.0138056314438941,0.0153309821139155,0.00453601772763992,0.042416144513704,0.0165323941623747,0.0245493314636363,0.293805809159522,0.0284312337520279,0.0690614234605406,0.0405595505349432,0.019086057299791,0.00453601772763729
School of Arts and Sciences,Health Studies,HPRM,2016,0.00486254423390674,0.0573084340184103,0.0483542950732079,0.236312131219094,0.0434338948480625,0.0122930905695175,0.0241951612173851,0.00443176774288998,0.0160170202862584,0.0148544919779155,0.0115823052439656,0.0429276674966365,0.0160144760247035,0.0237591155221532,0.289060576841344,0.0275030108009201,0.0667321594850017,0.0380427931076813,0.0178832965480583,0.00443176774288818
School of Arts and Sciences,Health Studies,HPRM,2017,0.00488477440710602,0.0557684177599726,0.0479120432391938,0.238484485589791,0.0435888405526618,0.0113972588388465,0.0255031924857371,0.00444924298387606,0.0161483993036774,0.0148477205872742,0.0109333130842732,0.0421157807347145,0.0156663073898767,0.0235593499399158,0.282383173309693,0.0286361172300012,0.0666222185156905,0.0421516822834007,0.0204984387804211,0.00444924298387725
School of Arts and Sciences,Jewish Studies Program,ISR,2014,0.0209625561283548,0.0209625561283163,0.0209625561283509,0.0209625561283163,0.0209625561283557,0.0209625561283438,0.020962556128341,0.0209625561283456,0.0209625561283163,0.0209625561284068,0.0209625561283163,0.0209625561283319,0.0209625561283163,0.0209625561283163,0.0209625561283163,0.0209625561283163,0.60171143356169,0.0209625561283163,0.0209625561283163,0.0209625561283163
School of Arts and Sciences,Jewish Studies Program,ISR,2015,0.0209625561283548,0.0209625561283163,0.0209625561283509,0.0209625561283163,0.0209625561283557,0.0209625561283438,0.020962556128341,0.0209625561283456,0.0209625561283163,0.0209625561284068,0.0209625561283163,0.0209625561283319,0.0209625561283163,0.0209625561283163,0.0209625561283163,0.0209625561283163,0.60171143356169,0.0209625561283163,0.0209625561283163,0.0209625561283163
School of Arts and Sciences,Jewish Studies Program,ISR,2016,0.0144140390378682,0.0144140390378445,0.223736548411253,0.0144140390378435,0.102650428809814,0.0144140390378572,0.0144140390378615,0.0967178577449715,0.0144140390378415,0.0144140390378997,0.0144140390378457,0.0144140390378524,0.0144140390378439,0.0144140390378451,0.0144140390378412,0.0144140390378404,0.34627054042834,0.014414039037847,0.014414039037842,0.0144140390378479
School of Arts and Sciences,Jewish Studies Program,ISR,2017,0.0144140390378462,0.014414039037844,0.223737113386657,0.0144140390378403,0.102650428809791,0.0144140390378415,0.0144140390378473,0.0967172927695122,0.0144140390378415,0.014414039037848,0.0144140390378457,0.0144140390378427,0.0144140390378439,0.0144140390378451,0.0144140390378412,0.0144140390378404,0.346270540428512,0.0144140390378705,0.014414039037842,0.0144140390378479
School of Arts and Sciences,Jewish Studies Program,ISR,2018,0.00568268291721939,0.00568268291721433,0.494103189731112,0.00568268291720561,0.211567592385092,0.00568268291720838,0.00568268291722207,0.197723608291107,0.00568268291720838,0.00568268291722351,0.00568268291721817,0.00568268291721118,0.00568268291721408,0.0056826829172169,0.00568268291720772,0.00568268291720594,0.00568268291720561,0.00568268291727604,0.00568268291720953,0.00568268291722329
School of Arts and Sciences,Jewish Studies Program,ISR,2019,0.00464241711128249,0.0046424171112819,0.3709577972217,0.00464241711127165,0.159056099212184,0.00464241711127199,0.00464241711128518,0.359511991476693,0.00464241711127189,0.00464241711128854,0.00464241711128236,0.00464241711127453,0.00464241711127572,0.0361954383089439,0.0046424171112721,0.00464241711127118,0.00464241711127014,0.00464241711132254,0.0046424171112732,0.00464241711128422
School of Arts and Sciences,Jewish Studies Program,ISR,2020,0.0029970529997682,0.00299705299976508,0.186154743054977,0.00299705299975927,0.0821237329628651,0.00299705299976475,0.00299705299977039,0.310046637271892,0.00299705299975997,0.0180081075271809,0.00712511313341033,0.00299705299976168,0.00539682126071524,0.290406097912314,0.00299705299976237,0.00299705299975796,0.0285146088331671,0.00299705299978618,0.033647097254014,0.00860651079180772
School of Arts and Sciences,Jewish Studies Program,ISR,2021,0.0029970529997682,0.00299705299976508,0.186154743054977,0.00299705299975927,0.0821237329628651,0.00299705299976475,0.00299705299977039,0.310046637271892,0.00299705299975997,0.0180081075271809,0.00712511313341033,0.00299705299976168,0.00539682126071524,0.290406097912314,0.00299705299976237,0.00299705299975796,0.0285146088331671,0.00299705299978618,0.033647097254014,0.00860651079180772
School of Arts and Sciences,Jewish Studies Program,ISR,2022,0.0029970529997682,0.00299705299976508,0.186154743054977,0.00299705299975927,0.0821237329628651,0.00299705299976475,0.00299705299977039,0.310046637271892,0.00299705299975997,0.0180081075271809,0.00712511313341033,0.00299705299976168,0.00539682126071524,0.290406097912314,0.00299705299976237,0.00299705299975796,0.0285146088331671,0.00299705299978618,0.033647097254014,0.00860651079180772
School of Arts and Sciences,Jewish Studies Program,ISR,2023,0.00248498116116544,0.0024849811611641,0.261882150117803,0.00248498116116003,0.0398668481877033,0.0024849811611648,0.00248498116116693,0.285281336240457,0.00248498116116002,0.017496035688577,0.00661304129480907,0.0024849811611613,0.00488474942211409,0.289894026073713,0.00248498116116259,0.00248498116115864,0.0280025369945678,0.0024849811611742,0.0331350254154138,0.00809443895320495
School of Arts and Sciences,Jewish Studies Program,ISR,2024,0.00248498116116544,0.0024849811611641,0.261882150117803,0.00248498116116003,0.0398668481877033,0.0024849811611648,0.00248498116116693,0.285281336240457,0.00248498116116002,0.017496035688577,0.00661304129480907,0.0024849811611613,0.00488474942211409,0.289894026073713,0.00248498116116259,0.00248498116115864,0.0280025369945678,0.0024849811611742,0.0331350254154138,0.00809443895320495
School of Arts and Sciences,Jewish Studies Program,JWST,2014,0.0816592826021319,0.0180168640289857,0.349099575605147,0.0136620598978628,0.0409638065503905,0.0102023923102704,0.0102023923102728,0.0961630408726283,0.0102023923102605,0.0166389013984287,0.010202392310263,0.0102023923102658,0.0102023923102615,0.0195749226000043,0.0102023923102604,0.0102023923102591,0.248037285599363,0.0102023923102661,0.0141603377424163,0.0102023923102624
School of Arts and Sciences,Jewish Studies Program,JWST,2015,0.0816592826021319,0.0180168640289857,0.349099575605147,0.0136620598978628,0.0409638065503905,0.0102023923102704,0.0102023923102728,0.0961630408726283,0.0102023923102605,0.0166389013984287,0.010202392310263,0.0102023923102658,0.0102023923102615,0.0195749226000043,0.0102023923102604,0.0102023923102591,0.248037285599363,0.0102023923102661,0.0141603377424163,0.0102023923102624
School of Arts and Sciences,Jewish Studies Program,JWST,2016,0.0814185545756803,0.0172758022200885,0.353551209421586,0.0132409358802927,0.0434707925453654,0.00996166428381905,0.00996166428382128,0.0981174146208439,0.00996166428380906,0.0162162314677312,0.0099616642838134,0.00996166428381485,0.0099616642838108,0.0193341945735524,0.00996166428380929,0.00996166428380789,0.247796557572911,0.00996166428381594,0.00996166428381357,0.00996166428381326
School of Arts and Sciences,Jewish Studies Program,JWST,2017,0.0822438245198913,0.0172956522268361,0.353214344451555,0.0132630850851608,0.0435951823774079,0.00998379974633271,0.00998379974633658,0.0989839992449828,0.00998379974633347,0.0162425072190512,0.00998379974633737,0.00998379974633355,0.00998379974633519,0.019356330036077,0.00998379974633377,0.00998379974633205,0.245983277629347,0.00998379974634084,0.00998379974633788,0.00998379974633787
School of Arts and Sciences,Jewish Studies Program,JWST,2018,0.107756080527895,0.0150991666151915,0.552536953485695,0.00864338047151769,0.0571737525704416,0.00339654591714309,0.00339654591714899,0.150446580372085,0.00339654591714386,0.0134038534113652,0.00339654591715007,0.00339654591714382,0.00339654591714666,0.0200314682131723,0.00339654591714438,0.00339654591714147,0.0375467592440174,0.0033965459171554,0.0033965459171507,0.00339654591715075
School of Arts and Sciences,Jewish Studies Program,JWST,2019,0.107756080527895,0.0150991666151915,0.552536953485695,0.00864338047151769,0.0571737525704416,0.00339654591714309,0.00339654591714899,0.150446580372085,0.00339654591714386,0.0134038534113652,0.00339654591715007,0.00339654591714382,0.00339654591714666,0.0200314682131723,0.00339654591714438,0.00339654591714147,0.0375467592440174,0.0033965459171554,0.0033965459171507,0.00339654591715075
School of Arts and Sciences,Jewish Studies Program,JWST,2020,0.131205886623053,0.0150763277620093,0.552514114632513,0.00862054161833549,0.057150913717259,0.00337370706396096,0.00337370706396618,0.131875633611293,0.00337370706396172,0.013381014558183,0.00337370706396796,0.003373707063962,0.00337370706396481,0.0200086293599897,0.00337370706396237,0.00337370706395953,0.0330561604137485,0.00337370706397343,0.00337370706396861,0.0033737070639688
School of Arts and Sciences,Jewish Studies Program,JWST,2021,0.147516186017984,0.0148452933391991,0.511425083384841,0.0108247284437613,0.0569198792944507,0.00314267264115299,0.0031426726411585,0.121951661790924,0.00314267264115392,0.0131499801353756,0.00314267264116067,0.00314267264115548,0.00314267264115784,0.0141214578865171,0.00314267264115466,0.00314267264115205,0.0328251259909408,0.0428142038143675,0.00314267264116107,0.00532234613123113
School of Arts and Sciences,Jewish Studies Program,JWST,2022,0.147516186017984,0.0148452933391991,0.511425083384841,0.0108247284437613,0.0569198792944507,0.00314267264115299,0.0031426726411585,0.121951661790924,0.00314267264115392,0.0131499801353756,0.00314267264116067,0.00314267264115548,0.00314267264115784,0.0141214578865171,0.00314267264115466,0.00314267264115205,0.0328251259909408,0.0428142038143675,0.00314267264116107,0.00532234613123113
School of Arts and Sciences,Jewish Studies Program,JWST,2023,0.134014531604424,0.0122365790625614,0.487906603325284,0.0926078782933416,0.0448903642773451,0.0027658830800326,0.00276588308003667,0.107688020131401,0.00276588308003342,0.0108875719889479,0.00276588308003769,0.00276588308003428,0.0027658830800364,0.0127465969394524,0.00276588308003428,0.00276588308003194,0.0297499315798399,0.0376996741588158,0.00276588308003997,0.0046793009182704
School of Arts and Sciences,Jewish Studies Program,JWST,2024,0.134014531604424,0.012236579062562,0.487906603325284,0.0926078782933388,0.0448903642773451,0.0027658830800326,0.00276588308003667,0.107688020131401,0.00276588308003342,0.0108875719889479,0.0027658830800377,0.00276588308003428,0.0027658830800364,0.0127465969394524,0.00276588308003428,0.00276588308003194,0.0297499315798399,0.037699674158818,0.00276588308003997,0.0046793009182704
School of Arts and Sciences,Public Health Program,PUBH,2014,0.00754773046189073,0.00754773046188303,0.0557845042714659,0.398375307381131,0.0403164820871066,0.00754773046188828,0.00754773046188717,0.00754773046188989,0.00754773046188243,0.0131490345205045,0.00754773046188222,0.00754773046188647,0.00754773046188886,0.00754773046189089,0.00754773046188275,0.0542357248279113,0.152734949820225,0.0188321824274312,0.158102954394925,0.0254438251885469
School of Arts and Sciences,Public Health Program,PUBH,2015,0.00686525272534098,0.0133990941734387,0.0497423850005198,0.380949081437368,0.0359930319477555,0.00686525272533752,0.00686525272533724,0.0068652527253411,0.00686525272533333,0.0118441896663312,0.0354728426595458,0.00686525272533634,0.00686525272533906,0.0127046350618945,0.0187965551726702,0.048365692161803,0.135920558821637,0.0168958766947099,0.164109266744583,0.0277500213803775
School of Arts and Sciences,Public Health Program,PUBH,2016,0.00610235550418379,0.0117027910311228,0.0476445059269545,0.377295929382635,0.0369010824550143,0.006102355504179,0.0136573791427858,0.00610235550418211,0.0117305815850858,0.010370015739318,0.0293420812211925,0.00610235550417909,0.00610235550418063,0.0109198102055373,0.0163291861733226,0.0705538172788505,0.116721189301007,0.0518847058726051,0.146936341283539,0.0174988058801243
School of Arts and Sciences,Public Health Program,PUBH,2017,0.00609612062421894,0.0113173531614121,0.0469805030576548,0.375100284420779,0.038877447202279,0.00609612062421628,0.0136511442628237,0.00609612062421912,0.0117243467051283,0.0103637808593434,0.0280306534442956,0.00609612062421866,0.00609612062422359,0.0110443697210818,0.016861061512334,0.0706000209243445,0.116714954421107,0.0524408101162944,0.145588010530615,0.0202246565394105
School of Arts and Sciences,School of Arts and Sciences,CAS,2016,0.00299364535017688,0.00299364535017943,0.0448071008423906,0.00919816130427956,0.20024998535557,0.00299364535017677,0.0449749298679527,0.00299364535017581,0.00299364535017657,0.0100030305643492,0.0421961016962203,0.00299364535017587,0.00299364535017512,0.00491470182832289,0.00299364535017744,0.00299364535017511,0.0111906224234122,0.586988844266776,0.0029936453501819,0.0155400683489565
School of Arts and Sciences,School of Arts and Sciences,CAS,2017,0.00671885141342613,0.00340579133479183,0.142713534599958,0.0820791694475184,0.142518743223853,0.00340579133478817,0.0458771654436332,0.00902067460284078,0.00340579133478807,0.00989159749412961,0.026095168543765,0.00340579133478838,0.00340579133478849,0.00467670268049367,0.00509208636536705,0.00340579133478685,0.00892812568744437,0.40670057360483,0.0203549290458845,0.0688979298381245
School of Arts and Sciences,School of Arts and Sciences,CAS,2018,0.0067072355995057,0.00339417552087139,0.14221234219597,0.0820565318924201,0.140490826243912,0.00339417552086755,0.0456906219674725,0.00900905878892042,0.00339417552086771,0.0114569631843551,0.0271211729242984,0.00339417552086801,0.00339417552086808,0.00339417552086994,0.00508047055144643,0.00339417552086647,0.00889608694684995,0.407809449789634,0.0203433132319641,0.0693666980371718
School of Arts and Sciences,School of Arts and Sciences,CAS,2019,0.00324558230852614,0.0167861618222538,0.133387613566435,0.0717016481143313,0.131773692361381,0.00324558230852677,0.0297294177191373,0.00324558230852531,0.00324558230852628,0.00898083118697978,0.0254896423742427,0.00324558230852658,0.00324558230852683,0.00324558230852783,0.00324558230852728,0.0187849015391336,0.00840362427038456,0.470388313290636,0.0098843087900842,0.0487251864967878
School of Arts and Sciences,School of Arts and Sciences,CAS,2020,0.00300484574631693,0.0150409164251869,0.126367762181739,0.0638546820181437,0.150426524677383,0.00300484574631766,0.0265460327779714,0.00300484574631672,0.00300484574631711,0.0216577644147675,0.0301026301442672,0.00300484574631757,0.00300484574631777,0.00300484574631842,0.00300484574631801,0.0168175739513015,0.00758977193463552,0.440638610469008,0.0108806664755039,0.0660382985595532
School of Arts and Sciences,School of Arts and Sciences,CAS,2021,0.00351125134203677,0.0133589455338391,0.168581059652559,0.0532974810189844,0.162924465688627,0.00351125134203533,0.0282153145445187,0.00351125134203666,0.00351125134203563,0.0187727302525913,0.0256821658494508,0.00351125134203606,0.00351125134203674,0.00351125134203726,0.0099232338953177,0.0148125744188407,0.0166084350755972,0.37840857333609,0.0131377315019934,0.0716985298373372
School of Arts and Sciences,School of Arts and Sciences,CAS,2022,0.00338139714872027,0.0114054442679669,0.137882722438777,0.160136477426899,0.133273645875571,0.003381397148719,0.0459080287291204,0.0063388280534698,0.00338139714871916,0.0158166762610241,0.0214465867473545,0.00338139714871982,0.00338139714872028,0.00802411415384831,0.00860597552546768,0.0125898826187085,0.0140531764871767,0.326768982065037,0.0219010717573852,0.0589414018485955
School of Arts and Sciences,School of Arts and Sciences,CAS,2023,0.00314839152986258,0.0118143624186471,0.231040314502016,0.159355576182973,0.0894195550042077,0.00314839152986094,0.0490771536366944,0.00634241690699195,0.0031483915298612,0.0165784929711508,0.0153071084412487,0.00314839152986137,0.00314839152986166,0.00816252589540027,0.00879093617674931,0.0130935558374498,0.0146739132153955,0.318112207721183,0.0203478145928863,0.0221421088476983
School of Arts and Sciences,School of Arts and Sciences,CAS,2024,0.0029244330757434,0.0106619070835885,0.203630568063209,0.154081117629698,0.102709572317957,0.00292443307574226,0.043932256385415,0.00577624144818048,0.00292443307574241,0.0149155950768936,0.0203444373315673,0.00292443307574255,0.00292443307574304,0.00740133875925921,0.00796241936760705,0.0118040440646607,0.0132150774378265,0.311660417027847,0.0207826907340988,0.0565001518934784
School of Arts and Sciences,"Women's, Gender and Sexuality Studies Program",WGSS,2014,0.0430801794031118,0.00455644909743767,0.116550453431373,0.101106953998545,0.0541666916010673,0.00455644909743864,0.457124129896346,0.0164334353166496,0.00455644909743561,0.0303150798810383,0.00455644909743595,0.00455644909743745,0.00823717953703127,0.0236249271027011,0.00455644909743596,0.0045564490974329,0.0656879098798938,0.0336586452041953,0.0135628219685557,0.00455644909743718
School of Arts and Sciences,"Women's, Gender and Sexuality Studies Program",WGSS,2015,0.0411330959415548,0.00453555215116451,0.110929856268404,0.142120021635243,0.0516652825296125,0.00453555215116531,0.434474848910127,0.0158186890594158,0.00453555215116244,0.0290062513955852,0.00453555215116278,0.0045355521511643,0.00803224606877832,0.0226506062561647,0.00453555215116285,0.00453555215115986,0.0626104398944977,0.0321826384525843,0.0130916063787265,0.00453555215116392
School of Arts and Sciences,"Women's, Gender and Sexuality Studies Program",WGSS,2016,0.041137436465744,0.00453989267535377,0.110934196792592,0.142124362159433,0.0472735305540819,0.00453989267535452,0.43708929207861,0.0158230295836049,0.00453989267535169,0.0290693662304784,0.00453989267535189,0.00453989267535346,0.00803658659296746,0.0226549467803538,0.00453989267535213,0.004539892675349,0.0626147804186868,0.0338273840377122,0.0130959469029158,0.00453989267535309
School of Arts and Sciences,"Women's, Gender and Sexuality Studies Program",WGSS,2017,0.0393092442076409,0.00603874985274427,0.102760844504776,0.131115540292816,0.0448875115606753,0.00603874985274215,0.399616823478431,0.0164530381010358,0.00603874985274224,0.027685046175168,0.00603874985274216,0.00603874985274243,0.00927831495150922,0.0225069808572896,0.0060387498527426,0.00603874985273958,0.111629454840681,0.0327779403846999,0.0136692618233388,0.00603874985274359
School of Arts and Sciences,"Women's, Gender and Sexuality Studies Program",WGSS,2018,0.0536076497402965,0.0027143454301399,0.120930238893735,0.155585978190228,0.0501961652953891,0.00271434543013756,0.478993427018602,0.0124631668995212,0.00271434543013813,0.0317052635879683,0.00271434543013757,0.00271434543013799,0.00670511820091272,0.0180962368290611,0.00271434543013822,0.00271434543013446,0.00271434543013481,0.0352467112355995,0.012040935237449,0.00271434543013948
School of Arts and Sciences,"Women's, Gender and Sexuality Studies Program",WGSS,2019,0.0536076497402965,0.0027143454301399,0.120930238893735,0.155585978190228,0.0501961652953891,0.00271434543013756,0.478993427018602,0.0124631668995212,0.00271434543013813,0.0317052635879683,0.00271434543013757,0.00271434543013799,0.00670511820091272,0.0180962368290611,0.00271434543013822,0.00271434543013446,0.00271434543013481,0.0352467112355995,0.012040935237449,0.00271434543013948
School of Arts and Sciences,"Women's, Gender and Sexuality Studies Program",WGSS,2020,0.045598551943194,0.00250395265918277,0.116597734620364,0.140088422143262,0.0452375905379071,0.00337510922228812,0.507955678656655,0.0287344220998221,0.00250395265918153,0.0285957790012291,0.00250395265918111,0.00250395265918134,0.00609564815287956,0.0188015313054549,0.0025039526591814,0.00250395265917828,0.00250395265917867,0.0255723551710806,0.0133155558724158,0.00250395265918272
School of Arts and Sciences,"Women's, Gender and Sexuality Studies Program",WGSS,2021,0.0470018395170074,0.00242721881796318,0.126866150686812,0.133460046898039,0.0431259215596071,0.00242721881796678,0.498565203283305,0.0294096868512071,0.00242721881796307,0.0272765772389597,0.0024272188179622,0.00242721881796244,0.0058478811929132,0.0179487222906038,0.00242721881796183,0.00242721881795959,0.00242721881796022,0.0359290173369364,0.0127239837829469,0.00242721881796447
School of Arts and Sciences,"Women's, Gender and Sexuality Studies Program",WGSS,2022,0.0867680415576546,0.00224332068802793,0.102751688735946,0.161841125111884,0.036140731511197,0.00224332068803127,0.479066557347417,0.0263047591609706,0.00224332068802816,0.0223139563357565,0.00224332068802743,0.00224332068802765,0.00500616337548814,0.0155255593366676,0.00224332068802714,0.00224332068802545,0.00224332068802577,0.030077105789249,0.0140144255455194,0.00224332068802997
School of Arts and Sciences,"Women's, Gender and Sexuality Studies Program",WGSS,2023,0.0878365741481545,0.00197840607321761,0.130905093998655,0.15401635345107,0.0192446933594591,0.00197840607322136,0.438511187464053,0.0443103450096338,0.00197840607321857,0.0206154248889651,0.0168804222108515,0.00197840607321747,0.00454390285443084,0.0143119133898115,0.0091969320701273,0.00197840607321581,0.00197840607321613,0.0278240636672084,0.0179542509750527,0.00197840607321942
School of Arts and Sciences,"Women's, Gender and Sexuality Studies Program",WGSS,2024,0.081586351614816,0.00175754533167837,0.104898895672027,0.130586673929901,0.0161789157884183,0.00477501544316208,0.400747687705661,0.108798594466102,0.00175754533167696,0.02661431025336,0.0180167751824972,0.00175754533167608,0.0122835243890015,0.0266724953378599,0.00917324213813368,0.00286741042361162,0.00630560207407762,0.0224340714068723,0.0174075207897379,0.00538027738972936
School of Arts and Sciences,World Languages & Cultures,ARAB,2014,0.0147069602927054,0.00524335751389711,0.0463900160795232,0.00387599024331611,0.0325360490915269,0.00387599024332647,0.00387599024332172,0.0269119443852291,0.010916471895468,0.00387599024332439,0.678144922485815,0.00931134596091822,0.0166207212776381,0.0227466347067557,0.00387599024331891,0.00387599024331915,0.0597394292144628,0.0304669875801181,0.00484144327562701,0.0181677747803888
School of Arts and Sciences,World Languages & Cultures,ARAB,2015,0.014817542487059,0.005353939708254,0.0345033641211357,0.0382733714206966,0.0319231946049512,0.00398657243768051,0.00398657243767552,0.0205063553424438,0.0110270540898222,0.00398657243767868,0.667782252619323,0.00942192815527231,0.0167313034719938,0.0192380404365388,0.00398657243767293,0.00398657243767386,0.0598500114088167,0.027408397500588,0.0049520254699807,0.0182783569747428
School of Arts and Sciences,World Languages & Cultures,ARAB,2016,0.0148930043452653,0.00662672240632298,0.0320301688526681,0.0349947855690177,0.0771435854291955,0.00540672761546166,0.00540672761545646,0.0200437824433016,0.0116171121950519,0.00540672761545894,0.625318824577218,0.0102639301613927,0.0168025257528592,0.0187465463736825,0.0054067276154545,0.0054067276154549,0.0541124408381629,0.026018059381498,0.00627042471258465,0.0180844488844929
School of Arts and Sciences,World Languages & Cultures,ARAB,2017,0.0161866509167086,0.00784896587618234,0.0325114401280386,0.0353307064184472,0.0555327515475922,0.00666727527593582,0.00666727527593351,0.0316743594612484,0.0126830033798237,0.0066672752759317,0.594475569940129,0.0114856764092401,0.0177461238980151,0.0192736173794468,0.00666727527593265,0.00666727527593235,0.0838157502991438,0.0211859551277892,0.00750398042588882,0.0194090724126403
School of Arts and Sciences,World Languages & Cultures,ARAB,2018,0.0158572185569491,0.0059780141533459,0.0341032584332229,0.0373855126549,0.060473564231066,0.00462730563488609,0.00462730563488406,0.0403609266474141,0.0115030885622947,0.00462730563488308,0.667307738422584,0.0100049227393143,0.0172998338083381,0.0190807162264815,0.00462730563488326,0.00462730563488309,0.0119658305186428,0.0212201034450695,0.0055835417067057,0.0187392017192523
School of Arts and Sciences,World Languages & Cultures,ARAB,2019,0.0158572185569491,0.0059780141533459,0.0341032584332229,0.0373855126549,0.060473564231066,0.00462730563488609,0.00462730563488406,0.0403609266474141,0.0115030885622947,0.00462730563488308,0.667307738422584,0.0100049227393143,0.0172998338083381,0.0190807162264815,0.00462730563488326,0.00462730563488309,0.0119658305186428,0.0212201034450695,0.0055835417067057,0.0187392017192523
School of Arts and Sciences,World Languages & Cultures,ARAB,2020,0.0158572185569491,0.0059780141533459,0.0341032584332229,0.0373855126549,0.060473564231066,0.00462730563488609,0.00462730563488406,0.0403609266474141,0.0115030885622947,0.00462730563488308,0.667307738422584,0.0100049227393143,0.0172998338083381,0.0190807162264815,0.00462730563488326,0.00462730563488309,0.0119658305186428,0.0212201034450695,0.0055835417067057,0.0187392017192523
School of Arts and Sciences,World Languages & Cultures,ARAB,2021,0.0172662332030613,0.00591525505182803,0.0799571801222086,0.0495928644118539,0.0758940071332318,0.00591525505183429,0.00591525505183146,0.0515136069345518,0.00591525505183152,0.00591525505183149,0.584923572552221,0.00591525505183043,0.0107389914996966,0.0242685253172417,0.00591525505183014,0.00591525505183101,0.0156999548968431,0.0253828407870753,0.00591525505183559,0.0115249276755312
School of Arts and Sciences,World Languages & Cultures,ARAB,2022,0.01666951851983,0.0058344939209256,0.0765108769426528,0.0892190208809747,0.0726323936349927,0.00583449392093146,0.00583449392092876,0.0493601934453436,0.00583449392092882,0.00583449392092891,0.558524251534937,0.0058344939209279,0.0104389696211637,0.0233535246288204,0.00583449392092757,0.00583449392092833,0.0151744346820762,0.0244171893954798,0.0058344939209327,0.0111891814253694
School of Arts and Sciences,World Languages & Cultures,ARAB,2023,0.0165552328695335,0.00400941491290757,0.139555026794582,0.100559919814017,0.0151556517373401,0.00400941491291436,0.00400941491291104,0.054407593309602,0.0040094149129113,0.00400941491291141,0.565542307623159,0.00400941491291023,0.00934091309213064,0.0242946083641542,0.00400941491290985,0.00400941491291073,0.0148240831626609,0.0134703496248816,0.00400941491291579,0.0102095793917372
School of Arts and Sciences,World Languages & Cultures,ARAB,2024,0.0165552328695335,0.00400941491290823,0.139555026794582,0.100559919814014,0.0151556517373401,0.00400941491291436,0.00400941491291104,0.054407593309602,0.0040094149129113,0.00400941491291141,0.565542307623159,0.00400941491291023,0.00934091309213064,0.0242946083641542,0.00400941491290985,0.00400941491291073,0.0148240831626609,0.0134703496248842,0.00400941491291579,0.0102095793917372
School of Arts and Sciences,World Languages & Cultures,CHIN,2014,0.00448959238682517,0.00448959238682149,0.0263364541963551,0.00448959238681902,0.0228022153634455,0.00448959238682574,0.00448959238682298,0.00970509684360915,0.00448959238682113,0.00448959238683202,0.783308620734174,0.00448959238682264,0.0044895923868234,0.00714169585818456,0.00448959238682123,0.00448959238682189,0.0690172454349742,0.0157070296445589,0.0121065332828209,0.00448959238682118
School of Arts and Sciences,World Languages & Cultures,CHIN,2015,0.00440425870050765,0.00440425870050401,0.025660664785455,0.00440425870050097,0.0216940326730995,0.00440425870050785,0.00440425870050503,0.0207953339523577,0.0044042587005031,0.00440425870051399,0.775873427121836,0.0044042587005047,0.00623439495931233,0.00698468369966779,0.00440425870050313,0.00440425870050392,0.0671879211257342,0.0153073596479362,0.0118153363290436,0.0044042587005033
School of Arts and Sciences,World Languages & Cultures,CHIN,2016,0.00455029772470799,0.00455029772470469,0.025247324702158,0.028687923949979,0.0213850776453888,0.00455029772470957,0.00455029772470558,0.0205100288909831,0.00455029772470419,0.00455029772471447,0.752464456003863,0.00455029772470533,0.00633227250301849,0.00719399003428495,0.00455029772470411,0.0045502977247053,0.0656817585071661,0.0151664749629942,0.011827715553099,0.0045502977247039
School of Arts and Sciences,World Languages & Cultures,CHIN,2017,0.0048985836665231,0.0048985836665244,0.0261549897514717,0.0296885781681566,0.00489858366652383,0.0048985836665228,0.00489858366652297,0.0214082213358353,0.00489858366652259,0.00489858366652437,0.761739551856103,0.00489858366652285,0.00666580403558714,0.00769061098731563,0.00489858366652253,0.00489858366652235,0.0676822460917855,0.012910008213663,0.0121755692283274,0.00489858366652295
School of Arts and Sciences,World Languages & Cultures,CHIN,2018,0.00295143548933606,0.00295143548933753,0.0267843756451876,0.0307462778093493,0.00295143548933684,0.00295143548933568,0.00295143548933539,0.0212542676681177,0.0029514354893357,0.00295143548933754,0.853709921769472,0.00295143548933602,0.00500287039468316,0.00608188653708544,0.00295143548933543,0.00295143548933519,0.0029514354893363,0.00989269430488077,0.0111104799991904,0.00295143548933593
School of Arts and Sciences,World Languages & Cultures,CHIN,2019,0.00295143548933606,0.00295143548933753,0.0267843756451876,0.0307462778093493,0.00295143548933684,0.00295143548933568,0.00295143548933539,0.0212542676681177,0.0029514354893357,0.00295143548933754,0.853709921769472,0.00295143548933602,0.00500287039468316,0.00608188653708544,0.00295143548933543,0.00295143548933519,0.0029514354893363,0.00989269430488077,0.0111104799991904,0.00295143548933593
School of Arts and Sciences,World Languages & Cultures,CHIN,2020,0.00295143548933606,0.00295143548933753,0.0267843756451876,0.0307462778093493,0.00295143548933684,0.00295143548933568,0.00295143548933539,0.0212542676681177,0.0029514354893357,0.00295143548933754,0.853709921769472,0.00295143548933602,0.00500287039468316,0.00608188653708544,0.00295143548933543,0.00295143548933519,0.0029514354893363,0.00989269430488077,0.0111104799991904,0.00295143548933593
School of Arts and Sciences,World Languages & Cultures,CHIN,2021,0.0432024369335546,0.00502854628643028,0.124634718831551,0.075584684483392,0.00502854628642776,0.00502854628643031,0.00502854628642976,0.0534127030728961,0.00502854628642943,0.0050285462864302,0.578157061454091,0.00502854628642827,0.011234617598626,0.0129750758691828,0.00502854628642955,0.00502854628643076,0.00502854628643524,0.0364761847818268,0.00900850782414845,0.00502854628643023
School of Arts and Sciences,World Languages & Cultures,CHIN,2022,0.0432024369335546,0.00502854628643028,0.124634718831551,0.075584684483392,0.00502854628642776,0.00502854628643031,0.00502854628642976,0.0534127030728961,0.00502854628642943,0.0050285462864302,0.578157061454091,0.00502854628642827,0.011234617598626,0.0129750758691828,0.00502854628642955,0.00502854628643076,0.00502854628643524,0.0364761847818268,0.00900850782414845,0.00502854628643023
School of Arts and Sciences,World Languages & Cultures,CHIN,2023,0.0577065621461464,0.00421332704169482,0.157914337890536,0.0697297410817307,0.00421332704169254,0.00421332704169493,0.00421332704169468,0.0624255361410935,0.00421332704169435,0.0128277973583214,0.543004203446355,0.00421332704169299,0.014585254675473,0.0115922473685372,0.00421332704169423,0.00421332704169529,0.0042133270416978,0.017053167007943,0.00790900561243271,0.00733220389617908
School of Arts and Sciences,World Languages & Cultures,CHIN,2024,0.0629711213806436,0.0121864145116493,0.130176268789195,0.0575536596525303,0.00359896573720498,0.00359896573720795,0.00907449955050394,0.0515384320543598,0.00359896573720705,0.0125412511656253,0.554440483371864,0.00359896573720606,0.0220640176015352,0.0352782218746885,0.0035989657372074,0.00359896573720801,0.00359896573720976,0.014172951591767,0.0066424657366395,0.00616745255854764
School of Arts and Sciences,World Languages & Cultures,FREN,2014,0.0235851290648003,0.0250191793343896,0.0344623738178106,0.049219003628745,0.132338467860155,0.0130533987571114,0.0131528921921961,0.138202824813109,0.00554139426872278,0.00554139426873421,0.399889376916499,0.0127265691540565,0.00554139426872377,0.0100731753394034,0.00554139426872296,0.00781173728493407,0.0885055196163476,0.0187119866080927,0.00554139426872332,0.00554139426872342
School of Arts and Sciences,World Languages & Cultures,FREN,2015,0.0241410070884682,0.0256100341939014,0.028099928667242,0.0504000981051923,0.136873879977137,0.0133524053098604,0.0134543254140933,0.136914408186753,0.00565718119980381,0.00565718119981497,0.400394310610646,0.0130176042530724,0.00565718119980453,0.00793743349517829,0.00565718119980387,0.00798289843592252,0.0906448217998095,0.0172337572638876,0.00565718119980404,0.00565718119980428
School of Arts and Sciences,World Languages & Cultures,FREN,2016,0.0245787224702501,0.0257294629709098,0.0283165639890878,0.0505195268822006,0.137694434388725,0.0134718340868693,0.0135737541911016,0.137033836963762,0.00577660997681263,0.00577660997682345,0.396921622217411,0.0131370330300806,0.00577660997681386,0.00805686227218692,0.00577660997681268,0.00847910535106019,0.090764250576818,0.0170633307486485,0.0057766099768126,0.00577660997681331
School of Arts and Sciences,World Languages & Cultures,FREN,2017,0.0257616310047216,0.0254309495435165,0.0294014729177397,0.0519838176491039,0.125341720032021,0.0138309162673947,0.0174197156480179,0.138901490099848,0.00612232782108023,0.00612232782107843,0.39693669392811,0.014223604193988,0.0061223278210799,0.00851529943778377,0.0061223278210801,0.008893651631117,0.0932346594361297,0.0133904112840278,0.00612232782108071,0.00612232782108067
School of Arts and Sciences,World Languages & Cultures,FREN,2018,0.0266069557687431,0.0283712515749491,0.0294674636285266,0.0574565427628267,0.155590621816068,0.011700373888916,0.0168832160662364,0.158835007241809,0.00350184884750416,0.00350184884750252,0.450946836069422,0.0170182914805961,0.00350184884750407,0.00350184884750322,0.00350184884750434,0.00685668691232868,0.00350184884750265,0.0122519620095486,0.00350184884750344,0.00350184884750426
School of Arts and Sciences,World Languages & Cultures,FREN,2019,0.0266069557687431,0.0283712515749491,0.0294674636285266,0.0574565427628267,0.155590621816068,0.011700373888916,0.0168832160662364,0.158835007241809,0.00350184884750416,0.00350184884750252,0.450946836069422,0.0170182914805961,0.00350184884750407,0.00350184884750322,0.00350184884750434,0.00685668691232868,0.00350184884750265,0.0122519620095486,0.00350184884750344,0.00350184884750426
School of Arts and Sciences,World Languages & Cultures,FREN,2020,0.0262496361848336,0.0294498396577827,0.0395252280608339,0.0562178064076578,0.152681156057832,0.0117689566444302,0.00380467517563002,0.159197980342185,0.00380467517563009,0.00380467517562859,0.454363940501498,0.0169349337334907,0.00380467517563003,0.00380467517562918,0.00380467517563043,0.00706366072431674,0.0038046751756278,0.0123047851044732,0.00380467517562947,0.00380467517563018
School of Arts and Sciences,World Languages & Cultures,FREN,2021,0.00411288753242222,0.0321622861847762,0.0671945303113499,0.0614397498174521,0.138671524468589,0.0128238203889219,0.00411288753242181,0.175096540603507,0.00411288753242185,0.00411288753242054,0.429868364786366,0.0184741078300821,0.00411288753242153,0.00411288753242094,0.00411288753242228,0.00411288753242263,0.00411288753241937,0.0190273127523195,0.00411288753242131,0.00411288753242191
School of Arts and Sciences,World Languages & Cultures,FREN,2022,0.00411288753242222,0.0321622861847762,0.0671945303113499,0.0614397498174521,0.138671524468589,0.0128238203889219,0.00411288753242181,0.175096540603507,0.00411288753242185,0.00411288753242054,0.429868364786366,0.0184741078300821,0.00411288753242153,0.00411288753242094,0.00411288753242228,0.00411288753242263,0.00411288753241937,0.0190273127523195,0.00411288753242131,0.00411288753242191
School of Arts and Sciences,World Languages & Cultures,FREN,2023,0.00982737969989839,0.0317213482775402,0.124607630878453,0.0646155829540358,0.0780863397869291,0.012758591563604,0.0235012584380168,0.185849493125818,0.00346692985000361,0.00346692985000258,0.404681144347159,0.0187855648341747,0.00418572839805827,0.00707441383804084,0.00346692985000425,0.0034669298500041,0.00346692985000126,0.0100370149082487,0.00346692985000325,0.00346692985000373
School of Arts and Sciences,World Languages & Cultures,FREN,2024,0.0209332932364572,0.028124213862189,0.11695062863895,0.0571485385767413,0.0940735713583599,0.0126738537744524,0.0274588999428819,0.168319632712156,0.00931262088233694,0.0119914301769778,0.395738571643526,0.016710287294513,0.00319384466142138,0.00733234564386773,0.00319384466142208,0.0031938446614234,0.00319384466141912,0.0140690442880623,0.00319384466142078,0.00319384466142142
School of Arts and Sciences,World Languages & Cultures,GERM,2014,0.0700528212705028,0.00433912895729302,0.0415150813472683,0.00433912895729043,0.047097850970817,0.014189345133019,0.0177160261582872,0.0782064573372966,0.00433912895729332,0.0043391289573037,0.588189340010707,0.00433912895729321,0.00433912895729456,0.00837851208114997,0.00433912895729429,0.00433912895729453,0.0468336733613851,0.0409377821787925,0.004339128957295,0.00783094953512221
School of Arts and Sciences,World Languages & Cultures,GERM,2015,0.0725287398114009,0.00446812991557686,0.0325569589707902,0.00446812991557424,0.0480563369610926,0.0146701395261502,0.0183227734451777,0.073274505370393,0.0044681299155773,0.00446812991558779,0.599292272426871,0.00446812991557701,0.00446812991557825,0.00525224241222262,0.00446812991557808,0.00446812991557832,0.0484803366198149,0.0392678668446956,0.00446812991557855,0.00808465837118557
School of Arts and Sciences,World Languages & Cultures,GERM,2016,0.0726633202987657,0.00460271040294178,0.0326915394581559,0.00460271040293915,0.0481909174484566,0.0148047200135161,0.0184573539325427,0.0734090858577579,0.0046027104029426,0.00460271040295281,0.596547498405992,0.00460271040294186,0.00460271040294347,0.00538682289958782,0.00460271040294326,0.00460271040294389,0.0486149171071801,0.0394024473320606,0.00460271040294385,0.00840698361949247
School of Arts and Sciences,World Languages & Cultures,GERM,2017,0.0575151379109854,0.00495006627554649,0.0340792223328023,0.00495006627554318,0.0264592839582729,0.0158593731274632,0.0272659694196739,0.0921300475444059,0.00495006627554643,0.00495006627554988,0.60352908496486,0.00495006627554473,0.00495006627554692,0.00576865827367948,0.00495006627554634,0.00495006627554666,0.0479685016410042,0.0357643462423445,0.00495006627554684,0.00910977810459107
School of Arts and Sciences,World Languages & Cultures,GERM,2018,0.0673077196631075,0.00366365301692551,0.0351231415587618,0.00366365301692187,0.02689360811427,0.0159468773668115,0.0252426522597149,0.093378900798275,0.00366365301692542,0.00366365301692921,0.649774384628255,0.00366365301692359,0.00366365301692602,0.00454773237490823,0.00366365301692516,0.00366365301692581,0.00366365301692579,0.0369430697400888,0.00366365301692626,0.00820538332655276
School of Arts and Sciences,World Languages & Cultures,GERM,2019,0.0778606635121117,0.00353787922558113,0.0337873874388851,0.0035378792255775,0.0258743745114892,0.0153486718697022,0.0242869169590326,0.111602604282736,0.00353787922558103,0.00353787922558471,0.625399120239751,0.00616914664203651,0.00353787922558152,0.00438795553133378,0.00353787922558072,0.00353787922558143,0.00353787922558133,0.0355373183824688,0.00353787922558184,0.00790492760022273
School of Arts and Sciences,World Languages & Cultures,GERM,2020,0.0775186262364318,0.00356342312566597,0.03381293133897,0.00356342312566227,0.025899918411574,0.0153742157697872,0.0168230393077859,0.114064176223162,0.00356342312566587,0.00356342312566939,0.630020973684863,0.00650847768215089,0.00356342312566639,0.00441349943141872,0.00356342312566555,0.00356342312566625,0.00356342312566551,0.0355628622825537,0.00356342312566683,0.00793047150030799
School of Arts and Sciences,World Languages & Cultures,GERM,2021,0.119329214165018,0.00438157334769789,0.108231514948853,0.00438157334769403,0.0334190172193789,0.0197356037850564,0.0216190743844546,0.147850222848561,0.00438157334769763,0.00534987340518093,0.462287066375044,0.00786297813473412,0.00438157334769896,0.0043815733476986,0.00438157334769805,0.00438157334770015,0.00438157334769844,0.0248225383697062,0.00438157334769789,0.0100587362347319
School of Arts and Sciences,World Languages & Cultures,GERM,2022,0.108857331983832,0.0043594766953594,0.0987685145145918,0.0877440036554047,0.0307571529423419,0.0183176861838669,0.0200299321833198,0.134785521696144,0.00435947669535896,0.00523974947488946,0.420637197629311,0.00752439013811961,0.00435947669536016,0.00435947669535982,0.00435947669535947,0.00435947669536124,0.00435947669535968,0.0229421721699124,0.00435947669535918,0.00952053386539011
School of Arts and Sciences,World Languages & Cultures,GERM,2023,0.108037147613634,0.00353929232516169,0.149506831604821,0.086923819285207,0.0157519704047304,0.0174975018136692,0.0192097478131219,0.133965337325946,0.00353929232516124,0.00441956510469174,0.409259085593358,0.0067042057679219,0.00353929232516245,0.00353929232516211,0.00353929232516175,0.00353929232516352,0.00353929232516196,0.0117100995764108,0.00353929232516146,0.0087003494951924
School of Arts and Sciences,World Languages & Cultures,GERM,2024,0.108037147613634,0.00353929232516226,0.149506831604821,0.0869238192852041,0.0157519704047304,0.0174975018136692,0.0192097478131219,0.133965337325946,0.00353929232516124,0.00441956510469174,0.409259085593358,0.0067042057679219,0.00353929232516245,0.00353929232516212,0.00353929232516175,0.00353929232516352,0.00353929232516196,0.011710099576413,0.00353929232516146,0.0087003494951924
School of Arts and Sciences,World Languages & Cultures,HEBR,2014,0.00865491693601545,0.00865491693598599,0.00865491693600056,0.00865491693598584,0.0745805224364948,0.00865491693600015,0.00865491693599756,0.00865491693600621,0.00865491693599089,0.00865491693601358,0.577929575078752,0.00865491693599128,0.00865491693598738,0.0086549169359887,0.00865491693598792,0.00865491693599789,0.18287958016602,0.0261316513428046,0.00865491693599323,0.00865491693598536
School of Arts and Sciences,World Languages & Cultures,HEBR,2015,0.00866669669260766,0.00866669669257825,0.0086666966925927,0.00866669669257799,0.07263867268551,0.00866669669259248,0.00866669669258968,0.00866669669259844,0.00866669669258309,0.0086666966926058,0.579700393530162,0.00866669669258348,0.0086666966925796,0.00866669669258091,0.00866669669258002,0.00866669669259023,0.182891359922612,0.0261024267803121,0.00866669669258535,0.00866669669257763
School of Arts and Sciences,World Languages & Cultures,HEBR,2016,0.00901259701374285,0.00901259701370625,0.0090125970137223,0.00901259701370628,0.0729845730066359,0.00901259701372305,0.0090125970137197,0.0090125970137317,0.00901259701371325,0.00901259701373403,0.573128287428688,0.00901259701371151,0.00901259701370845,0.00901259701371036,0.00901259701370881,0.0090125970137236,0.183237260243751,0.0264483271014407,0.0090125970137169,0.00901259701370565
School of Arts and Sciences,World Languages & Cultures,HEBR,2017,0.0104607306490988,0.0104607306490561,0.0104607306490597,0.010460730649055,0.0104607306490559,0.0104607306490583,0.0104607306490665,0.0104607306490861,0.0104607306490636,0.0104607306490566,0.607663158523189,0.0104607306490557,0.0104607306490555,0.0104607306490595,0.0104607306490567,0.0104607306490781,0.204043689793668,0.0104607306490566,0.0104607306490691,0.0104607306490556
School of Arts and Sciences,World Languages & Cultures,HEBR,2018,0.00520981790949005,0.00520981790942633,0.00520981790943218,0.00520981790942419,0.00520981790942582,0.00520981790942789,0.00520981790944164,0.00520981790947105,0.00520981790943735,0.00520981790942632,0.901013459720621,0.00520981790942565,0.00520981790942919,0.00520981790943116,0.00520981790942693,0.00520981790945902,0.0052098179095064,0.00520981790942748,0.00520981790944546,0.00520981790942519
School of Arts and Sciences,World Languages & Cultures,HEBR,2019,0.00520981790949005,0.00520981790942633,0.00520981790943218,0.00520981790942419,0.00520981790942582,0.00520981790942789,0.00520981790944164,0.00520981790947105,0.00520981790943735,0.00520981790942632,0.901013459720621,0.00520981790942565,0.00520981790942919,0.00520981790943116,0.00520981790942693,0.00520981790945902,0.0052098179095064,0.00520981790942748,0.00520981790944546,0.00520981790942519
School of Arts and Sciences,World Languages & Cultures,HEBR,2020,0.00520981790949005,0.00520981790942633,0.00520981790943218,0.00520981790942419,0.00520981790942582,0.00520981790942789,0.00520981790944164,0.00520981790947105,0.00520981790943735,0.00520981790942632,0.901013459720621,0.00520981790942565,0.00520981790942919,0.00520981790943116,0.00520981790942693,0.00520981790945902,0.0052098179095064,0.00520981790942748,0.00520981790944546,0.00520981790942519
School of Arts and Sciences,World Languages & Cultures,HEBR,2021,0.00520981790949005,0.00520981790942633,0.00520981790943218,0.00520981790942419,0.00520981790942582,0.00520981790942789,0.00520981790944164,0.00520981790947105,0.00520981790943735,0.00520981790942632,0.901013459720621,0.00520981790942565,0.00520981790942919,0.00520981790943116,0.00520981790942693,0.00520981790945902,0.0052098179095064,0.00520981790942748,0.00520981790944546,0.00520981790942519
School of Arts and Sciences,World Languages & Cultures,HEBR,2022,0.00494199097511055,0.00494199097506339,0.00494199097506922,0.234249440115196,0.00494199097506238,0.00494199097506392,0.00494199097507424,0.0049419909750963,0.00494199097507107,0.00494199097506342,0.676794722333459,0.00494199097506288,0.00494199097506494,0.00494199097506638,0.00494199097506361,0.00494199097508728,0.00494199097512281,0.00494199097506411,0.0049419909750771,0.0049419909750619
School of Arts and Sciences,World Languages & Cultures,HEBR,2023,0.00494199097511055,0.00494199097506339,0.00494199097506922,0.234249440115196,0.00494199097506238,0.00494199097506392,0.00494199097507424,0.0049419909750963,0.00494199097507107,0.00494199097506342,0.676794722333459,0.00494199097506288,0.00494199097506494,0.00494199097506638,0.00494199097506361,0.00494199097508728,0.00494199097512281,0.00494199097506411,0.0049419909750771,0.0049419909750619
School of Arts and Sciences,World Languages & Cultures,HEBR,2024,0.00494199097511055,0.00494199097506496,0.00494199097506922,0.234249440115188,0.00494199097506238,0.00494199097506393,0.00494199097507424,0.0049419909750963,0.00494199097507107,0.00494199097506342,0.676794722333459,0.00494199097506289,0.00494199097506494,0.00494199097506641,0.00494199097506361,0.00494199097508728,0.00494199097512281,0.00494199097507019,0.0049419909750771,0.0049419909750619
School of Arts and Sciences,World Languages & Cultures,ITAL,2014,0.00974625586646574,0.00974625586642663,0.0702622461928488,0.00974625586642637,0.102141114015413,0.00974625586643587,0.00974625586643267,0.00974625586643321,0.00974625586642849,0.00974625586644811,0.498239469372573,0.00974625586643074,0.00974625586642845,0.00974625586642785,0.00974625586642764,0.009746255866429,0.143765227581823,0.0393981048408479,0.00974625586642727,0.00974625586642625
School of Arts and Sciences,World Languages & Cultures,ITAL,2015,0.00975368296169277,0.00975368296165364,0.0702696732880757,0.00975368296165335,0.103635854945982,0.00975368296166292,0.00975368296165958,0.00975368296166014,0.00975368296165547,0.00975368296167417,0.495246378429612,0.00975368296165773,0.00975368296165527,0.00975368296165396,0.00975368296165464,0.00975368296165605,0.14377265467705,0.0407701942343832,0.00975368296165424,0.00975368296165323
School of Arts and Sciences,World Languages & Cultures,ITAL,2016,0.0100423099639072,0.0100423099638666,0.0705583002902901,0.0100423099638665,0.103924481948194,0.0100423099638774,0.0100423099638727,0.010042309963873,0.0100423099638694,0.0100423099638872,0.489762465387556,0.0100423099638708,0.0100423099638689,0.0100423099638673,0.0100423099638681,0.0100423099638702,0.144061281679265,0.0410588212365969,0.0100423099638678,0.0100423099638662
School of Arts and Sciences,World Languages & Cultures,ITAL,2017,0.0112638388053831,0.0112638388053459,0.0768228283256293,0.0112638388053448,0.0596595785914852,0.011263838805347,0.0112638388053462,0.0112638388053453,0.0112638388053467,0.0112638388053452,0.50777376099443,0.0112638388053452,0.0112638388053463,0.0112638388053451,0.0112638388053464,0.0112638388053466,0.156451058163764,0.0303351918444677,0.0112638388053449,0.0112638388053454
School of Arts and Sciences,World Languages & Cultures,ITAL,2018,0.00803093303107238,0.00803093303102256,0.095442919058067,0.00803093303102096,0.0725585860792081,0.0080309330310239,0.00803093303102295,0.00803093303102198,0.00803093303102362,0.0080309330310218,0.670044162616467,0.00803093303102152,0.00803093303102292,0.0080309330310214,0.00803093303102304,0.00803093303102338,0.00803093303102138,0.0334594037498516,0.0080309330310211,0.00803093303102178
School of Arts and Sciences,World Languages & Cultures,ITAL,2019,0.0472646843840272,0.00731232969704745,0.085983117121387,0.00731232969704547,0.0690853347630439,0.00731232969704824,0.0174896584757721,0.00731232969704737,0.00731232969704796,0.0073123296970465,0.603124236323947,0.00731232969704616,0.00731232969704711,0.00731232969704702,0.00731232969704754,0.00731232969704775,0.00731232969704583,0.0301979533439931,0.0128079798699491,0.0462990793533164
School of Arts and Sciences,World Languages & Cultures,ITAL,2020,0.095740396574368,0.00674488099027468,0.0782637786487657,0.00674488099027288,0.0629021583229988,0.00674488099027584,0.015996998061843,0.0260348937675691,0.00674488099027523,0.0067448809902748,0.562006664757592,0.00674488099027369,0.00674488099027529,0.00674488099027474,0.0101279992877324,0.00674488099027496,0.00674488099027379,0.027549993396589,0.0117409266020039,0.0421873806777923
School of Arts and Sciences,World Languages & Cultures,ITAL,2021,0.0931333051792321,0.00674207847954353,0.0782609761380347,0.00674207847954175,0.0628993558122679,0.00674207847954473,0.0159941955511119,0.0227532804231735,0.00674207847954406,0.00674207847954345,0.567472847493887,0.0067420784795425,0.00674207847954418,0.00674207847954358,0.0105953614626656,0.00674207847954469,0.0067420784795427,0.0275471908858581,0.0117381240912728,0.0421845781670614
School of Arts and Sciences,World Languages & Cultures,ITAL,2022,0.0794417982550383,0.0063415295091483,0.0668575198355648,0.147453805903075,0.0538592257137608,0.00634152950914893,0.0141702439543211,0.0198894696152964,0.00634152950914839,0.00634152950914827,0.480806026367439,0.00634152950914744,0.00634152950914849,0.00634152950914796,0.0096019997256361,0.0063415295091489,0.00634152950914721,0.0239458553914144,0.0105689527190727,0.0363313369370477
School of Arts and Sciences,World Languages & Cultures,ITAL,2023,0.0780537939362344,0.00495352519035217,0.152702352484125,0.146065801584279,0.0284658398808797,0.0049535251903528,0.0127822396355247,0.0185014652965,0.00495352519035226,0.00495352519035214,0.461554978853549,0.0049535251903513,0.00495352519035236,0.00495352519035183,0.00821399540683997,0.00495352519035276,0.00495352519035108,0.00495352519037151,0.00918094840027653,0.0349433326182516
School of Arts and Sciences,World Languages & Cultures,ITAL,2024,0.0780537939362344,0.00495352519035314,0.152702352484125,0.146065801584275,0.0284658398808797,0.0049535251903528,0.0127822396355247,0.0185014652965,0.00495352519035226,0.00495352519035214,0.461554978853549,0.00495352519035131,0.00495352519035236,0.00495352519035184,0.00821399540683997,0.00495352519035276,0.00495352519035108,0.00495352519037525,0.00918094840027653,0.0349433326182516
School of Arts and Sciences,World Languages & Cultures,JAPN,2014,0.00904642479042328,0.00904642479041065,0.0746118673659736,0.00904642479041087,0.0639847092099132,0.00904642479042423,0.00904642479041789,0.00904642479041914,0.00904642479041345,0.00904642479043424,0.494468714322386,0.00904642479041561,0.00904642479041391,0.0170028594151767,0.00904642479041347,0.0314363346004707,0.154233644148794,0.042674523389087,0.0130302500631921,0.00904642479041067
School of Arts and Sciences,World Languages & Cultures,JAPN,2015,0.00905624125425012,0.00905624125423753,0.0746216838298003,0.00905624125423767,0.062366489891382,0.00905624125425117,0.00905624125424465,0.009056241254246,0.00905624125424029,0.00905624125426109,0.49594444378407,0.00905624125424245,0.00905624125424075,0.0170126758790036,0.00905624125424022,0.0314461510642977,0.15424346061262,0.0426501333608779,0.0130400665270188,0.00905624125423756
School of Arts and Sciences,World Languages & Cultures,JAPN,2016,0.00946630261587329,0.00946630261586073,0.0750317451914261,0.00946630261586138,0.0627765512530028,0.00946630261587844,0.00946630261586811,0.00946630261586922,0.00946630261586517,0.00946630261588458,0.487543543490335,0.00946630261586585,0.00946630261586551,0.0178381396535053,0.00946630261586471,0.0318562124259281,0.154653521974249,0.0430601947225021,0.0136444598986339,0.00946630261586085
School of Arts and Sciences,World Languages & Cultures,JAPN,2017,0.0109546263844836,0.0109546263844822,0.0824805637396324,0.0109546263844814,0.0109546263844817,0.0109546263844845,0.0109546263844829,0.0109546263844835,0.0109546263844835,0.010954626384483,0.502632186372654,0.0109546263844821,0.0109546263844835,0.0203461526642488,0.0109546263844839,0.0353799825409247,0.169340683866448,0.0317520685255634,0.0156582192922511,0.0109546263844826
School of Arts and Sciences,World Languages & Cultures,JAPN,2018,0.00686130355737448,0.00686130355737384,0.0942818936581105,0.00686130355736866,0.00686130355737388,0.00686130355737497,0.00686130355737248,0.00686130355737515,0.00686130355737422,0.0385356653436481,0.664859846450354,0.006861303557373,0.00686130355737361,0.0183398246204814,0.0068613035573724,0.0367145166374746,0.00686130355744264,0.0322803995075866,0.0126101278474,0.0200420832463961
School of Arts and Sciences,World Languages & Cultures,JAPN,2019,0.00686130355737448,0.00686130355737384,0.0942818936581105,0.00686130355736866,0.00686130355737388,0.00686130355737497,0.00686130355737248,0.00686130355737515,0.00686130355737422,0.0385356653436481,0.664859846450354,0.006861303557373,0.00686130355737361,0.0183398246204814,0.0068613035573724,0.0367145166374746,0.00686130355744264,0.0322803995075866,0.0126101278474,0.0200420832463961
School of Arts and Sciences,World Languages & Cultures,JAPN,2020,0.00686130355737448,0.00686130355737384,0.0942818936581105,0.00686130355736866,0.00686130355737388,0.00686130355737497,0.00686130355737248,0.00686130355737515,0.00686130355737422,0.0385356653436481,0.664859846450354,0.006861303557373,0.00686130355737361,0.0183398246204814,0.0068613035573724,0.0367145166374746,0.00686130355744264,0.0322803995075866,0.0126101278474,0.0200420832463961
School of Arts and Sciences,World Languages & Cultures,JAPN,2021,0.00686130355737448,0.00686130355737384,0.0942818936581105,0.00686130355736866,0.00686130355737388,0.00686130355737497,0.00686130355737248,0.00686130355737515,0.00686130355737422,0.0385356653436481,0.664859846450354,0.006861303557373,0.00686130355737361,0.0183398246204814,0.0068613035573724,0.0367145166374746,0.00686130355744264,0.0322803995075866,0.0126101278474,0.0200420832463961
School of Arts and Sciences,World Languages & Cultures,JAPN,2022,0.0564721861746898,0.00606391558481613,0.103262573637954,0.120717640154879,0.0423607204244186,0.00606391558481557,0.00606391558481588,0.0716174203069427,0.00606391558481581,0.0152002899329218,0.426821992199167,0.00606391558481325,0.00606391558481561,0.0125205836828166,0.00606391558481618,0.0316688359715231,0.0299517865609447,0.0315970170272613,0.00929762924795689,0.00606391558481648
School of Arts and Sciences,World Languages & Cultures,JAPN,2023,0.0553444326656677,0.00493616207579427,0.173007472329091,0.119589886645857,0.0217285944352027,0.00493616207579371,0.0049361620757938,0.0704896667979207,0.00493616207579395,0.0140725364239,0.417048785770876,0.00493616207579139,0.00493616207579375,0.0113928301737948,0.00493616207579432,0.0246715673142274,0.0288240330519161,0.0161710220462623,0.00816987573893503,0.00493616207579462
School of Arts and Sciences,World Languages & Cultures,JAPN,2024,0.0553444326656677,0.00493616207579506,0.173007472329091,0.119589886645853,0.0217285944352027,0.00493616207579371,0.0049361620757938,0.0704896667979207,0.00493616207579395,0.0140725364239,0.417048785770876,0.0049361620757914,0.00493616207579375,0.0113928301737948,0.00493616207579432,0.0246715673142274,0.0288240330519161,0.0161710220462653,0.00816987573893503,0.00493616207579462
School of Arts and Sciences,World Languages & Cultures,KOR,2014,0.0101681009841824,0.0101681009841662,0.0101681009841875,0.0101681009841659,0.142019055514965,0.0101681009841811,0.0101681009841775,0.0101681009841787,0.010168100984168,0.0101681009842018,0.407702299433095,0.0101681009841728,0.0101681009841674,0.0101681009841669,0.0101681009841675,0.0101681009841701,0.242467651957517,0.0451213773476365,0.0101681009841675,0.0101681009841657
School of Arts and Sciences,World Languages & Cultures,KOR,2015,0.00842979210266945,0.00842979210265688,0.00842979210267293,0.00842979210265661,0.0998185558096322,0.00842979210267136,0.00842979210266576,0.00842979210266676,0.00842979210265982,0.00842979210268256,0.5576092397786,0.00842979210266214,0.00842979210265868,0.0084297921026582,0.0084297921026587,0.00842979210266186,0.174358042797909,0.033337487971242,0.00842979210265899,0.00842979210265625
School of Arts and Sciences,World Languages & Cultures,KOR,2016,0.00882411516647651,0.00882411516646407,0.00882411516648303,0.00882411516646424,0.100212878873437,0.00882411516648208,0.00882411516647401,0.00882411516647475,0.00882411516646846,0.00882411516648998,0.550117101566246,0.00882411516646947,0.00882411516646707,0.00882411516646641,0.00882411516646693,0.00882411516647158,0.174752365861717,0.0337318110350501,0.0088241151664678,0.00882411516646352
School of Arts and Sciences,World Languages & Cultures,KOR,2017,0.0108318902759923,0.0108318902759922,0.0108318902760016,0.0108318902759912,0.0108318902759926,0.010831890275995,0.0108318902759971,0.0108318902759967,0.0108318902759941,0.0108318902759919,0.600611125611564,0.0108318902759921,0.0108318902759919,0.0108318902759917,0.010831890275993,0.010831890275995,0.204414849420552,0.010831890275993,0.0108318902759915,0.0108318902759918
School of Arts and Sciences,World Languages & Cultures,KOR,2018,0.00576655734983028,0.00576655734983046,0.00576655734984436,0.00576655734982864,0.00576655734983076,0.00576655734983435,0.00576655734983756,0.00576655734983692,0.00576655734983313,0.00576655734982972,0.890435410353187,0.00576655734983006,0.00576655734982987,0.00576655734982942,0.00576655734983142,0.00576655734983439,0.00576655734983185,0.00576655734983171,0.00576655734982912,0.00576655734982956
School of Arts and Sciences,World Languages & Cultures,KOR,2019,0.00576655734983028,0.00576655734983046,0.00576655734984436,0.00576655734982864,0.00576655734983076,0.00576655734983435,0.00576655734983756,0.00576655734983692,0.00576655734983313,0.00576655734982972,0.890435410353187,0.00576655734983006,0.00576655734982987,0.00576655734982942,0.00576655734983142,0.00576655734983439,0.00576655734983185,0.00576655734983171,0.00576655734982912,0.00576655734982956
School of Arts and Sciences,World Languages & Cultures,KOR,2020,0.0361603111945418,0.00471984573807926,0.0159695614680025,0.0197028601202376,0.00471984573807748,0.0047198457380818,0.00471984573808396,0.0251951571106649,0.0047198457380806,0.00471984573807763,0.800032630765643,0.00471984573807758,0.0368616390077991,0.00471984573807754,0.00471984573807916,0.00471984573808152,0.00471984573807893,0.00471984573807931,0.00471984573807771,0.00471984573807886
School of Arts and Sciences,World Languages & Cultures,KOR,2021,0.0361603111945418,0.00471984573807926,0.0159695614680025,0.0197028601202376,0.00471984573807748,0.0047198457380818,0.00471984573808396,0.0251951571106649,0.0047198457380806,0.00471984573807763,0.800032630765643,0.00471984573807758,0.0368616390077991,0.00471984573807754,0.00471984573807916,0.00471984573808152,0.00471984573807893,0.00471984573807931,0.00471984573807771,0.00471984573807886
School of Arts and Sciences,World Languages & Cultures,KOR,2022,0.0267498243907368,0.0491512408642357,0.0252022228917818,0.182281652164452,0.00578408088664765,0.00318135494092816,0.0621850631256005,0.0168446582908744,0.0031813549409309,0.0403968618735625,0.509451877380029,0.00318135494092643,0.0258632284015753,0.003181354940925,0.00318135494092752,0.00318135494093131,0.0031813549409264,0.00318135494092684,0.0274570952621564,0.00318135494092606
School of Arts and Sciences,World Languages & Cultures,KOR,2023,0.0708352604018461,0.045100386430576,0.0231471199558263,0.167136596789108,0.00534715645111979,0.00296132433421073,0.0570480568368271,0.0154860190716614,0.00296132433421322,0.0418410045939854,0.488251826600689,0.00296132433420862,0.0292118255454988,0.00296132433420799,0.00296132433420971,0.00296132433421299,0.00769006635384343,0.00296132433420916,0.0252140862953367,0.00296132433420894
School of Arts and Sciences,World Languages & Cultures,KOR,2024,0.0708352604018461,0.0451003864305771,0.0231471199558263,0.167136596789103,0.00534715645111979,0.00296132433421073,0.0570480568368271,0.0154860190716614,0.00296132433421323,0.0418410045939854,0.488251826600689,0.00296132433420863,0.0292118255454988,0.00296132433420801,0.00296132433420971,0.00296132433421299,0.00769006635384343,0.00296132433421321,0.0252140862953367,0.00296132433420894
School of Arts and Sciences,World Languages & Cultures,LING,2023,0.000717640644023818,0.000717640644023813,0.000717640644023516,0.000717640644024936,0.00559039444203806,0.00847139174084379,0.120616065726782,0.0373822980894607,0.185333999369555,0.0355507026999405,0.343007845245353,0.00071764064402338,0.00419960573930402,0.0551264961787187,0.015399390666018,0.0126161642577044,0.000717640644022555,0.0920407184523135,0.0796414428838002,0.000717640644026557
School of Arts and Sciences,World Languages & Cultures,LING,2024,0.012952449710538,0.0292086516341069,0.117172793009313,0.0614543561113603,0.0504190192791515,0.0119634577260977,0.0748606186142384,0.0264621161300265,0.126997134444111,0.0238214007981326,0.248024756089933,0.00869335573959874,0.0242212409520804,0.0384695280110301,0.018484774009483,0.0129599654536232,0.00292156356458233,0.0577154102495593,0.050275844908449,0.00292156356458542
School of Arts and Sciences,World Languages & Cultures,PERS,2014,0.00398679003565072,0.00398679003564725,0.00398679003565721,0.00398679003564724,0.00398679003565111,0.00398679003565779,0.00398679003564769,0.00398679003564659,0.00398679003565199,0.00398679003564727,0.924250989322638,0.0039867900356489,0.00398679003565352,0.00398679003564992,0.00398679003565012,0.00398679003565429,0.00398679003565004,0.00398679003565138,0.00398679003565287,0.0039867900356461
School of Arts and Sciences,World Languages & Cultures,PERS,2015,0.00398679003565072,0.00398679003564725,0.00398679003565721,0.00398679003564724,0.00398679003565111,0.00398679003565779,0.00398679003564769,0.00398679003564659,0.00398679003565199,0.00398679003564727,0.924250989322638,0.0039867900356489,0.00398679003565352,0.00398679003564992,0.00398679003565012,0.00398679003565429,0.00398679003565004,0.00398679003565138,0.00398679003565287,0.0039867900356461
School of Arts and Sciences,World Languages & Cultures,PERS,2016,0.00465477449011112,0.00465477449010785,0.00465477449012298,0.00465477449010867,0.00465477449010784,0.00465477449012454,0.00465477449010868,0.0046547744901072,0.00465477449011507,0.00465477449010825,0.911559284687857,0.00465477449010976,0.00465477449011624,0.00465477449011233,0.00465477449011252,0.00465477449011932,0.00465477449011283,0.00465477449011353,0.0046547744901172,0.00465477449010692
School of Arts and Sciences,World Languages & Cultures,PERS,2017,0.00568170562512625,0.00568170562512602,0.0056817056251407,0.00568170562512451,0.00568170562512617,0.00568170562512973,0.00568170562512578,0.00568170562512537,0.00568170562512817,0.00568170562512536,0.892047593122578,0.00568170562512564,0.00568170562512847,0.00568170562512544,0.00568170562512694,0.00568170562512998,0.00568170562512486,0.00568170562512735,0.00568170562512919,0.00568170562512549
School of Arts and Sciences,World Languages & Cultures,PERS,2018,0.00568170562512675,0.00568170562512613,0.00568170562514085,0.00568170562512451,0.00568170562512633,0.00568170562512973,0.00568170562512602,0.00568170562512599,0.00568170562512826,0.0056817056251259,0.892047593122576,0.00568170562512565,0.00568170562512851,0.00568170562512555,0.00568170562512697,0.00568170562513004,0.00568170562512486,0.0056817056251274,0.00568170562512919,0.00568170562512554
School of Arts and Sciences,World Languages & Cultures,PERS,2019,0.00568170562512675,0.00568170562512613,0.00568170562514085,0.00568170562512451,0.00568170562512633,0.00568170562512973,0.00568170562512602,0.00568170562512599,0.00568170562512826,0.0056817056251259,0.892047593122576,0.00568170562512565,0.00568170562512851,0.00568170562512555,0.00568170562512697,0.00568170562513004,0.00568170562512486,0.0056817056251274,0.00568170562512919,0.00568170562512554
School of Arts and Sciences,World Languages & Cultures,PERS,2020,0.00568170562512675,0.00568170562512613,0.00568170562514085,0.00568170562512451,0.00568170562512633,0.00568170562512973,0.00568170562512602,0.00568170562512599,0.00568170562512826,0.0056817056251259,0.892047593122576,0.00568170562512565,0.00568170562512851,0.00568170562512555,0.00568170562512697,0.00568170562513004,0.00568170562512486,0.0056817056251274,0.00568170562512919,0.00568170562512554
School of Arts and Sciences,World Languages & Cultures,PERS,2021,0.00568170562512675,0.00568170562512613,0.00568170562514085,0.00568170562512451,0.00568170562512633,0.00568170562512973,0.00568170562512602,0.00568170562512599,0.00568170562512826,0.0056817056251259,0.892047593122576,0.00568170562512565,0.00568170562512851,0.00568170562512555,0.00568170562512697,0.00568170562513004,0.00568170562512486,0.0056817056251274,0.00568170562512919,0.00568170562512554
School of Arts and Sciences,World Languages & Cultures,PERS,2022,0.00568170562512675,0.00568170562512613,0.00568170562514085,0.00568170562512451,0.00568170562512633,0.00568170562512973,0.00568170562512602,0.00568170562512599,0.00568170562512826,0.0056817056251259,0.892047593122576,0.00568170562512565,0.00568170562512851,0.00568170562512555,0.00568170562512697,0.00568170562513004,0.00568170562512486,0.0056817056251274,0.00568170562512919,0.00568170562512554
School of Arts and Sciences,World Languages & Cultures,PERS,2023,0.00568170562512675,0.00568170562512613,0.00568170562514085,0.00568170562512451,0.00568170562512633,0.00568170562512973,0.00568170562512602,0.00568170562512599,0.00568170562512826,0.0056817056251259,0.892047593122576,0.00568170562512565,0.00568170562512851,0.00568170562512555,0.00568170562512697,0.00568170562513004,0.00568170562512486,0.0056817056251274,0.00568170562512919,0.00568170562512554
School of Arts and Sciences,World Languages & Cultures,PERS,2024,0.00568170562512675,0.00568170562512613,0.00568170562514085,0.00568170562512451,0.00568170562512633,0.00568170562512973,0.00568170562512602,0.00568170562512599,0.00568170562512826,0.0056817056251259,0.892047593122576,0.00568170562512565,0.00568170562512851,0.00568170562512555,0.00568170562512697,0.00568170562513004,0.00568170562512486,0.0056817056251274,0.00568170562512919,0.00568170562512554
School of Arts and Sciences,World Languages & Cultures,PORT,2014,0.0101723500497768,0.0101723500497604,0.0101723500497819,0.01017235004976,0.134249203251558,0.0101723500497755,0.0101723500497703,0.0101723500497719,0.0101723500497623,0.0101723500497985,0.419025495448939,0.010172350049767,0.0101723500497621,0.0101723500497634,0.0101723500497615,0.0101723500497645,0.242471901023111,0.0414957994800949,0.0101723500497616,0.0101723500497601
School of Arts and Sciences,World Languages & Cultures,PORT,2015,0.00726562116003625,0.00726562116002691,0.0072656211600388,0.00726562116002572,0.0783455407474922,0.00726562116003928,0.00726562116003149,0.00726562116003301,0.00726562116002846,0.00726562116004574,0.642444934739026,0.00726562116002998,0.00726562116002804,0.00726562116002731,0.00726562116002757,0.00726562116003056,0.136320927256333,0.0266386586966358,0.00726562116002801,0.00726562116003637
School of Arts and Sciences,World Languages & Cultures,PORT,2016,0.00767261286923953,0.00767261286923076,0.00767261286924482,0.00767261286922961,0.0787525324566932,0.00767261286924633,0.00767261286923514,0.00767261286923664,0.00767261286923328,0.00767261286924939,0.63471209226414,0.00767261286923354,0.00767261286923268,0.00767261286923176,0.00767261286923202,0.00767261286923636,0.136727918965537,0.0270456504058402,0.00767261286923305,0.00767261286924418
School of Arts and Sciences,World Languages & Cultures,PORT,2017,0.00919637811792915,0.00919637811793147,0.00919637811793592,0.00919637811792806,0.00919637811792898,0.00919637811793257,0.00919637811792896,0.0091963781179303,0.00919637811793012,0.00919637811792848,0.680081596400888,0.00919637811792854,0.00919637811792901,0.00919637811792854,0.00919637811792955,0.00919637811793096,0.154383597476347,0.00919637811793114,0.00919637811792813,0.00919637811795473
School of Arts and Sciences,World Languages & Cultures,PORT,2018,0.00527431878113371,0.00527431878113659,0.00527431878114254,0.00527431878113198,0.00527431878113327,0.005274318781138,0.00527431878113329,0.00527431878113532,0.00527431878113478,0.00527431878113285,0.899787943158411,0.00527431878113262,0.00527431878113327,0.00527431878113268,0.00527431878113395,0.00527431878113589,0.00527431878113251,0.00527431878113612,0.00527431878113207,0.00527431878116757
School of Arts and Sciences,World Languages & Cultures,PORT,2019,0.028387956328487,0.00462889844844055,0.00462889844844546,0.00462889844843646,0.00462889844843697,0.00462889844844133,0.083061061449787,0.043133744846287,0.00462889844843844,0.00462889844843837,0.77135486220039,0.00462889844843663,0.00462889844843797,0.00462889844843804,0.0046288984484381,0.00462889844843985,0.00462889844843642,0.00462889844844018,0.00462889844843698,0.0046288984484674
School of Arts and Sciences,World Languages & Cultures,PORT,2020,0.028387956328487,0.00462889844844055,0.00462889844844546,0.00462889844843646,0.00462889844843697,0.00462889844844133,0.083061061449787,0.043133744846287,0.00462889844843844,0.00462889844843837,0.77135486220039,0.00462889844843663,0.00462889844843797,0.00462889844843804,0.0046288984484381,0.00462889844843985,0.00462889844843642,0.00462889844844018,0.00462889844843698,0.0046288984484674
School of Arts and Sciences,World Languages & Cultures,PORT,2021,0.028387956328487,0.00462889844844055,0.00462889844844546,0.00462889844843646,0.00462889844843697,0.00462889844844133,0.083061061449787,0.043133744846287,0.00462889844843844,0.00462889844843837,0.77135486220039,0.00462889844843663,0.00462889844843797,0.00462889844843804,0.0046288984484381,0.00462889844843985,0.00462889844843642,0.00462889844844018,0.00462889844843698,0.0046288984484674
School of Arts and Sciences,World Languages & Cultures,PORT,2022,0.0253567755589227,0.0045675999138823,0.00456759991388732,0.119221324483946,0.00456759991387886,0.00456759991388267,0.0731957425400601,0.0382593405119976,0.00456759991388016,0.00456759991388041,0.675452818196838,0.00456759991387887,0.00456759991387975,0.00456759991387979,0.00456759991388004,0.00456759991388137,0.00456759991387837,0.00456759991388191,0.00456759991387886,0.00456759991390548
School of Arts and Sciences,World Languages & Cultures,PORT,2023,0.0253567755589227,0.0045675999138823,0.00456759991388732,0.119221324483946,0.00456759991387886,0.00456759991388267,0.0731957425400601,0.0382593405119976,0.00456759991388016,0.00456759991388041,0.675452818196838,0.00456759991387887,0.00456759991387975,0.00456759991387979,0.00456759991388004,0.00456759991388137,0.00456759991387837,0.00456759991388191,0.00456759991387886,0.00456759991390548
School of Arts and Sciences,World Languages & Cultures,PORT,2024,0.0253567755589227,0.00456759991388309,0.00456759991388732,0.119221324483942,0.00456759991387886,0.00456759991388267,0.0731957425400601,0.0382593405119976,0.00456759991388016,0.00456759991388041,0.675452818196838,0.00456759991387888,0.00456759991387975,0.0045675999138798,0.00456759991388004,0.00456759991388137,0.00456759991387837,0.00456759991388495,0.00456759991387886,0.00456759991390548
School of Arts and Sciences,World Languages & Cultures,RUSS,2014,0.00697121476653283,0.0154754628595372,0.0463656205168365,0.00697121476652015,0.0627324242075211,0.0108248372392001,0.00697121476652637,0.081490723983047,0.00697121476652144,0.0547436258994786,0.473505103163324,0.00697121476652322,0.0104430045445406,0.0176604564785434,0.0069712147665223,0.00697121476652296,0.116514707016271,0.0357723030812701,0.00697121476652423,0.0187020128782371
School of Arts and Sciences,World Languages & Cultures,RUSS,2015,0.00723138612658185,0.0160899778901285,0.0348987616134718,0.00723138612656916,0.0645020447400608,0.0112455762022773,0.00723138612657528,0.0764014189108944,0.00723138612657059,0.0569943143900673,0.482421433017185,0.00723138612657224,0.0108478338120069,0.0143726153441264,0.00723138612657122,0.00723138612657191,0.121339190553393,0.0335847770208624,0.00723138612657293,0.0194509674929408
School of Arts and Sciences,World Languages & Cultures,RUSS,2016,0.00738561385211429,0.016329055849196,0.0350529893390054,0.00738561385210184,0.0646562724655925,0.0112797869874466,0.00738561385210792,0.0765556466364277,0.00738561385210368,0.0570315626591578,0.479259815409756,0.00738561385210479,0.0110940688889409,0.0146620888392427,0.00738561385210412,0.00738561385210522,0.121649602143518,0.0337390047463952,0.00738561385210597,0.0196051952184736
School of Arts and Sciences,World Languages & Cultures,RUSS,2017,0.00851794853102993,0.0158883691967967,0.104787258387602,0.00851794853102481,0.0314797265577364,0.0147450728140746,0.00851794853102671,0.0701744036745303,0.00851794853102579,0.118963821400225,0.352685173882008,0.00851794853102485,0.0114511278680445,0.0141946139257775,0.00851794853102593,0.00851794853102589,0.0811115582102353,0.0228342948380839,0.00851794853102662,0.093540990996676
School of Arts and Sciences,World Languages & Cultures,RUSS,2018,0.00674753210795224,0.015151337402006,0.115129776698822,0.00674753210794507,0.0329895641384734,0.0139225214912077,0.00674753210794812,0.0652920190316508,0.00674753210794686,0.132637148493554,0.403425386044271,0.0067475321079457,0.0101504999264666,0.0130377280002341,0.00674753210794712,0.00674753210794727,0.0158989441493179,0.023109070744584,0.00674753210794865,0.105275747015832
School of Arts and Sciences,World Languages & Cultures,RUSS,2019,0.0067280249465734,0.0169587444349867,0.0974300415886065,0.00672802494656466,0.038674846548947,0.0154627946305365,0.00672802494656837,0.0779995742449891,0.00672802494656683,0.118743363773498,0.489594529567822,0.00672802494656542,0.0108707683778083,0.0143856547284817,0.00672802494656716,0.00672802494656733,0.0178688743882359,0.0266464198085599,0.00672802494656901,0.0215401883349874
School of Arts and Sciences,World Languages & Cultures,RUSS,2020,0.00672555696093642,0.0169562764493497,0.0974275736029697,0.00672555696092771,0.0386723785633101,0.0154603266448996,0.0067255569609314,0.0774755953168622,0.00672555696092983,0.114413263630848,0.494490564394426,0.00672555696092852,0.0108683003921712,0.0143831867428448,0.00672555696093017,0.00672555696093037,0.0178664064025989,0.0266439518229229,0.00672555696093206,0.0215377203493504
School of Arts and Sciences,World Languages & Cultures,RUSS,2021,0.00648300771497184,0.0162874472247011,0.125422157744569,0.00648300771496335,0.03709871175058,0.014853828662103,0.006483007714967,0.0751424658755598,0.00648300771496542,0.108487922611913,0.475669669154859,0.00648300771496409,0.0104531368365716,0.0138215695893006,0.00648300771496593,0.00648300771496742,0.0171596550965649,0.0330613761046768,0.00648300771496765,0.0206779976288689
School of Arts and Sciences,World Languages & Cultures,RUSS,2022,0.0063026617501257,0.0153529136052606,0.116092646392831,0.0768587999470824,0.0345633116291486,0.0140295733936314,0.00630266175012123,0.06968062312913,0.00630266175011979,0.100461044731918,0.439398041540791,0.00630266175011874,0.0099673963239101,0.0130767188648907,0.00630266175012037,0.00630266175012162,0.0161580285639039,0.0308365402636996,0.00630266175012183,0.0194057293629537
School of Arts and Sciences,World Languages & Cultures,RUSS,2023,0.00436763097466585,0.0145983504630792,0.163018766547184,0.0841267437190517,0.0227831526845936,0.0131024006586288,0.0043676309746608,0.0760122829683094,0.00436763097465918,0.0561216598206601,0.47225613063725,0.00436763097465798,0.0085103744059004,0.0120252607565741,0.00436763097465983,0.00436763097466124,0.0155084804163282,0.0121831857367342,0.00436763097466148,0.0191797943630801
School of Arts and Sciences,World Languages & Cultures,RUSS,2024,0.0125739024763879,0.0140133235669105,0.15624955564751,0.0806447004372142,0.0218570923625276,0.0125797050043117,0.00645206558269582,0.0939541473729171,0.00420888405717409,0.0552783681517302,0.45802012000816,0.00420888405717291,0.00817901317878011,0.0115474459315092,0.00420888405717456,0.00420888405717631,0.0148855314387734,0.0116987907041645,0.00420888405717628,0.0210218178505329
School of Arts and Sciences,World Languages & Cultures,SPAN,2014,0.0132477941141623,0.00367672430347823,0.0289099625151364,0.0653117500290902,0.0431387800509487,0.00367672430348108,0.00510681048272865,0.293776944906859,0.00560678518825678,0.0117077105133965,0.385158969978181,0.00367672430347994,0.0301869018500772,0.0114395675196343,0.00436521528020467,0.00754497250894859,0.0505113111932679,0.0160623960914914,0.00920623814802162,0.00768771671915618
School of Arts and Sciences,World Languages & Cultures,SPAN,2015,0.0134530513598804,0.00372507876541483,0.0246165512309774,0.0663705147488238,0.0435138361848142,0.00372507876541772,0.00517860898039055,0.294816820767791,0.00568677999256686,0.011887720486971,0.387137377798485,0.00372507876541655,0.0306698493865481,0.010066924412015,0.00442485647946461,0.00765674087589286,0.0513274457681519,0.0148706196979563,0.00934524037790139,0.00780182515512024
School of Arts and Sciences,World Languages & Cultures,SPAN,2016,0.0140191184336263,0.00380204504033497,0.0248855078385761,0.0657660115704295,0.0441331172066393,0.00380204504033796,0.00592073242406944,0.29568973673501,0.0057534781950703,0.0131904279588625,0.382481221394773,0.00380204504033677,0.0333018011197027,0.0108617728176777,0.00457178110577295,0.00380204504033833,0.0514044120430722,0.0150342374984007,0.00965740109581496,0.00812106240115424
School of Arts and Sciences,World Languages & Cultures,SPAN,2017,0.0133354136077006,0.00395991693822247,0.0256242532298614,0.0669482543746277,0.0340208650062368,0.00395991693822216,0.00894037646609786,0.301158578055105,0.00608530672884001,0.0129094678234337,0.381681507510763,0.003959916938223,0.0333204089489852,0.0112314719049309,0.00474248193808378,0.00474232012925555,0.0523556567243613,0.01266379948194,0.0101214753289741,0.00823861192613544
School of Arts and Sciences,World Languages & Cultures,SPAN,2018,0.0150920428607542,0.00238461358080659,0.0251533527942898,0.0698799113406995,0.0354657754853218,0.0023846135808061,0.0077313198393958,0.31691215563304,0.00471396735875909,0.0120272823999913,0.425783237829306,0.00238461358080703,0.0344557568885325,0.0101519633555542,0.00322307608065791,0.00238461358080916,0.00238461358080583,0.0117691685441102,0.00875309879698963,0.0069648228885637
School of Arts and Sciences,World Languages & Cultures,SPAN,2019,0.0148431495716872,0.00235865764752809,0.0289799919485685,0.0690841325940451,0.0348594482905605,0.0023586576475275,0.00761156204193157,0.312346096962463,0.00464714556972701,0.0127371509430936,0.427748336882535,0.00235865764752847,0.0328213353186198,0.00998973812798201,0.00318241027896097,0.00235865764753057,0.0023586576475273,0.0138822857732572,0.00861541505290083,0.00685851240602635
School of Arts and Sciences,World Languages & Cultures,SPAN,2020,0.0137562379897806,0.00227993453561708,0.0310453420541673,0.0656945863029814,0.0349793560627631,0.00227993453561651,0.00597011012324604,0.315969935493215,0.00445399806170625,0.0122728602662248,0.425411378293175,0.0022799345356176,0.0351600147279501,0.00956801751857921,0.00306249953547818,0.00227993453561927,0.00227993453561609,0.0151308031248347,0.00834081824252387,0.00778436952528759
School of Arts and Sciences,World Languages & Cultures,SPAN,2021,0.013707148798458,0.00223264918430574,0.0421700300585129,0.0702711908632389,0.0338772506621889,0.00223264918430512,0.00597159346503992,0.305733201486648,0.00433658162890821,0.0119032224719907,0.417890121202185,0.00223264918430621,0.0340639122700992,0.00928563271620461,0.00298997015191329,0.00223264918430826,0.00223264918430468,0.017585472605945,0.0114890559202756,0.00756236977686209
School of Arts and Sciences,World Languages & Cultures,SPAN,2022,0.0194218829624956,0.00214631158229416,0.0402404287238457,0.0666089103836253,0.0340191784891638,0.00214631158229361,0.00571268920391824,0.287609916140035,0.00415313945253142,0.0154110195896171,0.412675328564268,0.00214631158229466,0.0337428970808828,0.0122821270547953,0.00286867927447351,0.00552597645297769,0.00214631158229231,0.029454353656573,0.0144581815710436,0.00723004507057933
School of Arts and Sciences,World Languages & Cultures,SPAN,2023,0.0199638753344534,0.00773272368666594,0.0507309109995312,0.0600884685790558,0.0282260712608954,0.00674305749764019,0.0135496134512744,0.282132856545531,0.00366685875407702,0.0139391583148349,0.400595279483803,0.00185513914900206,0.0303798343907833,0.0217578146502428,0.00250727664888602,0.00490691508251137,0.00185513914899968,0.0240836170915683,0.0157606071207402,0.00952478280950472
School of Arts and Sciences,World Languages & Cultures,SPAN,2024,0.0185392114227227,0.0136019461690743,0.0506488980008508,0.059304101641525,0.0259167769455077,0.00761070672051622,0.014618800733822,0.270197197051818,0.00354124383097667,0.0132728960464317,0.40886691471818,0.00182487788932693,0.0306211588710655,0.0224405407635542,0.00307847801705982,0.00547900448971242,0.00182487788932469,0.0228834359401805,0.015014980224661,0.0107139526336909
School of Arts and Sciences,World Languages & Cultures,SWAH,2014,0.0492727011575106,0.00429561103063634,0.00429561103064499,0.00429561103063679,0.0818438264046937,0.00429561103064556,0.00429561103064012,0.00429561103063918,0.00429561103063919,0.00429561103065062,0.671432322815337,0.0042956110306404,0.00429561103063968,0.030177881435179,0.00429561103063625,0.00429561103063818,0.0768892207098078,0.0302454930485054,0.00429561103064037,0.00429561103063868
School of Arts and Sciences,World Languages & Cultures,SWAH,2015,0.0492847701872544,0.00430768006038024,0.00430768006038869,0.00430768006038064,0.084272795067865,0.00430768006038953,0.00430768006038385,0.00430768006038294,0.00430768006038304,0.00430768006039297,0.666568704723866,0.00430768006038426,0.00430768006038326,0.0301899504649214,0.00430768006038012,0.00430768006038213,0.0769012897395516,0.0324749689711632,0.0043076800603842,0.00430768006038252
School of Arts and Sciences,World Languages & Cultures,SWAH,2016,0.0475090761209581,0.00632293899467549,0.00632293899468865,0.006322938994676,0.0774030412235543,0.00632293899468808,0.00632293899468156,0.00632293899468112,0.00632293899467845,0.00632293899469703,0.590208807386082,0.00632293899468083,0.00632293899467875,0.0293294015764902,0.00632293899467573,0.00632293899467821,0.135378245090981,0.0316502826763972,0.00632293899467979,0.0063229389946776
School of Arts and Sciences,World Languages & Cultures,SWAH,2017,0.0541088867435141,0.00659380005084872,0.00659380005085496,0.00659380005084876,0.00659380005084825,0.00659380005085204,0.00659380005084953,0.00659380005084844,0.00659380005085035,0.00659380005085016,0.669002030245501,0.00659380005085044,0.00659380005085066,0.0296637707837379,0.00659380005084798,0.00659380005084925,0.13564910614722,0.0126692053172748,0.00659380005085219,0.00659380005085084
School of Arts and Sciences,World Languages & Cultures,SWAH,2018,0.070538854688873,0.00248844117157192,0.00248844117158249,0.00248844117157055,0.00248844117157175,0.012897465877517,0.00248844117157288,0.00248844117157207,0.00248844117157752,0.00248844117157413,0.844629746645043,0.00248844117157834,0.00248844117157547,0.0321188740433779,0.00248844117157156,0.00248844117157326,0.00248844117157075,0.00248844117157649,0.00248844117157611,0.002488441171574
School of Arts and Sciences,World Languages & Cultures,SWAH,2019,0.070538854688873,0.00248844117157192,0.00248844117158249,0.00248844117157055,0.00248844117157175,0.012897465877517,0.00248844117157288,0.00248844117157207,0.00248844117157752,0.00248844117157413,0.844629746645043,0.00248844117157834,0.00248844117157547,0.0321188740433779,0.00248844117157156,0.00248844117157326,0.00248844117157075,0.00248844117157649,0.00248844117157611,0.002488441171574
School of Arts and Sciences,World Languages & Cultures,SWAH,2020,0.0650829400499962,0.00243109980427884,0.00243109980428734,0.00243109980427652,0.00899654638107672,0.0119904400154907,0.00243109980428056,0.00243109980427805,0.00243109980428379,0.00243109980428055,0.83446997081593,0.0024310998042853,0.00243109980428401,0.0285770667638729,0.0168476387136907,0.00243109980428006,0.00243109980427957,0.00243109980428302,0.00243109980428419,0.00243109980428072
School of Arts and Sciences,World Languages & Cultures,SWAH,2021,0.0650829400499962,0.00243109980427884,0.00243109980428734,0.00243109980427652,0.00899654638107672,0.0119904400154907,0.00243109980428056,0.00243109980427805,0.00243109980428379,0.00243109980428055,0.83446997081593,0.0024310998042853,0.00243109980428401,0.0285770667638729,0.0168476387136907,0.00243109980428006,0.00243109980427957,0.00243109980428302,0.00243109980428419,0.00243109980428072
School of Arts and Sciences,World Languages & Cultures,SWAH,2022,0.0583113367302157,0.00262081206735615,0.00262081206736434,0.104535233907414,0.00845676458006508,0.0111180033662108,0.00262081206735739,0.00262081206735516,0.00262081206736028,0.00262081206735769,0.742210919633268,0.00262081206736189,0.00262081206736047,0.025861671586995,0.0154355133201666,0.00262081206735695,0.00262081206735651,0.0026208120673598,0.00262081206736062,0.00262081206735754
School of Arts and Sciences,World Languages & Cultures,SWAH,2023,0.0583113367302157,0.00262081206735615,0.00262081206736434,0.104535233907414,0.00845676458006508,0.0111180033662108,0.00262081206735739,0.00262081206735516,0.00262081206736028,0.00262081206735769,0.742210919633268,0.00262081206736189,0.00262081206736047,0.025861671586995,0.0154355133201666,0.00262081206735695,0.00262081206735651,0.0026208120673598,0.00262081206736062,0.00262081206735754
School of Arts and Sciences,World Languages & Cultures,SWAH,2024,0.0583113367302157,0.00262081206735684,0.00262081206736434,0.10453523390741,0.00845676458006509,0.0111180033662108,0.00262081206735739,0.00262081206735516,0.00262081206736028,0.00262081206735769,0.742210919633268,0.00262081206736189,0.00262081206736047,0.025861671586995,0.0154355133201666,0.00262081206735695,0.00262081206735651,0.0026208120673625,0.00262081206736062,0.00262081206735754
School of Arts and Sciences,World Languages & Cultures,TEFL,2014,0.0163845913663624,0.064094019644364,0.0256952090104529,0.0102874717051606,0.000837922334851962,0.000837922334850057,0.0216373414405443,0.000837922334852777,0.0465499001380716,0.022350153529858,0.534023382744113,0.000837922334850362,0.0164825511354786,0.000837922334854617,0.0297698246805998,0.000837922334847428,0.000837922334848493,0.172936499783867,0.000837922334854754,0.0330856761423173
School of Arts and Sciences,World Languages & Cultures,TEFL,2015,0.012336979695504,0.133263765656239,0.056682070551573,0.00660725940015926,0.0022459289215581,0.00224592892155696,0.0132086108762992,0.00224592892155765,0.0379948058795316,0.0121746510115651,0.45698565756591,0.00918890305101973,0.033309582264488,0.00224592892155642,0.023508612972409,0.00427883819804987,0.0469189194933515,0.110044986092519,0.00224592892155691,0.0322667126835946
School of Arts and Sciences,World Languages & Cultures,TEFL,2016,0.012336979695504,0.133263765656239,0.056682070551573,0.00660725940015926,0.0022459289215581,0.00224592892155696,0.0132086108762992,0.00224592892155765,0.0379948058795316,0.0121746510115651,0.45698565756591,0.00918890305101973,0.033309582264488,0.00224592892155642,0.023508612972409,0.00427883819804987,0.0469189194933515,0.110044986092519,0.00224592892155691,0.0322667126835946
School of Arts and Sciences,World Languages & Cultures,TEFL,2017,0.0122193888961457,0.129138083177825,0.0532561909942912,0.0066051427335345,0.00224381225493073,0.0022438122549309,0.0132207943462105,0.00224381225493151,0.0402300119241207,0.011770132054793,0.466183735719553,0.00945535448327245,0.0334998715980153,0.00224381225493261,0.0190273258405699,0.00430464816625329,0.0469168028267508,0.108821368121736,0.00224381225493311,0.0341320878422702
School of Arts and Sciences,World Languages & Cultures,TESL,2014,0.0155937316740842,0.0821998032286609,0.088130183809222,0.00635071408910623,0.101147833133828,0.00635071408910156,0.0123167249986266,0.00635071408910068,0.0280929783192464,0.0232000182214375,0.353916650406881,0.0196542906289083,0.0160150331752475,0.0188553082360999,0.0388086592968752,0.0295815785656152,0.109940689889529,0.0206908723406718,0.0164527877186582,0.00635071408909924
School of Arts and Sciences,World Languages & Cultures,TESL,2015,0.0204614451030327,0.0946460701708546,0.0689324780901836,0.00510914639297838,0.0968773242600642,0.00510914639297529,0.00962885162746418,0.00707013171559125,0.0215805586885394,0.0178737707356536,0.385799260432309,0.0151876134685875,0.0124306002461166,0.0145823237770663,0.0363981834753837,0.0312121158075937,0.0878337828758894,0.0437350141371871,0.0204230362095558,0.00510914639297355
School of Arts and Sciences,World Languages & Cultures,TESL,2016,0.0199230066667079,0.0898685103020814,0.0597244344195824,0.00544798216865506,0.094907684832031,0.00544798216865327,0.00970941853260057,0.00729691118711997,0.0206300207970375,0.0204484316478485,0.375388063403669,0.0148894432549894,0.0121352510479658,0.0143798351307954,0.0349490742749234,0.0300593533310071,0.100038321636353,0.0594215004621847,0.0198867925671432,0.00544798216865105
School of Arts and Sciences,World Languages & Cultures,TESL,2017,0.0199641071247703,0.0903062739016381,0.0604723090263674,0.00548908262672447,0.0935385003051456,0.00548908262671732,0.00975051899066529,0.00728078386276563,0.0205886393386388,0.0198346965731028,0.372650275226377,0.0157775775396526,0.011968433195872,0.0144209355888642,0.035124984963666,0.0301538482487637,0.0988371499386701,0.0601239301035603,0.0203807418543605,0.0078481289636784
School of Arts and Sciences,World Languages & Cultures,TESL,2018,0.01334428479184,0.090971277042531,0.0634688321566995,0.00266321251640405,0.108863021400732,0.00266321251639425,0.00758718139927232,0.00266321251639454,0.0322050692459857,0.023631622829201,0.467171487450185,0.01545484730967,0.0139457142262009,0.00568613432193364,0.021599375558289,0.022640746751085,0.013355698779259,0.0551599535476262,0.0208345975530021,0.0160905180872953
School of Arts and Sciences,World Languages & Cultures,TESL,2019,0.01334428479184,0.090971277042531,0.0634688321566995,0.00266321251640409,0.106209896993965,0.00266321251639425,0.00758718139927232,0.00266321251639454,0.0322050692459857,0.023631622829201,0.467171487450185,0.01545484730967,0.0139457142262009,0.00568613432193364,0.021599375558289,0.0226407467510851,0.013355698779259,0.0553846479016409,0.0208345975530021,0.0185189481400471
School of Arts and Sciences,World Languages & Cultures,TESL,2020,0.0133472624882901,0.0909742547389812,0.0635724906615202,0.00266619021285438,0.106212874690415,0.00266619021284434,0.00319881322493779,0.0026661902128445,0.0322080469424358,0.0236346005256511,0.468566821865084,0.0154578250061201,0.0139486919226509,0.00795708198924435,0.0221731376988421,0.0226437244475352,0.013358676475709,0.0553876255980909,0.0208375752494523,0.0185219258364971
School of Arts and Sciences,World Languages & Cultures,TESL,2021,0.0129847584501715,0.0883938366365571,0.0617749801041664,0.00260885966831964,0.105161160449816,0.00260885966830987,0.0214616987762571,0.00260885966831025,0.0313066633484844,0.0229781725436079,0.45928085902183,0.0150350191817777,0.0135690041864077,0.0115607440864661,0.0215584657975649,0.022015607210581,0.0129958463236641,0.0538239683282637,0.0202610622753006,0.018011574274144
School of Arts and Sciences,World Languages & Cultures,TESL,2022,0.012202095014401,0.0877858691190833,0.0600325452271846,0.0760333237363106,0.0812716737732697,0.00264534613637116,0.0216047773804584,0.0026453461363711,0.0290775337365318,0.0163177418322685,0.440195388799565,0.0146734935305031,0.0108014186117526,0.00615654703737325,0.0134609428735215,0.0208372370982196,0.0122123075294603,0.0496535638752476,0.0195998539719327,0.0227929945801749
School of Arts and Sciences,World Languages & Cultures,TESL,2023,0.0112321290770444,0.0830367144764931,0.10281235706393,0.0718717963628558,0.0668777601872569,0.00215321764291716,0.0217307815599151,0.0021532176429161,0.0272637958630691,0.0155420620566159,0.437729819423486,0.0135799576673409,0.00990148649452873,0.00548885849886818,0.012428034543209,0.0194355140566723,0.011241830966351,0.0468965741787833,0.0199485278499464,0.0186755643878005
School of Arts and Sciences,World Languages & Cultures,TESL,2024,0.011235255659645,0.0819630862069834,0.11073933856384,0.0718749229454542,0.0668808867698575,0.00215634422551795,0.0217339081425157,0.0021563442255167,0.0272669224456697,0.0155451886392164,0.429800834442362,0.0135830842499416,0.010927092923643,0.00549198508146877,0.0124311611258095,0.019438640639273,0.0112449575489516,0.0468997007613859,0.0199516544325468,0.0186786909704011
School of Arts and Sciences,World Languages & Cultures,WLC,2020,0.00365883029825725,0.00365883029823348,0.429494522918847,0.00365883029821253,0.165730735608418,0.00365883029823931,0.00365883029822235,0.146788898122911,0.00365883029823291,0.00365883029824194,0.132260914431852,0.00365883029821438,0.00365883029822314,0.00365883029821923,0.00365883029821383,0.00365883029822631,0.00365883029822528,0.0708424744445745,0.00365883029821395,0.00365883029822173
School of Arts and Sciences,World Languages & Cultures,WLC,2021,0.00365883029825725,0.00365883029823348,0.429494522918847,0.00365883029821253,0.165730735608418,0.00365883029823931,0.00365883029822235,0.146788898122911,0.00365883029823291,0.00365883029824194,0.132260914431852,0.00365883029821438,0.00365883029822314,0.00365883029821923,0.00365883029821383,0.00365883029822631,0.00365883029822528,0.0708424744445745,0.00365883029821395,0.00365883029822173
School of Arts and Sciences,World Languages & Cultures,WLC,2022,0.00385070224774316,0.00385070224772992,0.2593521178201,0.370742620871932,0.10109384543384,0.0038507022477324,0.00385070224772222,0.0897287429425354,0.00385070224772863,0.00385070224773507,0.0810119527279,0.00385070224771845,0.00385070224772276,0.00385070224772036,0.00385070224771776,0.0038507022477246,0.00385070224772398,0.0441608887355343,0.00385070224771718,0.00385070224772186
School of Arts and Sciences,World Languages & Cultures,WLC,2023,0.00340294952985028,0.00340294952984012,0.354642952812809,0.370294868154045,0.060566661876267,0.003402949529843,0.00340294952983325,0.0675093441667749,0.00340294952983942,0.00340294952984328,0.0592690995871726,0.00340294952983086,0.00340294952983429,0.0034029495298319,0.00340294952983045,0.00340294952983639,0.00340294952983571,0.04007577998522,0.00340294952982991,0.00340294952983285
School of Arts and Sciences,World Languages & Cultures,WLC,2024,0.0341305945482324,0.00297998301359494,0.2956799857494,0.308723248533752,0.0506164099689484,0.00827253592102112,0.022130924489385,0.151559061076765,0.0029799830135928,0.00795834891776319,0.0495351080613695,0.00297998301358541,0.00297998301359065,0.00297998301358578,0.00297998301358508,0.00297998301358952,0.00297998301358844,0.033540675059751,0.00297998301358396,0.0110332605513151
School of Communications,School of Communication,COMM,2014,0.0170190117982483,0.0229725171908483,0.0506792922272371,0.0121301871747816,0.0419593919091601,0.077423170517145,0.00790707141923686,0.0181901701122054,0.0272750914412927,0.020496506872552,0.00336812535727956,0.0270713950175636,0.488909024776704,0.0425513577697773,0.00662811043152602,0.00519129753648414,0.0274990504659318,0.0428269612169584,0.0322951276396417,0.0276071391254265
School of Communications,School of Communication,COMM,2015,0.0221953160775307,0.0236670160613007,0.0371724680307166,0.0108279810855681,0.0374411410528078,0.0932880040214507,0.00476355494377384,0.0196788919796219,0.031059112338709,0.0265729319959661,0.00479163366541663,0.0267010089377367,0.473014335877257,0.0459428978202828,0.0070185286083628,0.00538577823590377,0.026889113246551,0.0456957369914164,0.0318559425541729,0.0260386064754549
School of Communications,School of Communication,COMM,2016,0.0203581924409297,0.0270940021001084,0.0327282674905025,0.0105123055990639,0.0326707497164819,0.0845233418959727,0.00481355593198216,0.0195298960178203,0.0300113684261452,0.0273162464579223,0.00479229680083412,0.0311267529483534,0.491908747294562,0.0446034756796836,0.00524468410210263,0.00740084139222851,0.0230254796863807,0.0431497877639439,0.029761129376218,0.0294288788787639
School of Communications,School of Communication,COMM,2017,0.0283310428488671,0.0263976620624406,0.0308061516703286,0.00939784123718787,0.0304375106356377,0.0802698504155901,0.00594188996906088,0.0182418982668792,0.02861021441148,0.0251040747013074,0.00525241618226318,0.0305592068985167,0.498254701133865,0.0481686652788285,0.00499904220594205,0.00793255729930997,0.0192871375818436,0.0428200852083495,0.030409223694157,0.0287788282981454
School of Communications,School of Communication,COMM,2018,0.0298790771826611,0.0237071201258779,0.0326004317121176,0.00891815464449066,0.0266977529559772,0.0851492136054885,0.00545533691017762,0.0207821920553035,0.028613262928301,0.0241530555687899,0.0043208327445247,0.0312200212831114,0.51016491509092,0.0486083909916752,0.00467226989278085,0.00832845188062367,0.00558620176388401,0.0502078136508444,0.0303252345157938,0.0206102704966576
School of Communications,School of Communication,COMM,2019,0.0287578645750509,0.023572607945362,0.0342380488997363,0.00891349090083727,0.025714744046547,0.0872519305003441,0.00531294004866542,0.0200534483772209,0.0275996864791482,0.0235517498739268,0.00452171501350408,0.0317267338312281,0.510889843764169,0.0471963173309355,0.00455483134258016,0.00703836556797344,0.00543963391101845,0.0525920116627629,0.0291396846111569,0.0219343513178326
School of Communications,School of Communication,COMM,2020,0.0281472100507446,0.0251383238523101,0.040280700520331,0.0094006056540544,0.025053382238135,0.0875083478604392,0.0074970832941825,0.0213086741258055,0.0277560276780119,0.0240190208079001,0.00483976095571717,0.0327010116368493,0.494808630889835,0.0502335699727361,0.00472025016445402,0.00706958460676823,0.00547730283156144,0.0527469279300626,0.0287419919693702,0.0225515929607315
School of Communications,School of Communication,COMM,2021,0.0270351457434427,0.0268672620906908,0.0399737953662429,0.0161960223652479,0.0249281485529644,0.086114378878259,0.0089337081755547,0.0209218822523607,0.0266992769652279,0.0226468641445456,0.00496210585667251,0.0323355733364005,0.496612410692746,0.0482562246657315,0.00472240819214145,0.00723470050338593,0.00545503849015463,0.0484543957234525,0.0296920027996116,0.0219586552051665
School of Communications,School of Communication,COMM,2022,0.0273349060482264,0.0281805319469528,0.0388160599130478,0.0186381949831411,0.0237700145642604,0.0857164308494295,0.010809901485379,0.0211909739519633,0.0261937385631383,0.022742044353324,0.00500523588760778,0.0328243860644319,0.489401935208034,0.0486192991619357,0.00475441564630943,0.00730417160308609,0.00549583750789879,0.0508115296720172,0.02985122891695,0.0225391636728671
School of Communications,School of Communication,COMM,2023,0.0303563810199244,0.0287252476869422,0.047147743113286,0.0193083344329728,0.0239519445584469,0.0960925278518108,0.0123456377688606,0.0222324094459237,0.0197424483759598,0.019544932160007,0.00683052748750827,0.0367297007207708,0.461008928344215,0.048346232718603,0.00555102245255521,0.0075729165978116,0.00399332839996544,0.05440739309918,0.033611820714428,0.0225005230508291
School of Communications,School of Communication,COMM,2024,0.0311481745717544,0.0413250707282717,0.0466560054344253,0.0243364782252469,0.0238079037022592,0.0963522885758793,0.0151657244139318,0.0231269333591181,0.0195224508276962,0.0194451039772626,0.00756676012623445,0.0370087821026064,0.437441523932166,0.0448337248752542,0.00629713790473965,0.00797164173033214,0.00400317138803565,0.0577755884252619,0.0301793201855781,0.0260362155139467
School of Education,School of Education,EDU,2014,0.0108902766997498,0.0767557856639269,0.201151351449888,0.0206205478837727,0.161915020417311,0.0125500331410376,0.0203341563573872,0.0174104240387706,0.0283396594040614,0.0245436442311237,0.0285295571780813,0.0233290622275112,0.00475470657048102,0.0370840940704524,0.0957287257011847,0.0207284884234048,0.0591183326869344,0.0818852055427946,0.0694907200060197,0.00484020830610705
School of Education,School of Education,EDU,2015,0.0139590664767456,0.0769776360602402,0.192796258915569,0.0245090332271629,0.162056060539552,0.0136598598168426,0.0243031838950098,0.0133705964019836,0.0294685941466636,0.0199209761717483,0.0266379010223565,0.0241567129911411,0.00391316464941395,0.0481740889182255,0.104424007376063,0.0242982784834331,0.0540977008482889,0.0753808464360407,0.0629748904843368,0.00492114313918289
School of Education,School of Education,EDU,2016,0.0148262243107252,0.0699597588059586,0.197198449482657,0.0245212795026413,0.159623272263231,0.0136625266148092,0.0325634751836083,0.0145081724209872,0.02360268175666,0.0224196901782727,0.0291925866673564,0.0224518623184152,0.00325743672225295,0.0471630607141451,0.103944089194148,0.0243009452813989,0.0541003676462555,0.0692859887715463,0.0680124747295266,0.00540565743540534
School of Education,School of Education,EDU,2017,0.0137400641498855,0.073886337489977,0.195666669607677,0.0432596125425794,0.15435390818105,0.0132380545203953,0.0325474581208342,0.0142950421273979,0.0239831009023602,0.0227372501677217,0.0298849329907422,0.021709072796573,0.00407620568875295,0.046189664342889,0.100069339643885,0.0234042098285043,0.0486785833623907,0.0662895801730686,0.0656079760916134,0.00638293727170294
School of Education,School of Education,EDU,2018,0.0129662296002961,0.0843463544991965,0.207259891357687,0.0478597066699526,0.160487932827045,0.0126076766759997,0.0321015852287528,0.014316553668703,0.0246777698504933,0.0230604688233807,0.0290685115427513,0.0213033030092434,0.0029471937619139,0.0475040272741455,0.101760878330239,0.0218868725772006,0.0115785453847397,0.0689319480471454,0.0682134889149998,0.00712106195611484
School of Education,School of Education,EDU,2019,0.0120225409133032,0.0996201205994992,0.188569563527011,0.0472691466090405,0.171830651962062,0.0138113719191988,0.0301649479729713,0.0133631835875345,0.0260520251441306,0.0217043204830773,0.0263550800079446,0.0218035943714123,0.00347561670192847,0.0518325917648518,0.0923467787843049,0.0209696967953813,0.0105023325922427,0.0767459126678788,0.0634001922019728,0.00816033139425429
School of Education,School of Education,EDU,2020,0.0121428288460379,0.0968403282406459,0.184940892234304,0.0465411997714512,0.17115511417524,0.0116554088736218,0.026950432601561,0.0142503441642063,0.0285872361239091,0.0196223117543015,0.0259616955667004,0.0226078128897646,0.00752834117572413,0.0503919999680367,0.0936179628545496,0.0194913340109239,0.0126277930742766,0.0839445077047281,0.0629725390242982,0.00816991694571897
School of Education,School of Education,EDU,2021,0.0113668839332966,0.0925603463247042,0.262560078053406,0.0394628140105523,0.135824840531252,0.0104265873760184,0.0206972494308119,0.010059538884202,0.0245690529701244,0.014428676113528,0.033999444617441,0.0241110465317605,0.00781788024754826,0.0388391470362693,0.10698310817846,0.0205570318381943,0.0126833264887389,0.0748455842251369,0.0511408734700579,0.00706648973849687
School of Education,School of Education,EDU,2022,0.0075198522806127,0.092136805884163,0.277311674544939,0.036662961491966,0.131985887447999,0.0106929913890225,0.0264834305319766,0.00750962341222281,0.0171651123711897,0.0140406466379584,0.0307400467095546,0.0206336681745196,0.00864303768828936,0.038162230671693,0.106175734580847,0.0189678138312466,0.0117573082337878,0.0815778718971546,0.053692010569261,0.0081412916515967
School of Education,School of Education,EDU,2023,0.00715664881677806,0.0912847437191576,0.29630059954646,0.0357406027719885,0.131704924459487,0.0104108901778716,0.0283122357149215,0.00753413613459923,0.0158079806781773,0.0142197622573071,0.0277795095644307,0.0204042411150936,0.00873055380487463,0.0393044692625719,0.0911453424041161,0.0190224986512013,0.0118039285209419,0.0805886336154622,0.0552118638806577,0.00753643490390228
School of Education,School of Education,EDU,2024,0.00557683262343843,0.0897262130896836,0.293519762429934,0.0411630848145931,0.122095111524988,0.0104705970851911,0.0275131596458865,0.00910417327996539,0.0180274527828015,0.0135810954737037,0.0298113653720632,0.0187047855110182,0.0081694508806257,0.0373767879782133,0.0978474051624517,0.0174102761740434,0.0110742957395192,0.0852817889574258,0.0557398410762481,0.00780652039820653
School of International Service,School of International Service,SIS,2014,0.00775872006487827,0.0165717842899009,0.0887382656042965,0.00678298917549615,0.0652626672019307,0.0345594371526154,0.0251585284241929,0.0558241886041001,0.0173127744936142,0.289322499281914,0.014580578758539,0.016366761807554,0.0118990844956507,0.125433333043921,0.0225686716107386,0.0116020740706208,0.0405793126670008,0.0815556125848203,0.0539213635024467,0.0142013531657689
School of International Service,School of International Service,SIS,2015,0.00763885888728501,0.0163424440536117,0.0876124473392572,0.0066752488785163,0.0705570713064529,0.0341066478124416,0.0248225205589064,0.0551072408608022,0.017074229410074,0.289367719433505,0.0143759739946892,0.0161399684343996,0.0117277902195385,0.123851675431805,0.0247157777413535,0.0114344693650059,0.0400517422645366,0.0805190198231284,0.0532280533380513,0.0146511008466392
School of International Service,School of International Service,SIS,2016,0.00758770294735983,0.0136069351031309,0.0875545294233823,0.00673735211704101,0.0687944145172935,0.0329248696495152,0.0265608243920839,0.054313035339185,0.0171442353704526,0.295968855652174,0.0111162231640857,0.0182625441161324,0.0118363606426918,0.123844343372719,0.0278680990713731,0.0112012487833259,0.039165352298183,0.0794430959713981,0.0516707329994959,0.0143992450689774
School of International Service,School of International Service,SIS,2017,0.00829952063235526,0.0175558762949582,0.0888733784231873,0.00732377097220599,0.0654792693875784,0.0315275140434888,0.0261897229276289,0.0569274790371851,0.0159356942857552,0.291858368576983,0.0112732064748168,0.0164484937057288,0.0126058041808155,0.125070446975621,0.0282332773164602,0.0111483227436693,0.0346242217278236,0.0843253055268175,0.051095270058328,0.0152050567085934
School of International Service,School of International Service,SIS,2018,0.00778411710752702,0.0205525119891481,0.0927674573970438,0.00708859676833695,0.0847257392150265,0.0330158539215243,0.0175178783633913,0.0363788947054123,0.0150785274300642,0.292080036134126,0.0142080076455289,0.0192178966840504,0.0158917637921375,0.127871311169691,0.0299296242654885,0.011542065429306,0.00896086594815058,0.0990227865992091,0.0516763147731288,0.0146897506617088
School of International Service,School of International Service,SIS,2019,0.00758397653229255,0.0201197212711852,0.0956630872492175,0.00694628629299412,0.0825568538941567,0.0321900825043815,0.0170946517659402,0.0366240775685135,0.0147186605971151,0.290909623449356,0.0138707517160744,0.0171808447376458,0.0197701339324173,0.123822592910967,0.028803513491311,0.013616620253273,0.00875989941343298,0.105062784431948,0.0503658560611392,0.0143399819266391
School of International Service,School of International Service,SIS,2020,0.00736899010446676,0.0226452893329876,0.0948375239286495,0.00699159279957286,0.0815119024048765,0.0322456254172664,0.0164887923612716,0.0361884855821835,0.01454342953472,0.288074337801925,0.0137063912803593,0.0176396462844275,0.0199315338093715,0.122771603995835,0.0284838307080359,0.0134555179132349,0.00866106272518761,0.105277588050248,0.0542075614985477,0.0149692944668327
School of International Service,School of International Service,SIS,2021,0.0103473367441044,0.0227002523872058,0.0953937837936503,0.00689205566866666,0.0810039416437779,0.0316695971048945,0.0162100627858051,0.0355380636817944,0.014301404918245,0.284328522702945,0.013480159838495,0.0173392024839958,0.0195878468480919,0.120487538351792,0.0279787796543286,0.0132340199311276,0.0085300261617226,0.113041013602699,0.0532171570336988,0.0147192346629595
School of International Service,School of International Service,SIS,2022,0.0103470925334977,0.0227000081765991,0.0953935395830436,0.00705614150032352,0.0810036974331711,0.0308636973126955,0.0161364944703805,0.0355378194711877,0.0143011607076383,0.284328278492338,0.0134799156278883,0.015315077814418,0.0195876026374852,0.12196166139475,0.0282648616116662,0.0132337757205208,0.00852978195111586,0.113040769392092,0.0541996337168356,0.0147189904523528
School of International Service,School of International Service,SIS,2023,0.0112431006167873,0.0250098767359265,0.0618219771931544,0.00776216047023033,0.0733719738091509,0.0317354783474948,0.0177255999686485,0.0357009117581964,0.0156705431498032,0.308309293575473,0.00753499251075389,0.0161495125455054,0.0207788364303804,0.135591986486696,0.0245291230746855,0.0144753726360599,0.00824111138213626,0.114083153775537,0.0599832292695361,0.0102817662638443
School of International Service,School of International Service,SIS,2024,0.0108692237058943,0.0247707253353446,0.0598470792260912,0.00792449645241782,0.0786408810682742,0.0329107112727349,0.0170889190299775,0.0343355019631923,0.0151171753254097,0.308559671892403,0.00983933467028679,0.0155767270429078,0.0165330555617249,0.130176938527024,0.024428418605475,0.0149858516506029,0.00798893673751302,0.117918345317079,0.0576334011970458,0.0148546054186022
School of International Service,School of International Service,SISA,2014,0.00168096369564847,0.0016809636956464,0.0652229424438788,0.0177164043328552,0.00518509026464813,0.005713509727507,0.0343898442961006,0.0232323022362761,0.00168096369564541,0.790606996884074,0.00316325637154651,0.00168096369564672,0.00528202472329747,0.0129883004457937,0.00168096369564636,0.00168096369564513,0.0156193557537501,0.0033403818146686,0.00577284483607901,0.00168096369564659
School of International Service,School of International Service,SISA,2015,0.00168096369564847,0.0016809636956464,0.0652229424438788,0.0177164043328552,0.00518509026464813,0.005713509727507,0.0343898442961006,0.0232323022362761,0.00168096369564541,0.790606996884074,0.00316325637154651,0.00168096369564672,0.00528202472329747,0.0129883004457937,0.00168096369564636,0.00168096369564513,0.0156193557537501,0.0033403818146686,0.00577284483607901,0.00168096369564659
School of International Service,School of International Service,SISA,2016,0.00168096369564847,0.00168096369564639,0.0652229328087324,0.0177164043328552,0.00518509026464835,0.005713509727507,0.0343898442961006,0.0232323022362761,0.00168096369564541,0.790606996642422,0.00316326600669278,0.00168096369564672,0.00528202472329747,0.0129883004457937,0.00168096369564636,0.00168096369564513,0.0156193557537501,0.00334038205632022,0.00577284483607901,0.00168096369564659
School of International Service,School of International Service,SISA,2017,0.00175595295266041,0.00175595295265882,0.0653695582810559,0.0184759708415135,0.00528145322807965,0.00592452891606904,0.0357725721820906,0.0239688658935557,0.00175595295265773,0.787118641146187,0.00328777209245966,0.00175595295265887,0.00549454871068504,0.0137391453891735,0.0017559529526588,0.00175595295265743,0.013690841285875,0.00353673698921115,0.00604769437543324,0.00175595295265901
School of International Service,School of International Service,SISA,2018,0.00180294363546066,0.00180294363545883,0.145324235811134,0.0170198724577812,0.00501154505307231,0.00559681615736544,0.0327620138938874,0.0220189323695435,0.00180294363545776,0.716782076023424,0.00315195839056634,0.00180294363545882,0.00520548584146156,0.0127090047447807,0.00180294363545876,0.00180294363545777,0.0126648939985332,0.00342365689964561,0.00570890291059309,0.00180294363545919
School of International Service,School of International Service,SISA,2019,0.00180294363546066,0.00180294363545883,0.145324235811134,0.0170198724577812,0.00501154505307231,0.00559681615736544,0.0327620187304805,0.0220189323695435,0.00180294363545776,0.716782071186831,0.0031519583905663,0.00180294363545882,0.00520548584146156,0.0127090047447807,0.00180294363545876,0.00180294363545777,0.0126648939985332,0.00342365689964561,0.00570890291059309,0.00180294363545919
School of International Service,School of International Service,SISA,2020,0.00180294363546066,0.00180294363545883,0.145324235811134,0.0170198724577812,0.00501154505307231,0.00559681615736544,0.0327620187304805,0.0220189323695435,0.00180294363545776,0.716782071186831,0.0031519583905663,0.00180294363545882,0.00520548584146156,0.0127090047447807,0.00180294363545876,0.00180294363545777,0.0126648939985332,0.00342365689964561,0.00570890291059309,0.00180294363545919
School of International Service,School of International Service,SISA,2021,0.00180294363546066,0.00180294363545883,0.145324235811134,0.0170198724577812,0.00501154505307231,0.00559681615736544,0.0327620187304805,0.0220189323695435,0.00180294363545776,0.716782071186831,0.0031519583905663,0.00180294363545882,0.00520548584146156,0.0127090047447807,0.00180294363545876,0.00180294363545777,0.0126648939985332,0.00342365689964561,0.00570890291059309,0.00180294363545919
School of International Service,School of International Service,SISA,2022,0.00178850576286926,0.00178850576286752,0.145625259171302,0.016836357598275,0.00496145605361874,0.00554022414564173,0.0344572298788076,0.0239422760206004,0.00178850576286643,0.707495365099036,0.0075283550841698,0.00178850576286742,0.00515324194435904,0.0125733884154191,0.0017885057628674,0.00178850576286639,0.0125297677885742,0.00339121110189665,0.00565106549050024,0.0035837676305962
School of International Service,School of International Service,SISA,2023,0.00649986666066534,0.00174674157934049,0.137454573205278,0.0167945934147481,0.00399415814260442,0.00549845996211479,0.0375873759530047,0.0242269892987938,0.0017467415793394,0.707742482986633,0.00709411543492992,0.00174674157934037,0.00511147776083208,0.01344889597851,0.0017467415793404,0.00174674157933942,0.0124880036050472,0.00426677960046203,0.00560930130697326,0.00344921879270354
School of International Service,School of International Service,SISA,2024,0.0199929251195002,0.00172160576346106,0.134868285259868,0.016816741169057,0.0039201654449149,0.0053917650509576,0.0374119701439494,0.0261574347415205,0.00172160576345995,0.693868120002171,0.00787646750961223,0.00172160576346098,0.00595109073862321,0.0139306139932278,0.0017216057634611,0.00172160576345993,0.0122293620929569,0.00418686034934087,0.00550019680136274,0.00328997276563519
School of International Service,School of International Service,SISG,2014,0.0011526028740943,0.0152317122592499,0.00671958537727435,0.00665887776420814,0.00115260287409565,0.00115260287409704,0.026628275927255,0.0781458873462291,0.0304031655471393,0.515963766889281,0.00115260287409262,0.0122656295784286,0.0275436350406669,0.0782662289509955,0.0632326722012589,0.0526620778591744,0.00115260287409675,0.0561248458598019,0.00432788845989548,0.0200627365686659
School of International Service,School of International Service,SISG,2015,0.0011526028740943,0.0152317122592499,0.00671958537727435,0.00665887776420814,0.00115260287409565,0.00115260287409704,0.026628275927255,0.0781458873462291,0.0304031655471393,0.515963766889281,0.00115260287409262,0.0122656295784286,0.0275436350406669,0.0782662289509955,0.0632326722012589,0.0526620778591744,0.00115260287409675,0.0561248458598019,0.00432788845989548,0.0200627365686659
School of International Service,School of International Service,SISG,2016,0.00144608225869365,0.015525191643846,0.00701306476187178,0.0103951411476978,0.00144608225869079,0.00144608225869524,0.026921755311855,0.0784393667308278,0.0306966449317392,0.539427932517464,0.00144608225869099,0.012559108963026,0.00635810628129401,0.0785597083355925,0.0525252170333818,0.0529524420057831,0.00144608225870029,0.0564183252443946,0.00462136784449455,0.0203562159532614
School of International Service,School of International Service,SISG,2017,0.0015010186048032,0.0468880404173813,0.00492685399137318,0.0074377546848351,0.00150101860480158,0.0544560377526929,0.01717835586829,0.0722709822314096,0.0298818482564419,0.422027804740842,0.001501018604801,0.0583763524820529,0.0162358980749718,0.0875706974224704,0.0528421107823024,0.037435979066643,0.00150101860480398,0.0512604634401739,0.00345504050375998,0.0317517058651493
School of International Service,School of International Service,SISG,2018,0.0014900073862299,0.0460247258373099,0.00491584277280207,0.00742675942746104,0.00149000738623044,0.0544450171077908,0.0171673446497168,0.0722662543852225,0.0298747459180296,0.423305754004901,0.00149000738622962,0.0583622610912214,0.0139830376148034,0.0875733459929468,0.0523216136205536,0.0399431474659981,0.00149000738623108,0.0513778981993135,0.00344402928518712,0.0316081930818211
School of International Service,School of International Service,SISG,2019,0.0014900073862299,0.0460247258373099,0.00491584277280207,0.00742675942746104,0.00149000738623044,0.0544450171077908,0.0171673446497168,0.0722662543852225,0.0298747459180297,0.423305802479767,0.00149000738622962,0.0583622610912214,0.0139830376148034,0.0875733459929468,0.0523216136205536,0.0399431474659981,0.00149000738623107,0.0513778981993135,0.00344402928518712,0.0316081446069549
School of International Service,School of International Service,SISG,2020,0.00141766219204217,0.0452787558298586,0.0045987950510017,0.00693036051604189,0.00945879164144437,0.0505901712192057,0.0159751896509935,0.0704451890366705,0.0322143937463024,0.428617713008881,0.00141766219204123,0.0624324242796325,0.0125885417917012,0.0995742018441219,0.0478242302883156,0.0371241494089691,0.00141766219204393,0.0457195717052495,0.0032321110982164,0.0231424233072665
School of International Service,School of International Service,SISG,2021,0.00333586104537807,0.0452679453388938,0.00458798456003708,0.00691955002507721,0.0094479811504803,0.0505793607282411,0.00822460606339058,0.0815289466786751,0.021464800152217,0.426033384029343,0.00140685170107667,0.062421613788668,0.0125777313007367,0.0784183578291855,0.0478134197973508,0.0371133389180046,0.00315190018613758,0.0478644853929814,0.0239151847835603,0.0279266965305659
School of International Service,School of International Service,SISG,2022,0.00333181688064848,0.0502220077389565,0.00458394039530631,0.00691550586034649,0.0100545959653027,0.0505753165635104,0.00822056189866034,0.0815249025139452,0.0212262135238522,0.426029339864612,0.00140280753634667,0.0624175696239373,0.012922334851131,0.0784143136644547,0.0477225279744992,0.0371092947532739,0.00314785602140685,0.0423453013851444,0.0239111406188304,0.0279226523658351
School of International Service,School of International Service,SISG,2023,0.00333181688064848,0.0502220077389565,0.00458394039530631,0.00691550586034649,0.0100545959653027,0.0505753165635104,0.00822056189866034,0.0815249025139452,0.0212262135238522,0.426029339864612,0.00140280753634667,0.0624175696239373,0.012922334851131,0.0784143136644547,0.0477225279744992,0.0371092947532739,0.00314785602140685,0.0423453013851444,0.0239111406188304,0.0279226523658351
School of International Service,School of International Service,SISG,2024,0.00257240768332929,0.0566092925137379,0.00347726305474852,0.0351310005715087,0.00830040684039474,0.0356142453818242,0.00654043250973336,0.0486853751266577,0.0202078598686314,0.4200477391405,0.000898932340003202,0.0658198869038866,0.0717080561572438,0.068046913967357,0.0247115289647878,0.03432472506966,0.00274894085114928,0.0584918304407982,0.0183073946183042,0.0177557679957444
School of International Service,School of International Service,SISU,2014,0.0143412218083104,0.00600546721058279,0.0881803613690566,0.0435444419338541,0.0136619520855052,0.0094562995128814,0.0600902945056023,0.104802258565782,0.0065201776146227,0.385842032821054,0.00231877010909582,0.00794752330720608,0.0077475153218201,0.105562000089032,0.0147420929447134,0.00525303290419607,0.0600944493009348,0.0279180235416594,0.0178207126736208,0.0181513723804703
School of International Service,School of International Service,SISU,2015,0.0142463778572053,0.00597894911683603,0.0874802785690939,0.0452128701882265,0.0135726759190132,0.00940149590846009,0.0596204581553391,0.106366543657598,0.00640974351910094,0.386438491482758,0.00232247084405093,0.00790508672086434,0.00770671814519461,0.104719444840545,0.0146439631646214,0.00526697981740563,0.059624578894974,0.0273602272061562,0.017697348305587,0.0180252976869705
School of International Service,School of International Service,SISU,2016,0.0137523814109181,0.0069936016670262,0.108118661218153,0.0428683898237061,0.0107205150449009,0.009183229186352,0.0560966846364309,0.105589927361004,0.00585714452699943,0.375494139924132,0.00227410072235793,0.00709623312702354,0.00826571941179769,0.106413207907023,0.0142903074843392,0.00504071488343248,0.0571516883400596,0.0320524248736306,0.0155455848098773,0.0171953436408363
School of International Service,School of International Service,SISU,2017,0.0169659684884994,0.00570805853346565,0.109974077608422,0.0424457375891602,0.014156260188254,0.00968668287291453,0.0542688536730348,0.104292318291954,0.00622268538139054,0.364739939875517,0.00253604269539651,0.00831541496123504,0.00909095608832399,0.103508891457946,0.0162386273061899,0.00530861733034802,0.0584087077878892,0.0322887992275887,0.0169277905421977,0.0189155701002723
School of International Service,School of International Service,SISU,2018,0.0191388726720607,0.00609545447089918,0.111234547732772,0.0447743163753525,0.0149154719491108,0.00954831373196624,0.0575854124977242,0.107746705491126,0.00520044927212828,0.371937607488573,0.0022414639192523,0.00655029031377843,0.00881883793793091,0.102004047547648,0.0149526794479307,0.00521964071788541,0.0484739087004101,0.032625545309878,0.022635424788719,0.00830100963485471
School of International Service,School of International Service,SISU,2019,0.0211491059180967,0.00607795282754737,0.113792834629973,0.0447568147320008,0.0161020718665208,0.0095308120886146,0.057355116763608,0.105728575652394,0.00512699911467182,0.375081538831731,0.00222396227590044,0.00653278867042676,0.00872386255940017,0.101986545904296,0.0139078717743393,0.00511448296164671,0.0484471154979132,0.0289046663872287,0.0211733735521868,0.00828350799150298
School of International Service,School of International Service,SISU,2020,0.0258006048152599,0.00607878281315414,0.116785246176087,0.0450826771705863,0.0172944514439799,0.00876366647632788,0.0566508604888957,0.108480485244902,0.00512347182463662,0.373667442895761,0.0023697047090778,0.0065374408059738,0.0087197781028934,0.100646344143467,0.0139744993981545,0.00589199524336137,0.0467937186308262,0.0222698985052786,0.0213010558127907,0.00776787529858662
School of International Service,School of International Service,SISU,2021,0.027449218126402,0.00656687496715968,0.117031261069364,0.046612731070681,0.0172925626689166,0.0087617777012649,0.0566489717138324,0.10804016146723,0.00508344198070718,0.372393103736234,0.00236781593401458,0.00636799371007113,0.00892663575022422,0.0986982447316145,0.0139955978210716,0.005865489871562,0.046791829855763,0.0227769724959845,0.0214061999621285,0.00692311536577416
School of International Service,School of International Service,SISU,2022,0.030768348742082,0.00655917171374362,0.117023557815948,0.046605027817265,0.0172848594155007,0.00789856093426013,0.057037229996546,0.105278064360974,0.0050757387272912,0.372910251166698,0.002732488129496,0.00636029045665506,0.00891893249680819,0.0986197888572033,0.0139878945676555,0.00585778661814605,0.0453018174726537,0.0227692692425687,0.0213984967087125,0.00761242475979276
School of International Service,School of International Service,SISU,2023,0.0307214490884443,0.00651227206010589,0.124511483010022,0.0465581281636274,0.0115023528249042,0.00785166128062248,0.0569903303429083,0.105231164707337,0.00502883907365336,0.372723909741029,0.00268558847585821,0.00631339080301729,0.00887203284317067,0.0980419781116952,0.014343272192407,0.00828939528467083,0.0452549178190161,0.0225842644261321,0.0213050475237077,0.00467852222767118
School of International Service,School of International Service,SISU,2024,0.0330247677305873,0.0064846502589511,0.123500534450952,0.0461967908949418,0.0164768777576178,0.00781287790262972,0.0565420580560631,0.102409977200453,0.00501357921405216,0.369644524292533,0.00268985570457212,0.00628742634567137,0.0088247463688234,0.0967756943504816,0.014250392056816,0.00824696412331104,0.0449044406365367,0.0224227093552611,0.0211541525936891,0.00733698070605726
School of Public Affairs,Department of Government,GOVT,2014,0.0476997544246287,0.0141034482502638,0.0413887087843376,0.0137965038174845,0.0483929171791435,0.00735749659627949,0.0454821235296246,0.069742205340863,0.0139999333403804,0.0174572150171682,0.00776216777606865,0.00729172736554289,0.0429223083275823,0.376599858450144,0.0162206858764619,0.0225996670420819,0.059717016250428,0.0416715819308882,0.0305766642834677,0.0752180164171609
School of Public Affairs,Department of Government,GOVT,2015,0.0463518046500625,0.0127880134155801,0.0367827055611573,0.014178457835789,0.0416774387510232,0.0066500192399601,0.0431927647765927,0.071797390557639,0.0169221886868611,0.0185488995091459,0.008305195152298,0.00703211711558582,0.0470975810433267,0.387940274787901,0.0173105096920911,0.0212238650689397,0.0545064022732262,0.0443355190132437,0.0301258605077111,0.0732329923618666
School of Public Affairs,Department of Government,GOVT,2016,0.0449237145386727,0.0123845897307359,0.0361877045033973,0.0137309436322651,0.0354887925160918,0.00832367272450542,0.0437085220219947,0.0736721441372089,0.0159321700264301,0.0269989212813203,0.00719682943809152,0.0065267659175368,0.0541683342394444,0.402593311236889,0.0161344384089182,0.0156314133706329,0.0481258034643151,0.0396013167883641,0.0282092948579638,0.070461317165222
School of Public Affairs,Department of Government,GOVT,2017,0.0457378107929605,0.0218432733481418,0.0332118328039993,0.0314135623310513,0.0338793310317201,0.00841971703330665,0.0404532441174103,0.0711312080852431,0.0154923931564418,0.0240891354399846,0.00696393916872888,0.00629769883504942,0.0523521207879278,0.393726018934074,0.0152275199342054,0.0145964072038938,0.0435284369554305,0.0396674842685697,0.0293935777454595,0.0725752880264021
School of Public Affairs,Department of Government,GOVT,2018,0.0491696579382608,0.0237654652974243,0.0320834529405542,0.0317958731512531,0.0330185235644278,0.00818548755849022,0.0443074820288412,0.0736662387317043,0.0157683091066731,0.0242723975303414,0.00661306147535211,0.00570692165246519,0.059375665447401,0.423596805454062,0.0156259305713278,0.0145673249462868,0.0205388244961729,0.0385482984519788,0.0315359367641046,0.0478583428928781
School of Public Affairs,Department of Government,GOVT,2019,0.0577963031146629,0.0240424186641254,0.0403354099798402,0.0285521044649067,0.0370005260299781,0.0125323973527803,0.0431170504177323,0.0709675449436911,0.0202319640333642,0.0219578308295226,0.0062619120400714,0.00572597517302368,0.0566356987127915,0.39819924612277,0.0145721043105165,0.0211865167268683,0.0187431110764098,0.0375382059087178,0.0307052111092682,0.0538984689889592
School of Public Affairs,Department of Government,GOVT,2020,0.0554664913792571,0.0232631049432939,0.0604115607770396,0.0327503854248702,0.0353305141183609,0.0124506649350363,0.0455264419169543,0.0778367157566841,0.0194825929751182,0.0214223435213128,0.00651265735533404,0.0063744163443857,0.0538516015966498,0.3752241410121,0.0134077036783785,0.020553079265429,0.0149369908905019,0.0418530918465403,0.0304723074358088,0.052873194826945
School of Public Affairs,Department of Government,GOVT,2021,0.054324072067219,0.0235638019431919,0.0638377796350838,0.0316092798617854,0.0352876603993731,0.0126078956797115,0.0459667292963767,0.0788590395664355,0.0197266376462143,0.0219614978456985,0.0065965793644571,0.00645663167436142,0.0545199550161598,0.375818530516323,0.0135767497161815,0.0208103398166522,0.0151249170173435,0.0412109400160441,0.0308520275940739,0.0472889353273142
School of Public Affairs,Department of Government,GOVT,2022,0.0536481209718621,0.0234972621995273,0.0617798269646085,0.0306939691083216,0.034083727879279,0.0124921590141764,0.0469510992511294,0.0748998211459676,0.0210147451825402,0.0256576231929165,0.00652049701783576,0.00629439421992264,0.0537178178791437,0.378104331459412,0.014329457761742,0.0226293756989579,0.0150025815021844,0.0416976647457032,0.0345542508905583,0.0424312739142116
School of Public Affairs,Department of Government,GOVT,2023,0.0544897112205625,0.0263918717569498,0.0647298889821978,0.0314566875554847,0.0246469385153986,0.013144309942535,0.0532041550764925,0.0911938425550904,0.0228882439116136,0.0364837229085816,0.00557520460005732,0.00600911002458721,0.0397302772028179,0.371862667604764,0.0146400403361829,0.0252469467929203,0.0160678878871715,0.0437633690968957,0.0283567720531093,0.0301183519765873
School of Public Affairs,Department of Government,GOVT,2024,0.0518500756232391,0.0275075837652304,0.0688212371147658,0.0293153931176978,0.0230427782070337,0.0125019118042236,0.051450453211576,0.0858156100188616,0.0211444147849877,0.0392989643033766,0.00741387328205492,0.00821706473154488,0.0356236076578882,0.359731707870502,0.0163346807531009,0.0242321199856664,0.0162426977550764,0.0544719012933154,0.030649339627415,0.0363345850924437
School of Public Affairs,"Department of Justice, Law and Criminology",JLC,2014,0.011419063298197,0.0148727684042489,0.0345219168094791,0.012852706985931,0.0395630294818773,0.0129325310114994,0.0434296939678435,0.046439547467337,0.0210370062032163,0.0586711816559285,0.0202526323429534,0.0145265481500301,0.00583928003841316,0.189617890506686,0.053242978781844,0.0150674295029796,0.0435741072410237,0.0240435360628463,0.297993704524229,0.0401024475634372
School of Public Affairs,"Department of Justice, Law and Criminology",JLC,2015,0.00796438564799921,0.0143149348725314,0.0348805014466533,0.0143288551809226,0.0326015950434845,0.01756357137389,0.0444285078212734,0.0434125227404539,0.0199980541855263,0.0512588408824101,0.0222447601689732,0.0138110990645292,0.00533400679432247,0.205836797774538,0.0508262430846326,0.0140255652187003,0.0374724359401489,0.0269544729774172,0.299342118021107,0.0434007317604865
School of Public Affairs,"Department of Justice, Law and Criminology",JLC,2016,0.00783383336591797,0.0140343696166422,0.0349988140875542,0.0213951813034064,0.0319475994552806,0.0172062666730871,0.0434365983225009,0.0447242836337374,0.0195616020360087,0.0502455368019227,0.0217768762052938,0.0138738538660407,0.00526558944579272,0.208369812212746,0.0497752773266825,0.0159502014140316,0.0366448430999853,0.025521942890207,0.295110729571544,0.042326788671619
School of Public Affairs,"Department of Justice, Law and Criminology",JLC,2017,0.00691235505447525,0.0145234063454862,0.0325248216103222,0.0214608135335293,0.0311041140690668,0.0170044622159738,0.0429348241396871,0.0437529790160326,0.0193489330809286,0.0483749928566056,0.0212611130288619,0.0135553735297397,0.00528776201018252,0.207343947850279,0.0491811119375246,0.0157799770071717,0.0347054388524707,0.0313212908433611,0.302875884802,0.0407463982163017
School of Public Affairs,"Department of Justice, Law and Criminology",JLC,2018,0.00782465634835773,0.0126534876749936,0.0322592880775771,0.0263881489315017,0.0308129001472919,0.017618257178346,0.0445831139544601,0.0467851975967187,0.0203441995016148,0.0493721927324042,0.0249817572704958,0.00994529274216508,0.00454233116892294,0.224022934049091,0.0522052562904303,0.0149343600340132,0.00226243697514042,0.0367954570251074,0.324661365830097,0.0170073664712708
School of Public Affairs,"Department of Justice, Law and Criminology",JLC,2019,0.00865053584800192,0.0127808349291976,0.0347651517560094,0.0255343757854444,0.0298128542337708,0.0170543978092525,0.0448653134299807,0.0394598238909347,0.0196902263367111,0.0488887987212732,0.0254115791929211,0.0118970021383144,0.00475928052796948,0.231900879648278,0.0509270290436875,0.0223499637536156,0.00220620802598766,0.0380570339342771,0.314525009158078,0.0164637018362955
School of Public Affairs,"Department of Justice, Law and Criminology",JLC,2020,0.0075237307448098,0.017534106642671,0.0432989533956923,0.0306323760634901,0.030415379402474,0.0151852986926292,0.0499541121600479,0.0364494620612337,0.0184189087787041,0.048457231657209,0.0238912481804895,0.0325381903285228,0.00451971222344154,0.221924546085492,0.0471954364859238,0.0210195003653267,0.0021249697991014,0.0357524886743193,0.292517971780452,0.0206463764779697
School of Public Affairs,"Department of Justice, Law and Criminology",JLC,2021,0.00743508435805677,0.0172926300895383,0.0460967851383757,0.0301909259314137,0.0307986838005102,0.0149796818028561,0.0492176736906194,0.0359192014559093,0.0181639237960139,0.0483601173308514,0.0235527160313596,0.0320676437954535,0.00447692871487737,0.224514498705541,0.0473152055539507,0.020724811694291,0.0021187472435805,0.0352328688840623,0.291184487627907,0.0203573843548326
School of Public Affairs,"Department of Justice, Law and Criminology",JLC,2022,0.00861329478632736,0.016869745010726,0.0648302848673584,0.0297785580099694,0.0298623678001905,0.015016766471528,0.0486570343716653,0.0364627445240367,0.0158790647704469,0.0477363899720341,0.0213174184271362,0.0310624926455011,0.00665656798451781,0.223932317876122,0.0423096202381039,0.0201089821320853,0.0020542084799143,0.0356058645431713,0.283019364716298,0.0202269123728676
School of Public Affairs,"Department of Justice, Law and Criminology",JLC,2023,0.0081760730490828,0.0158548174086385,0.0727794936217184,0.0322988485189263,0.0315859931269677,0.0142638806371253,0.0471701106926053,0.038758300442371,0.0158266989522703,0.0528163661402165,0.0202539370737947,0.0326790976966309,0.00753994433577013,0.230223353673609,0.0433528763469349,0.02015357817072,0.00194032198312681,0.0329360548167282,0.261251981385865,0.0201382719268979
School of Public Affairs,"Department of Justice, Law and Criminology",JLC,2024,0.00815009076485338,0.0161008577364371,0.0568982892850994,0.0321102001976524,0.0314170756024772,0.0149774838698329,0.0472849692851224,0.0389682909428307,0.0158426569570317,0.0528510308278618,0.0215276622370901,0.0325080062481046,0.00759848951990978,0.236194449774941,0.0469687472366702,0.0205131048774648,0.00195794634970839,0.0327369258068517,0.265297130141035,0.0200965923390255
School of Public Affairs,Department of Public Administration and Policy,PUAD,2014,0.00344819876240519,0.17902960366889,0.0287598815569925,0.0115375272166835,0.0488704467485207,0.0253352900287045,0.0171985768776402,0.00528992920952818,0.0117831720040204,0.0341878828613607,0.00712290345216482,0.115773029143449,0.00854828960160224,0.146404633664964,0.04869582017802,0.047614870240826,0.0528633882153269,0.0758930088814625,0.124237591394324,0.00740595629311572
School of Public Affairs,Department of Public Administration and Policy,PUAD,2015,0.00311887193642629,0.194353226084328,0.025433466330501,0.0111889461847549,0.0533016671998536,0.0241510333059929,0.01812159721894,0.00492339570784996,0.0112854618802315,0.0359874161194274,0.00671934016780698,0.112701076921468,0.0065105383272341,0.142796296081927,0.0487013928231768,0.0464457157126088,0.0456696244566285,0.0775241239505275,0.123268542822061,0.00779826676825592
School of Public Affairs,Department of Public Administration and Policy,PUAD,2016,0.00301235608079578,0.200362278757691,0.0252716283460256,0.0108109798907331,0.0427102608402479,0.0242390474857661,0.020163719266347,0.00475094410637854,0.0103606099929893,0.0361250121905818,0.00617979270875262,0.1136435922006,0.00662175647511108,0.148988398431039,0.0474626701145374,0.0526134666579822,0.0436647775011314,0.0770183887482058,0.118415310936341,0.00758500926874326
School of Public Affairs,Department of Public Administration and Policy,PUAD,2017,0.00301677886392623,0.211640390068737,0.0243683488117475,0.0108718516786711,0.0417657588350639,0.0225360638584561,0.0163340689435871,0.00489772330688491,0.01154658659828,0.0333183965144372,0.00680966873798995,0.109990286456239,0.0064254772046451,0.146953692415413,0.0458920034349945,0.0522033982329773,0.0432667010622989,0.0774736870901307,0.12263593013926,0.00805318774626082
School of Public Affairs,Department of Public Administration and Policy,PUAD,2018,0.00165817576452,0.229254889551234,0.0237712147696728,0.00980306037031684,0.0405106875051492,0.0243092193297968,0.0186339822693951,0.00427224901207416,0.00978525721037532,0.0349264583846168,0.00396817923940684,0.113847486455003,0.00388708852333677,0.152614380089131,0.0513328259821715,0.0521177069650871,0.00165817576451914,0.0847733953775796,0.131827991834504,0.0070475756021106
School of Public Affairs,Department of Public Administration and Policy,PUAD,2019,0.00355233770826536,0.226919257106497,0.0232039721695239,0.0097067354420121,0.0401010194428155,0.0240648723712933,0.0184475458931405,0.00423236093436379,0.015788423965585,0.0347553294802025,0.0039313939144787,0.112649550163459,0.0038511306546951,0.152987584295437,0.0508127279353784,0.0515693131824588,0.00164496190362051,0.0834496219623835,0.131352493609072,0.00697936786531812
School of Public Affairs,Department of Public Administration and Policy,PUAD,2020,0.00353951884216154,0.225207642073844,0.0228193328192937,0.00950825701010802,0.0401129761582354,0.0239243789001766,0.0163490680779229,0.00421954206825991,0.0157096953612382,0.0352501458438622,0.00383346999230766,0.11047060101445,0.00368136646796926,0.149607963602998,0.0503175177229937,0.0515564943163552,0.00163214303751646,0.0961815340469419,0.129153176214211,0.00692517642915373
School of Public Affairs,Department of Public Administration and Policy,PUAD,2021,0.00359503494614127,0.22808032745873,0.0230001330452721,0.00889218676705525,0.0409304392896332,0.0244045795886983,0.0167348728818111,0.0042892253227834,0.0160187568093653,0.0359663000103774,0.00389511007858213,0.111705601994217,0.00397872086381769,0.146446191938694,0.0515913105728483,0.0526394368418778,0.00164792214556612,0.0865047559164559,0.132627866461879,0.00705122706619544
School of Public Affairs,Department of Public Administration and Policy,PUAD,2022,0.0039975224361552,0.218609397809355,0.026715686064405,0.00866003313493678,0.0477072641065838,0.0106890020009078,0.0180261820530544,0.0048102331210042,0.0185423675443194,0.0328870195815948,0.00434882990828058,0.10470682780215,0.00488843185619151,0.152868909345857,0.0450316956270549,0.0614153588018952,0.00171797574279891,0.0957131805225493,0.131020626763166,0.0076434557777406
School of Public Affairs,Department of Public Administration and Policy,PUAD,2023,0.00389579859375374,0.218354981252394,0.0416897756976125,0.00662020519767402,0.0412963316015469,0.0110217898185546,0.0129787607987029,0.00400442125753502,0.0193851141634868,0.0306719019095591,0.00208065296722042,0.107981924606009,0.00484455927483115,0.153243681371435,0.0475945284853609,0.0650420658923336,0.0014682293878419,0.0944484888730382,0.125598307997486,0.00777848085362359
School of Public Affairs,Department of Public Administration and Policy,PUAD,2024,0.00444306468659063,0.135682737054255,0.0518028361239655,0.00696707506697403,0.042991260494925,0.0128846235221244,0.0101472875363374,0.00457174076522421,0.0188134211137698,0.0319734803137196,0.00229281525208224,0.127745090885724,0.00556698118571342,0.178836991509299,0.0422651951083067,0.0753211560096386,0.00156732885804971,0.0957420893313507,0.145065873189002,0.00531895199294856
School of Public Affairs,Department of Public Administration and Policy,SPA,2014,0.00124287629135678,0.0222013248047387,0.00124287629135736,0.00898477925955814,0.00124287629135774,0.00124287629135883,0.00124287629135741,0.00124287629135951,0.00124287629135813,0.0521358923548819,0.00124287629135923,0.00124287629135825,0.00124287629135897,0.593731312717419,0.0012428762913616,0.0012428762913559,0.00949870170807011,0.253936983184279,0.0433536141833964,0.00124287629135709
School of Public Affairs,Department of Public Administration and Policy,SPA,2015,0.0074533474660011,0.0210403949416316,0.0674212347170983,0.0723159929951935,0.0461699392949135,0.00745334746600026,0.00745334746599905,0.00745334746600087,0.00745334746599437,0.0314211228062765,0.00745334746599537,0.00745334746599794,0.018951560799138,0.353247171106019,0.00745334746599601,0.00909977498613789,0.127709320177086,0.158110765304489,0.027432595678038,0.00745334746599415
School of Public Affairs,Department of Public Administration and Policy,SPA,2016,0.00589441139715906,0.02593240328807,0.0745646796122793,0.0768525810225718,0.0349318552688447,0.00589441139715661,0.00589441139715517,0.0058944113971568,0.00589441139715272,0.0218303669674207,0.0058944113971535,0.00589441139715581,0.014910449511367,0.321244079855187,0.00589441139715366,0.0519214065528854,0.0978330013719556,0.176616017976981,0.0238821634124316,0.0323257039827622
School of Public Affairs,Department of Public Administration and Policy,SPA,2017,0.00490384065232958,0.0204562698480852,0.119211674348601,0.125008986227503,0.0264130583350591,0.00490384065232869,0.00490384065232807,0.00490384065232877,0.00490384065232882,0.0167927334128531,0.00490384065232893,0.00490384065232982,0.0119339990512353,0.238312682837776,0.00490384065232971,0.0956504757379203,0.0694314937005137,0.181432002389471,0.0296500957713605,0.0264758031209892
School of Public Affairs,Department of Public Administration and Policy,SPA,2018,0.00352603734733677,0.0187937835365287,0.118370303293777,0.128796412558791,0.0481990279191595,0.00352603734733591,0.00352603734733532,0.00468039881294206,0.00352603734733653,0.0160917262654398,0.00352603734733636,0.0035260373473377,0.0164346330321433,0.243675870307228,0.00352603734733722,0.0979628101838701,0.00352603734733464,0.200567707537157,0.052041128111819,0.0261778996624539
School of Public Affairs,Department of Public Administration and Policy,SPA,2019,0.00353111583995421,0.0157781212812214,0.100892084331846,0.128801491051409,0.0482041064117775,0.00353111583995331,0.00353111583995277,0.00468547730555963,0.00353111583995463,0.016096804758057,0.00353111583995424,0.00353111583995544,0.0236005514877061,0.243680948799846,0.00353111583995505,0.0979678886764877,0.00353111583995223,0.192013096309757,0.0738475247116296,0.0261829781550713
School of Public Affairs,Department of Public Administration and Policy,SPA,2020,0.00813048611864689,0.0128360348313003,0.0864993090045161,0.12356479478268,0.039306887512212,0.00301008267260507,0.00301008267260572,0.00870201201414055,0.0164006766579502,0.0358468605374487,0.00301008267260496,0.0151966089884978,0.0256512968904223,0.224122341231168,0.00554994991193159,0.095478002450424,0.00301008267260401,0.163544138660974,0.0658511942679369,0.0612790754493312
School of Public Affairs,Department of Public Administration and Policy,SPA,2021,0.0077494405221828,0.0523042369259379,0.0870617077742523,0.116307741601499,0.0370919359514209,0.00293023727885065,0.00293023727885021,0.00828734724735455,0.0155331492650561,0.0338999391020769,0.00293023727884895,0.014399909105572,0.0242396153662064,0.217377948765366,0.00532070056292087,0.0899588676579744,0.00293023727884873,0.153058022146066,0.0679168466455348,0.0577716422451805
School of Public Affairs,Department of Public Administration and Policy,SPA,2022,0.00864380816719351,0.0481201919853114,0.0845777249443087,0.0990775786973083,0.0341413208195383,0.00999188555514551,0.00274948960690585,0.00767223930769353,0.0396800359112951,0.0312081345255467,0.00509943803639829,0.0132891880422722,0.0223310802817739,0.199809548810731,0.00494613154361997,0.145274915823742,0.00274948960690489,0.128634350106627,0.0627514079087077,0.0492520403189768
School of Public Affairs,Department of Public Administration and Policy,SPA,2023,0.00760020834738867,0.0486681212654236,0.127804700879685,0.0973030749259484,0.0169637281404285,0.00948069521219769,0.00203712159872934,0.00709661434676108,0.0381693020800016,0.032647206070194,0.00445234637348547,0.0105770115715299,0.0204795094943228,0.20164229695646,0.00429478136701867,0.143892450940222,0.00203712159872832,0.120861679080653,0.0638128147356151,0.0401792150152077
School of Public Affairs,Department of Public Administration and Policy,SPA,2024,0.00753100820527668,0.0669581277803446,0.110597334872079,0.0856265684376284,0.0165709673145544,0.00907238912802547,0.00818018259114625,0.00614153811486449,0.0363979546704074,0.0324129388810742,0.00392773236979659,0.0147665113008639,0.018385805658189,0.177678237893028,0.0198575700334292,0.129435394960259,0.00190568372116217,0.154177316105615,0.0536248383647494,0.0467518995975075
misc,Honors Program,HNRS,2014,0.00435763037460626,0.00435763037460568,0.841090081611493,0.00435763037460221,0.00435763037463015,0.00435763037461008,0.00435763037460564,0.00435763037460648,0.0109080065035774,0.00435763037462287,0.00435763037460981,0.00435763037460439,0.0043576303746094,0.00435763037460511,0.00435763037460353,0.00435763037460944,0.065538552266752,0.00435763037461556,0.0127412736244205,0.00435763037461031
misc,Honors Program,HNRS,2015,0.00531371433083614,0.00531371433083341,0.792315986808056,0.00531371433082986,0.00531371433085673,0.00531371433083884,0.00531371433083442,0.00531371433083541,0.0109283224413801,0.005313714330854,0.00531371433083671,0.00531371433083287,0.00531371433083641,0.00531371433083303,0.00531371433083109,0.00531371433083602,0.099236567197914,0.00531371433084247,0.0124996942592457,0.0053137143308372
misc,Honors Program,HNRS,2016,0.00533614900138489,0.00533614900138116,0.780786050864037,0.0053361490013767,0.00533614900139499,0.00533614900138648,0.00533614900138158,0.00533614900138316,0.00970306642069307,0.00533614900140205,0.00533614900138025,0.00533614900138012,0.00533614900138189,0.00533614900138054,0.00533614900137802,0.00533614900137843,0.106437251511353,0.0136356361169811,0.00939576006618297,0.00533614900138231
misc,Honors Program,HNRS,2017,0.00539736578147153,0.00539736578147658,0.723458891359811,0.0536726182320264,0.00539736578148021,0.00539736578147387,0.00539736578147213,0.00539736578147169,0.00953444544187703,0.00539736578147836,0.0053973657814745,0.00539736578147168,0.0053973657814791,0.00539736578147557,0.00539736578147137,0.00539736578147408,0.112960351963562,0.0147965176701672,0.0100140543919112,0.00539736578147484
misc,Honors Program,HNRS,2018,0.00244817373019864,0.00244817373020237,0.864135021239078,0.0597750360152323,0.00244817373020877,0.00244817373019973,0.00244817373019899,0.00244817373020325,0.00669354499992344,0.0024481737302062,0.00244817373020005,0.00244817373019726,0.00244817373020509,0.00244817373020368,0.00244817373019766,0.00244817373020162,0.00669354544148003,0.0209422878166982,0.00748613226476214,0.00244817373020259
misc,Honors Program,HNRS,2019,0.00244817373019864,0.00244817373020237,0.864135021239078,0.0597750360152323,0.00244817373020877,0.00244817373019973,0.00244817373019899,0.00244817373020325,0.00669354499992344,0.0024481737302062,0.00244817373020005,0.00244817373019726,0.00244817373020509,0.00244817373020368,0.00244817373019766,0.00244817373020162,0.00669354544148003,0.0209422878166982,0.00748613226476214,0.00244817373020259
misc,Honors Program,HNRS,2020,0.0056461540647711,0.0175485320197845,0.799567090922977,0.0458621363194013,0.00615714731571462,0.00218452695937802,0.00218452695937638,0.00218452695938739,0.00541909554583361,0.00218452695938213,0.00453077649918413,0.00288507759220118,0.00218452695938237,0.00218452695938237,0.00218452695937495,0.00218452695937853,0.00592759936030095,0.0561560261453799,0.00602296646608497,0.0268011820733244
misc,Honors Program,HNRS,2021,0.0056461540647711,0.0175485320197845,0.799567090922977,0.0458621363194013,0.00615714731571462,0.00218452695937802,0.00218452695937638,0.00218452695938739,0.00541909554583361,0.00218452695938213,0.00453077649918413,0.00288507759220118,0.00218452695938237,0.00218452695938237,0.00218452695937495,0.00218452695937853,0.00592759936030095,0.0561560261453799,0.00602296646608497,0.0268011820733244
misc,Honors Program,HNRS,2022,0.00706733123307531,0.0226892022990305,0.643579005798399,0.174504532512345,0.00773800987493553,0.00252394565724781,0.00252394565724501,0.00252394565725274,0.0067693169269714,0.00252394565725335,0.00560339817824389,0.00344341836282965,0.00252394565724778,0.00252394565724692,0.00252394565724401,0.00252394565724501,0.00252394565724328,0.0685330227473993,0.00252394565724482,0.0348333054942999
misc,Honors Program,HNRS,2023,0.00861256413955787,0.0294417255608302,0.54427828367886,0.231862165845252,0.00950680232869822,0.00255471670512176,0.00255471670511689,0.0025547167051247,0.00821521173141912,0.0025547167051202,0.00255471670511773,0.00378068031256368,0.00255471670512092,0.00255471670511974,0.00255471670511681,0.0025547167051169,0.00255471670511619,0.0905668194919868,0.00255471670511805,0.0456338631545229
misc,Honors Program,HNRS,2024,0.0069134126552785,0.0225352837212348,0.646503458776542,0.174350613934542,0.00758409129713643,0.00237002707945103,0.0023700270794482,0.00237002707945594,0.00661539834917461,0.00237002707945596,0.00544947960044691,0.00328949978503275,0.002370027079451,0.00237002707945016,0.00237002707944723,0.00237002707944822,0.00237002707944649,0.0683791041696069,0.00237002707944803,0.0346793869165029
misc,Interdisciplinary Studies,IDIS,2014,0.0258109946964614,0.000963044106682389,0.000963044106675888,0.104417891468534,0.000963044106679556,0.000963044106679256,0.106315709171326,0.0430746686170775,0.000963044106678108,0.0149619837798858,0.000963044106685699,0.000963044106677339,0.000963044106682191,0.000963044106678736,0.0136102568360168,0.000963044106675983,0.000963044106678124,0.119840662999362,0.128081576939876,0.433292770317988
misc,Interdisciplinary Studies,IDIS,2015,0.0183573613031356,0.0175929992067187,0.00593338600824434,0.19126528667122,0.00593338600824694,0.00593338600824274,0.0586097185405666,0.0269891982634413,0.00593338600823543,0.0129328558448608,0.00593338600824011,0.00593338600823854,0.00593338600823847,0.00593338600823543,0.0122569923729047,0.00593338600823376,0.151120605366578,0.15455262053974,0.0808236387027875,0.222098249113891
misc,Interdisciplinary Studies,IDIS,2016,0.0183573613031356,0.0177296576957428,0.00593338600824458,0.191267444525373,0.00593338600824711,0.00593338600824269,0.0586097185405666,0.0269891982634413,0.00593338600823543,0.0129328558448608,0.00593338600824011,0.00593338600823852,0.00593338600823847,0.00593338600823538,0.0122569923729047,0.00593338600823376,0.151120605366578,0.154638951189061,0.0805984917102905,0.22209824911389
misc,Interdisciplinary Studies,IDIS,2017,0.0159283109194891,0.0271528566404669,0.0159283109194917,0.149643593552467,0.0159283109194912,0.01592831091949,0.0159283109194909,0.015928310919489,0.0159283109194902,0.0159283109194891,0.015928310919491,0.0159283109194898,0.0159283109194913,0.0159283109194899,0.0159283109194901,0.0159283109194897,0.451489968994746,0.106071938618715,0.026716978401252,0.0159283109194904
misc,Interdisciplinary Studies,IDIS,2018,0.00111119036642261,0.0798823945777108,0.208300967307433,0.184760325186622,0.0217915781827775,0.00111119036642783,0.00111119036641757,0.00111119036641223,0.00111119036642104,0.00111119036641995,0.00111119036642374,0.00111119036641852,0.00111119036642375,0.00111119036641458,0.00111119036641645,0.00111119036641423,0.00111119036641269,0.326612610379245,0.0160098030204729,0.148196846582294
misc,Interdisciplinary Studies,IDIS,2019,0.00111119036642268,0.0817173923631428,0.219599362923309,0.184760325186622,0.021791578182778,0.00111119036642784,0.00111119036641759,0.0011111903664123,0.00111119036642127,0.00111119036642017,0.00111119036642359,0.00111119036641864,0.00111119036642401,0.00111119036641472,0.00111119036641658,0.00111119036641437,0.0011111903664127,0.33089682619458,0.0160098030204734,0.130779237365649
misc,Interdisciplinary Studies,IDIS,2020,0.000844899691266029,0.0477452416983756,0.00084489969127378,0.55179230415188,0.000844899691269439,0.000844899691268487,0.000844899691272204,0.000844899691264525,0.000844899691269345,0.000844899691264779,0.000844899691272302,0.000844899691267447,0.000844899691273829,0.000844899691267698,0.000844899691269128,0.0008448996912671,0.000844899691266536,0.341403321436003,0.0455407376534323,0.000844899691276119
misc,Interdisciplinary Studies,IDIS,2021,0.000844899691266029,0.0477452416983756,0.00084489969127378,0.55179230415188,0.000844899691269439,0.000844899691268487,0.000844899691272204,0.000844899691264525,0.000844899691269345,0.000844899691264779,0.000844899691272302,0.000844899691267447,0.000844899691273829,0.000844899691267698,0.000844899691269128,0.0008448996912671,0.000844899691266536,0.341403321436003,0.0455407376534323,0.000844899691276119
misc,Interdisciplinary Studies,IDIS,2022,0.000888539046339476,0.0243387100498971,0.000888539046349034,0.50145225962767,0.000888539046342415,0.000888539046340978,0.000888539046343917,0.000888539046339406,0.000888539046341109,0.000888539046339609,0.000888539046341941,0.000888539046340769,0.000888539046345242,0.00088853904634226,0.000888539046341573,0.000888539046339436,0.000888539046339361,0.364749251299224,0.0232364580274343,0.0728952353006476
misc,Interdisciplinary Studies,IDIS,2023,0.000888539046339476,0.0243387100498971,0.000888539046349034,0.50145225962767,0.000888539046342415,0.000888539046340978,0.000888539046343917,0.000888539046339406,0.000888539046341109,0.000888539046339609,0.000888539046341941,0.000888539046340769,0.000888539046345242,0.00088853904634226,0.000888539046341573,0.000888539046339436,0.000888539046339361,0.364749251299224,0.0232364580274343,0.0728952353006476
misc,Interdisciplinary Studies,IDIS,2024,0.00068857987488634,0.0968256568761645,0.000688579874894419,0.357994904980004,0.000688579874889615,0.000688579874887973,0.000688579874888135,0.000688579874888447,0.000688579874887739,0.000688579874887508,0.00500029862483089,0.0150320251941846,0.000688579874888082,0.000688579874888049,0.000688579874885391,0.0451854347678993,0.000688579874885175,0.31315704410774,0.0489208034379376,0.109620873512582
misc,Interdisciplinary Studies,ISCI,2019,0.00329685388011178,0.15532992534854,0.349291269879258,0.0997600223918817,0.0768777202752258,0.00329685388011295,0.00329685388011866,0.00329685388012209,0.135645859652581,0.00613074384598058,0.00329685388011801,0.00329685388011507,0.0481740698412964,0.00945377621517192,0.00329685388011406,0.00730352733340668,0.0540652967451796,0.0174082858024147,0.00329685388011804,0.0141846716281332
misc,Interdisciplinary Studies,ISCI,2020,0.0029918673903178,0.142355516236377,0.345249048920685,0.118856493233398,0.0704409949191699,0.00299186739031887,0.00299186739032385,0.00299186739032688,0.124311789348414,0.00558959985903028,0.00299186739032404,0.00299186739032111,0.0755319337786611,0.00863571286412265,0.00299186739032012,0.00666465138917138,0.0495296066832966,0.0159273466524286,0.0029918673903234,0.0129723669926701
misc,Interdisciplinary Studies,ISCI,2021,0.00299859586780805,0.131641964033398,0.355235397068222,0.109950558184495,0.0652593289713616,0.00299859586780541,0.0122099823204923,0.00299859586781648,0.114986216136818,0.00539650276201096,0.00299859586781017,0.00299859586780775,0.0699586571493534,0.00820829938208691,0.0138496432656685,0.00638885802059301,0.0617726145035264,0.0149390382636009,0.00299859586781026,0.0122113647315156
misc,Interdisciplinary Studies,ISCI,2022,0.00299144771241009,0.129673798852852,0.293152822485527,0.204543641664785,0.0535782933590469,0.0073922155086512,0.0104756992052155,0.00406628856502305,0.114825920133898,0.00493974706394968,0.00299144771241167,0.0076738302682883,0.0573964975036654,0.00722433181776138,0.0118079237231715,0.0103594292838373,0.0507453378539309,0.0126930571589918,0.00299144771241127,0.010476822414172
misc,Interdisciplinary Studies,ISCI,2023,0.00253117711010453,0.129213528250546,0.3233886930542,0.20250185128463,0.0316107029732454,0.00693194490634593,0.0100154286029074,0.00360601796271455,0.114365649531589,0.00447947646163971,0.00253117711010496,0.00721355966598265,0.0585343373378724,0.00676406121545449,0.0113476531208659,0.00989915868152989,0.0502850672516257,0.0122327865566761,0.00253117711010373,0.0100165518118618
misc,Interdisciplinary Studies,ISCI,2024,0.00234039905146969,0.11494693339853,0.29752610690645,0.182457088707708,0.0293059720780994,0.00625219264813074,0.00899306704507212,0.00329581314267986,0.101748818981678,0.00407222069727904,0.00234039905147078,0.00650251687891694,0.0521209859205974,0.0363903773956609,0.0111739822117719,0.00888971600384766,0.0447883013994885,0.054268622965236,0.0184413772649896,0.0141451082509226
misc,International Gateway Program,IGP,2014,0.000756376452268445,0.000756376452263333,0.000756376452264048,0.00075637645226542,0.000756376452261237,0.000756376452262052,0.000756376452261688,0.0268986957760157,0.000756376452260713,0.000756376452261738,0.096112183104066,0.000756376452261659,0.000756376452264698,0.0007563764522672,0.000756376452269708,0.000756376452261183,0.000756376452267567,0.703016818266634,0.0447154448381027,0.117911211231221
misc,International Gateway Program,IGP,2015,0.00583119472668917,0.00583119472667998,0.0110738336836963,0.00583119472667825,0.115383267853437,0.00583119472668643,0.00583119472668485,0.14891446660698,0.0058311947266778,0.0127953895113842,0.0580120485254683,0.00583119472668302,0.116383095780011,0.00892207384164173,0.00583119472667999,0.00583119472667821,0.151018414085021,0.266832128754367,0.0110333216815389,0.047151207136317
misc,Office of Graduate & Professional Studies,APM,2017,0.000830950394219988,0.0682692204964104,0.036347916479431,0.00813250039710454,0.000830950394218401,0.0296922658448626,0.00617046869524243,0.013510188082667,0.000830950394225272,0.000830950394217943,0.000830950394217681,0.78707241805633,0.000830950394220808,0.00083095039421981,0.000830950394220485,0.000830950394221077,0.000830950394216134,0.0408336172173143,0.000830950394220749,0.000830950394219352
misc,Office of Graduate & Professional Studies,APM,2018,0.000793054082335095,0.0682313241845256,0.029821689963989,0.00809460408521986,0.00079305408233588,0.0286654662818641,0.00613257238335775,0.0134722917707823,0.000793054082340117,0.000793054082333283,0.000793054082332945,0.791664278068232,0.000793054082336747,0.000793054082335422,0.000793054082335426,0.000793054082335737,0.000793054082331556,0.0444011242740062,0.000793054082336059,0.000793054082335086
misc,Office of Graduate & Professional Studies,APM,2019,0.000736036504192634,0.0766899593049982,0.037093547393935,0.00639509777049962,0.000736036504197837,0.0264356382684495,0.00531898793310494,0.00595554588133254,0.00073603650419617,0.000736036504190887,0.000736036504191203,0.78181886525967,0.000736036504195566,0.000736036504193024,0.0007360365041921,0.000736036504193502,0.000736036504189567,0.0514599201376924,0.000736036504193262,0.000736036504192898
misc,Office of Graduate & Professional Studies,APM,2020,0.000736036504192634,0.0766899593049982,0.037093547393935,0.00639509777049962,0.000736036504197837,0.0264356382684495,0.00531898793310494,0.00595554588133254,0.00073603650419617,0.000736036504190887,0.000736036504191203,0.78181886525967,0.000736036504195566,0.000736036504193024,0.0007360365041921,0.000736036504193502,0.000736036504189567,0.0514599201376924,0.000736036504193262,0.000736036504192898
misc,Office of Graduate & Professional Studies,APM,2021,0.000749428631154821,0.073329175306204,0.0371069395208973,0.00692756763823231,0.00074942863115602,0.0273000149157225,0.00542751941492938,0.00612109325067344,0.000749428631158752,0.000749428631152948,0.0007494286311534,0.795584761428257,0.000749428631156977,0.000749428631155202,0.000749428631154992,0.000749428631155937,0.000749428631151605,0.0392097849512229,0.000749428631155076,0.000749428631155494
misc,Office of Graduate & Professional Studies,APM,2022,0.000749428631154821,0.073329175306204,0.0371069395208973,0.00692756763823231,0.00074942863115602,0.0273000149157225,0.00542751941492938,0.00612109325067344,0.000749428631158752,0.000749428631152948,0.0007494286311534,0.795584761428257,0.000749428631156977,0.000749428631155202,0.000749428631154992,0.000749428631155937,0.000749428631151605,0.0392097849512229,0.000749428631155076,0.000749428631155494
misc,Office of Graduate & Professional Studies,APM,2023,0.000749428631154821,0.073329175306204,0.0371069395208973,0.00692756763823231,0.00074942863115602,0.0273000149157225,0.00542751941492938,0.00612109325067344,0.000749428631158752,0.000749428631152948,0.0007494286311534,0.795584761428257,0.000749428631156977,0.000749428631155202,0.000749428631154992,0.000749428631155937,0.000749428631151605,0.0392097849512229,0.000749428631155076,0.000749428631155494
misc,Office of Graduate & Professional Studies,APM,2024,0.000749428631154821,0.073329175306204,0.0371069395208973,0.00692756763823231,0.00074942863115602,0.0273000149157225,0.00542751941492938,0.00612109325067344,0.000749428631158752,0.000749428631152948,0.0007494286311534,0.795584761428257,0.000749428631156977,0.000749428631155202,0.000749428631154992,0.000749428631155937,0.000749428631151605,0.0392097849512229,0.000749428631155076,0.000749428631155494
misc,Office of Graduate & Professional Studies,HCS,2016,0.00102661662646254,0.186813287948449,0.0157320270533264,0.374144802109757,0.00102661662646145,0.00102661662646448,0.00102661662646235,0.00102661662646417,0.00102661662646642,0.00102661662646335,0.00102661662646084,0.308709037453162,0.00102661662646615,0.029420946110113,0.00102661662646596,0.00102661662646458,0.00102661662646089,0.0514349711397271,0.0203989120414401,0.00102661662646225
misc,Office of Graduate & Professional Studies,HCS,2017,0.00102661662646234,0.17605588523834,0.0159010110982668,0.375285763977377,0.00102661662646153,0.00102661662646413,0.00102661662646231,0.00102661662646424,0.00102661662646621,0.00102661662646328,0.00102661662646077,0.321796445273014,0.00102661662646578,0.0264620010516688,0.00102661662646563,0.00102661662646446,0.00102661662646088,0.0507996651925089,0.0203532120248014,0.00102661662646189
misc,Office of Graduate & Professional Studies,HCS,2018,0.00104451461031279,0.157211702007214,0.0210255259093947,0.373416619468359,0.00104451461030927,0.00104451461031301,0.00104451461031124,0.00104451461031541,0.00104451461031534,0.00104451461031451,0.0010445146103096,0.383867293951404,0.00104451461031503,0.0294388440939629,0.00104451461031464,0.00104451461031291,0.00104451461031012,0.00104451461031214,0.0204168100252887,0.00104451461031099
misc,Office of Graduate & Professional Studies,HCS,2019,0.000915917218661989,0.200493540740352,0.0336417593811052,0.316101740723284,0.00674891263799332,0.00091591721866267,0.000915917218661252,0.000915917218664294,0.000915917218664336,0.000915917218663226,0.000915917218661315,0.390274547418417,0.000915917218668558,0.0229668528997947,0.00091591721866425,0.000915917218663316,0.00091591721866058,0.000915917218668442,0.0178657223564253,0.00091591721866335
misc,Office of Graduate & Professional Studies,HCS,2020,0.000913469487641287,0.261813443539125,0.0354190831936597,0.237862698040083,0.00382996719731284,0.000913469487642669,0.000913469487641647,0.000913469487642141,0.0257740438733235,0.000913469487642931,0.000913469487641931,0.30334892184959,0.0140218238356363,0.0554922622513895,0.000913469487644664,0.0027761124295373,0.000913469487640802,0.0388895859074903,0.0125508324940705,0.000913469487644754
misc,Office of Graduate & Professional Studies,HCS,2021,0.000935685187459727,0.256510055516928,0.0381347220470794,0.245034184993664,0.000935685187465745,0.000935685187461248,0.000935685187460104,0.00093568518746056,0.0269029329614738,0.000935685187461506,0.000935685187460603,0.306992068452603,0.0123120361885386,0.0575774415811245,0.00093568518746334,0.00284218511366153,0.000935685187459252,0.0320930949095634,0.0122444263607488,0.000935685187463459
misc,Office of Graduate & Professional Studies,HCS,2022,0.000935685187459727,0.256510055516928,0.0381347220470794,0.245034184993664,0.000935685187465745,0.000935685187461248,0.000935685187460104,0.00093568518746056,0.0269029329614738,0.000935685187461506,0.000935685187460603,0.306992068452603,0.0123120361885386,0.0575774415811245,0.00093568518746334,0.00284218511366153,0.000935685187459252,0.0320930949095634,0.0122444263607488,0.000935685187463459
misc,Office of Graduate & Professional Studies,HCS,2023,0.000935685187459727,0.256510055516928,0.0381347220470794,0.245034184993664,0.000935685187465745,0.000935685187461248,0.000935685187460104,0.00093568518746056,0.0269029329614738,0.000935685187461506,0.000935685187460603,0.306992068452603,0.0123120361885386,0.0575774415811245,0.00093568518746334,0.00284218511366153,0.000935685187459252,0.0320930949095634,0.0122444263607488,0.000935685187463459
misc,Office of Graduate & Professional Studies,HCS,2024,0.000935685187459727,0.256510055516928,0.0381347220470794,0.245034184993664,0.000935685187465745,0.000935685187461248,0.000935685187460104,0.00093568518746056,0.0269029329614738,0.000935685187461506,0.000935685187460603,0.306992068452603,0.0123120361885386,0.0575774415811245,0.00093568518746334,0.00284218511366153,0.000935685187459252,0.0320930949095634,0.0122444263607488,0.000935685187463459
misc,Office of Graduate & Professional Studies,HRAM,2017,0.000868427708946592,0.432367977558596,0.025666451441284,0.0689325854412613,0.000868427708945276,0.0008684277089466,0.000868427708949483,0.000868427708950675,0.000868427708947084,0.0583447132776597,0.000868427708947116,0.270046201599777,0.0133227063149204,0.0408539466739217,0.0308026136508426,0.000868427708948653,0.000868427708945051,0.0114718235088573,0.0395067034434048,0.000868427708949099
misc,Office of Graduate & Professional Studies,HRAM,2018,0.00085095794379426,0.444896083734976,0.0273019978950229,0.0687017224929623,0.000850957943793114,0.000850957943794274,0.000850957943797233,0.000850957943798051,0.000850957943795043,0.0516745004877763,0.000850957943794664,0.263357016295293,0.0132901054014061,0.0367723067539434,0.0320199028771589,0.00085095794379633,0.000850957943792523,0.00991200103769631,0.0435647835858127,0.00085095794379642
misc,Office of Graduate & Professional Studies,HRAM,2019,0.000762211347023034,0.481622656037953,0.0338603752647195,0.0623112817308884,0.000762211347029022,0.000762211347023384,0.000762211347025308,0.000762211347025433,0.000762211347023951,0.0427257157161555,0.000762211347024148,0.256511288897853,0.0154883836536574,0.0317817472413964,0.0196338957072367,0.000762211347025103,0.000762211347021777,0.00943495997910513,0.0390075823007874,0.000762211347026304
misc,Office of Graduate & Professional Studies,HRAM,2020,0.000762211347023034,0.481622656037953,0.0338603752647195,0.0623112817308884,0.000762211347029022,0.000762211347023384,0.000762211347025308,0.000762211347025433,0.000762211347023951,0.0427257157161555,0.000762211347024148,0.256511288897853,0.0154883836536574,0.0317817472413964,0.0196338957072367,0.000762211347025103,0.000762211347021777,0.00943495997910513,0.0390075823007874,0.000762211347026304
misc,Office of Graduate & Professional Studies,HRAM,2021,0.000777781692005517,0.473785675869184,0.034016144090278,0.0635512015960589,0.000777781692007983,0.000777781692005789,0.000777781692007972,0.000777781692008265,0.000777781692006347,0.044171734219811,0.000777781692006642,0.259540979737132,0.0147056322387936,0.0338532529613862,0.0206140984730867,0.000777781692007617,0.000777781692004112,0.00945053032408574,0.0385329335701146,0.000777781692008834
misc,Office of Graduate & Professional Studies,HRAM,2022,0.000777781692005517,0.473785675869184,0.034016144090278,0.0635512015960589,0.000777781692007983,0.000777781692005789,0.000777781692007972,0.000777781692008265,0.000777781692006347,0.044171734219811,0.000777781692006642,0.259540979737132,0.0147056322387936,0.0338532529613862,0.0206140984730867,0.000777781692007617,0.000777781692004112,0.00945053032408574,0.0385329335701146,0.000777781692008834
misc,Office of Graduate & Professional Studies,HRAM,2023,0.000737577577424227,0.50351426302481,0.0292276024902292,0.0545433660666132,0.000737577577426317,0.02534851163475,0.000737577577426473,0.000737577577426425,0.000737577577425175,0.0379323940298297,0.000737577577425238,0.242021314577724,0.0126757351889571,0.0290879815226077,0.0177401348183513,0.000737577577426359,0.000737577577423077,0.00817136211920787,0.0330991363300894,0.000737577577427607
misc,Office of Graduate & Professional Studies,HRAM,2024,0.000737577577424227,0.50351426302481,0.0292276024902292,0.0545433660666132,0.000737577577426317,0.02534851163475,0.000737577577426473,0.000737577577426425,0.000737577577425175,0.0379323940298297,0.000737577577425238,0.242021314577724,0.0126757351889571,0.0290879815226077,0.0177401348183513,0.000737577577426359,0.000737577577423077,0.00817136211920787,0.0330991363300894,0.000737577577427607
misc,Office of Graduate & Professional Studies,IDLA,2017,0.00490924847565544,0.480462914511783,0.0350974141004587,0.0434823664783733,0.000910453720094479,0.000910453720094257,0.000910453720088674,0.000910453720088171,0.0933103633372392,0.00951049858510832,0.000910453720093826,0.100081098624431,0.000910453720090326,0.000910453720092681,0.143460301501289,0.0151832723897126,0.000910453720092229,0.0533271706344418,0.0129812678806797,0.000910453720093235
misc,Office of Graduate & Professional Studies,IDLA,2018,0.0049161422634433,0.490535882564626,0.0326476485094087,0.0434677128877665,0.000895800129487583,0.000895800129487384,0.000895800129481826,0.00089580012948129,0.0994671830635832,0.00949584499450144,0.000895800129486796,0.0928648868751229,0.000895800129483418,0.000895800129485848,0.138514279375014,0.0151686187991057,0.000895800129485355,0.0518929852119893,0.0129666142900728,0.000895800129486465
misc,Office of Graduate & Professional Studies,IDLA,2019,0.0043078208691458,0.649730719459055,0.0362301067443701,0.0189129135898244,0.000691247153504227,0.0124897071271817,0.000691247153501829,0.000691247153500181,0.0505823104048117,0.00840402217218778,0.00069124715350379,0.0800818547054792,0.00583906041066214,0.000691247153503284,0.0908926644769742,0.000691247153506048,0.00069124715350207,0.0363075956587785,0.00069124715350456,0.000691247153503759
misc,Office of Graduate & Professional Studies,IDLA,2020,0.0043078208691458,0.649730719459055,0.0362301067443701,0.0189129135898244,0.000691247153504227,0.0124897071271817,0.000691247153501829,0.000691247153500181,0.0505823104048117,0.00840402217218778,0.00069124715350379,0.0800818547054792,0.00583906041066214,0.000691247153503284,0.0908926644769742,0.000691247153506048,0.00069124715350207,0.0363075956587785,0.00069124715350456,0.000691247153503759
misc,Office of Graduate & Professional Studies,IDLA,2021,0.0043922886934655,0.647627464092076,0.0362419871094613,0.0194853056081638,0.000703127518593356,0.013000605281804,0.000703127518592849,0.000703127518591137,0.0527793934352899,0.00858631052271355,0.000703127518594885,0.0800937350705702,0.00566807261368775,0.000703127518594393,0.0938446763246769,0.000703127518597225,0.000703127518593049,0.0319520135807444,0.000703127518595536,0.00070312751859486
misc,Office of Graduate & Professional Studies,IDLA,2022,0.0043922886934655,0.647627464092076,0.0362419871094613,0.0194853056081638,0.000703127518593356,0.013000605281804,0.000703127518592849,0.000703127518591137,0.0527793934352899,0.00858631052271355,0.000703127518594885,0.0800937350705702,0.00566807261368775,0.000703127518594393,0.0938446763246769,0.000703127518597225,0.000703127518593049,0.0319520135807444,0.000703127518595536,0.00070312751859486
misc,Office of Graduate & Professional Studies,IDLA,2023,0.0043922886934655,0.647627464092076,0.0362419871094613,0.0194853056081638,0.000703127518593356,0.013000605281804,0.000703127518592849,0.000703127518591137,0.0527793934352899,0.00858631052271355,0.000703127518594885,0.0800937350705702,0.00566807261368775,0.000703127518594393,0.0938446763246769,0.000703127518597225,0.000703127518593049,0.0319520135807444,0.000703127518595536,0.00070312751859486
misc,Office of Graduate & Professional Studies,IDLA,2024,0.0043922886934655,0.647627464092076,0.0362419871094613,0.0194853056081638,0.000703127518593356,0.013000605281804,0.000703127518592849,0.000703127518591137,0.0527793934352899,0.00858631052271355,0.000703127518594885,0.0800937350705702,0.00566807261368775,0.000703127518594393,0.0938446763246769,0.000703127518597225,0.000703127518593049,0.0319520135807444,0.000703127518595536,0.00070312751859486
misc,Office of Graduate & Professional Studies,PME,2014,0.000723143454667335,0.486193131880524,0.000723143454668775,0.0093065443822352,0.000723143454667532,0.00072314345466802,0.000723143454668032,0.000723143454668763,0.000723143454671305,0.000723143454671252,0.000723143454667872,0.000723143454668868,0.00072314345467194,0.000723143454669462,0.000723143454668613,0.112708775925544,0.000723143454669223,0.336402254448032,0.00866884552991222,0.0365964394683862
misc,Office of Graduate & Professional Studies,PME,2015,0.000786597302394534,0.512143136623169,0.0120901806972943,0.014525559365091,0.000786597302394222,0.000786597302393245,0.00078659730239468,0.00078659730239472,0.000786597302395779,0.000786597302395391,0.000786597302393331,0.000786597302393972,0.00078659730239812,0.000786597302394327,0.000786597302395059,0.0884191425250982,0.000786597302393987,0.326933501929895,0.00681907092493054,0.0288436430033905
misc,Office of Graduate & Professional Studies,PME,2016,0.000986266916864871,0.564549011973204,0.0352245457343684,0.0328982869703361,0.000986266916867119,0.000986266916866153,0.00098626691686587,0.000986266916864444,0.000986266916867885,0.000986266916864826,0.000986266916865773,0.101851600347322,0.000986266916868221,0.000986266916866347,0.000986266916867721,0.000986266916870982,0.000986266916862945,0.19505326274575,0.00826386764169512,0.0493379546680608
misc,Office of Graduate & Professional Studies,PME,2017,0.000857884276558767,0.654396170671257,0.042946340668387,0.0246088737765646,0.000857884276559152,0.000857884276559223,0.000857884276559636,0.000857884276557423,0.000857884276561115,0.000857884276558023,0.000857884276558536,0.0288374556507012,0.000857884276560356,0.000857884276560449,0.000857884276561228,0.000857884276563743,0.000857884276559526,0.211723788220485,0.000857884276570092,0.0254769911407584
misc,Office of Graduate & Professional Studies,PME,2018,0.000788200755058496,0.636745618668671,0.0423361887368906,0.0295748497308684,0.00078820075505848,0.000788200755058716,0.000788200755058496,0.000788200755056955,0.000788200755060945,0.000788200755057295,0.000788200755058057,0.0296062861058639,0.0084387366616352,0.000788200755059129,0.000788200755059846,0.000788200755060328,0.000788200755058397,0.217684246387506,0.000788200755069112,0.0253674638927906
misc,Office of Graduate & Professional Studies,PME,2019,0.000685426442878682,0.657052070746996,0.049705404026223,0.026109310068811,0.000685426442882037,0.000685426442880602,0.000685426442879074,0.000685426442877862,0.000685426442883036,0.000685426442879366,0.000685426442881489,0.0345791435439961,0.00914793597088508,0.000685426442881208,0.000685426442880724,0.000685426442881254,0.000685426442880292,0.187046996440096,0.00068542644288211,0.0274485954455455
misc,Office of Graduate & Professional Studies,PME,2020,0.000685426442878682,0.657052070746996,0.049705404026223,0.026109310068811,0.000685426442882037,0.000685426442880602,0.000685426442879074,0.000685426442877862,0.000685426442883036,0.000685426442879366,0.000685426442881489,0.0345791435439961,0.00914793597088508,0.000685426442881208,0.000685426442880724,0.000685426442881254,0.000685426442880292,0.187046996440096,0.00068542644288211,0.0274485954455455
misc,Office of Graduate & Professional Studies,PME,2021,0.000695320071225424,0.660565046762795,0.0501750631265999,0.0266457826737976,0.00069532007122753,0.000695320071227424,0.000695320071225822,0.000695320071224567,0.000695320071229899,0.000695320071226098,0.000695320071228273,0.0355656835332919,0.00915782959923156,0.000695320071227978,0.000695320071227515,0.000695320071228049,0.000695320071227074,0.180232147162954,0.000695320071228869,0.0286192862153753
misc,Office of Graduate & Professional Studies,PME,2022,0.000695320071225424,0.660565046762795,0.0501750631265999,0.0266457826737976,0.00069532007122753,0.000695320071227424,0.000695320071225822,0.000695320071224567,0.000695320071229899,0.000695320071226098,0.000695320071228273,0.0355656835332919,0.00915782959923156,0.000695320071227978,0.000695320071227515,0.000695320071228049,0.000695320071227074,0.180232147162954,0.000695320071228869,0.0286192862153753
misc,Office of Graduate & Professional Studies,PME,2023,0.000524291316295086,0.654343850226013,0.0281056034363735,0.000524291316294791,0.000524291316295632,0.00656171299683652,0.000524291316298129,0.0041843268496404,0.0384183607951076,0.000524291316294797,0.0042673641920875,0.000524291316298174,0.00052429131629549,0.000524291316295921,0.000524291316297246,0.0342682963126928,0.00052429131629573,0.223558989395693,0.000524291316297579,0.00052429131629824
misc,Office of Graduate & Professional Studies,PME,2024,0.000524291316295086,0.654343850226013,0.0281056034363735,0.000524291316294791,0.000524291316295632,0.00656171299683652,0.000524291316298129,0.0041843268496404,0.0384183607951076,0.000524291316294797,0.0042673641920875,0.000524291316298174,0.00052429131629549,0.000524291316295921,0.000524291316297246,0.0342682963126928,0.00052429131629573,0.223558989395693,0.000524291316297579,0.00052429131629824
misc,Office of Graduate & Professional Studies,PROF,2021,0.00174492810800106,0.440727765009446,0.043330488456524,0.0036303759444527,0.0593189819053125,0.00880768325865036,0.00174492810800019,0.00414492695552566,0.00174492810800053,0.0182096601358194,0.00174492810800184,0.0905072441670318,0.0660290950172572,0.00430203671429827,0.0125309664591906,0.0505810251413515,0.00174492810799845,0.124759688743375,0.0281115439411647,0.0362838776105982
misc,Office of Graduate & Professional Studies,PROF,2022,0.00174492810800106,0.440727765009446,0.043330488456524,0.0036303759444527,0.0593189819053125,0.00880768325865036,0.00174492810800019,0.00414492695552566,0.00174492810800053,0.0182096601358194,0.00174492810800184,0.0905072441670318,0.0660290950172572,0.00430203671429827,0.0125309664591906,0.0505810251413515,0.00174492810799845,0.124759688743375,0.0281115439411647,0.0362838776105982
misc,Office of Graduate & Professional Studies,PROF,2023,0.00139626216775657,0.442898947796188,0.0581240156508997,0.00476507181478332,0.0547795878348029,0.0127046036485508,0.00139626216775757,0.00379626101528279,0.00626215574166517,0.0149068953205837,0.00139626216775734,0.0747615440388978,0.0682298965461113,0.00395337077405351,0.0040039744247073,0.0519908618828911,0.00139626216775502,0.108225367138623,0.0288225772588065,0.0561898204421269
misc,Office of Graduate & Professional Studies,PROF,2024,0.00139626216775657,0.442898947796188,0.0581240156508997,0.00476507181478332,0.0547795878348029,0.0127046036485508,0.00139626216775757,0.00379626101528279,0.00626215574166517,0.0149068953205837,0.00139626216775734,0.0747615440388978,0.0682298965461113,0.00395337077405351,0.0040039744247073,0.0519908618828911,0.00139626216775502,0.108225367138623,0.0288225772588065,0.0561898204421269
misc,Office of Graduate & Professional Studies,SAM,2016,0.00066838145324696,0.165710255557712,0.0332800358768013,0.0272589602380167,0.000668381453249739,0.0121195285788208,0.000668381453246617,0.000668381453246341,0.00066838145324811,0.020008706031822,0.000668381453247693,0.210931678343479,0.334712253819567,0.0240236290909229,0.000668381453248298,0.000668381453245179,0.000668381453245026,0.0540003083644931,0.0802606540099479,0.0316785570091938
misc,Office of Graduate & Professional Studies,SAM,2017,0.000668381453246565,0.15821429628364,0.0332688459086678,0.0272552687484649,0.000668381453249807,0.0122774095201219,0.000668381453246639,0.000668381453246335,0.000668381453247989,0.0201417815997661,0.000668381453247705,0.212392634324878,0.340644329690511,0.0240245636273411,0.000668381453248289,0.000668381453245151,0.000668381453245006,0.0538474848364414,0.080076464508589,0.0318414878723549
misc,Office of Graduate & Professional Studies,SAM,2018,0.000722239842071469,0.165764113946536,0.0300526522006129,0.0273128186268409,0.000722239842073519,0.0121733869676453,0.000722239842070636,0.000722239842070792,0.000722239842072635,0.0200625644206463,0.000722239842072084,0.233096022640292,0.346189454350466,0.0240774874797472,0.000722239842072604,0.000722239842069472,0.0007222398420696,0.0227244129917792,0.0803145123987721,0.0317324153980186
misc,Office of Graduate & Professional Studies,SAM,2019,0.000679848238374433,0.198892478914684,0.0403535766688049,0.0241275437196021,0.000679848238377618,0.0105506745602367,0.000679848238373875,0.000679848238373925,0.000679848238375749,0.0201190539308759,0.000679848238374948,0.221447639215375,0.348531756661499,0.0226965234869574,0.000679848238375007,0.000679848238372981,0.000679848238372103,0.0234622129775251,0.0556842254623066,0.0280156802567624
misc,Office of Graduate & Professional Studies,SAM,2020,0.000679848238374433,0.198892478914684,0.0403535766688049,0.0241275437196021,0.000679848238377618,0.0105506745602367,0.000679848238373875,0.000679848238373925,0.000679848238375749,0.0201190539308759,0.000679848238374948,0.221447639215375,0.348531756661499,0.0226965234869574,0.000679848238375007,0.000679848238372981,0.000679848238372103,0.0234622129775251,0.0556842254623066,0.0280156802567624
misc,Office of Graduate & Professional Studies,SAM,2021,0.000690136054946813,0.199114191347793,0.0404986778973399,0.0247065372154103,0.000690136054948899,0.0107536932230991,0.000690136054946241,0.000690136054946234,0.000690136054948071,0.0205926327991342,0.0006901360549473,0.223922303528916,0.343056158983033,0.0234974070259268,0.000690136054947415,0.00069013605494524,0.000690136054944355,0.022070855086163,0.0560185742214849,0.029557744177179
misc,Office of Graduate & Professional Studies,SAM,2022,0.000690136054946813,0.199114191347793,0.0404986778973399,0.0247065372154103,0.000690136054948899,0.0107536932230991,0.000690136054946241,0.000690136054946234,0.000690136054948071,0.0205926327991342,0.0006901360549473,0.223922303528916,0.343056158983033,0.0234974070259268,0.000690136054947415,0.00069013605494524,0.000690136054944355,0.022070855086163,0.0560185742214849,0.029557744177179
misc,Office of Graduate & Professional Studies,SAM,2023,0.000682450341471969,0.213614924879111,0.0403977193009896,0.0238353193173576,0.000682450341473387,0.0110339291801165,0.000682450341471438,0.000682450341471453,0.00636308782839581,0.0208450060748219,0.000682450341472203,0.217188338506599,0.342270419678206,0.0251380520100592,0.000682450341472461,0.000682450341470366,0.000682450341469612,0.0268003458178111,0.0483238099619179,0.0187294447128422
misc,Office of Graduate & Professional Studies,SAM,2024,0.000682450341471969,0.213614924879111,0.0403977193009896,0.0238353193173576,0.000682450341473387,0.0110339291801165,0.000682450341471438,0.000682450341471453,0.00636308782839581,0.0208450060748219,0.000682450341472203,0.217188338506599,0.342270419678206,0.0251380520100592,0.000682450341472461,0.000682450341470366,0.000682450341469612,0.0268003458178111,0.0483238099619179,0.0187294447128422
misc,Provost,ELTA,2016,0.00586005186672515,0.00586005186671715,0.00586005186672707,0.00586005186671409,0.124600199472564,0.00586005186672332,0.00586005186672178,0.113892565789422,0.00586005186671561,0.00586005186673802,0.0501569901878137,0.00586005186672036,0.122897493154488,0.0089113656199428,0.00586005186671714,0.00586005186671458,0.151047271225057,0.27865092768264,0.0273753864637323,0.0580072298704063
misc,Provost,ELTA,2017,0.00251284627352218,0.00251284627352335,0.00251284627352441,0.00251284627352062,0.107780593732806,0.00251284627352219,0.00739864649644103,0.0884813929144598,0.00251284627352228,0.00610124589088741,0.224329164058063,0.0037137919796351,0.0484650037227335,0.00809331162944411,0.00251284627352274,0.00251284627352042,0.0530127486590572,0.373723808628976,0.00558198447666742,0.0532155376226518
misc,Provost,ELTA,2018,0.000768347226130401,0.000768347226131241,0.000768347226132517,0.00319248795733465,0.0977281913102017,0.000768347226130453,0.00618199002423117,0.0962657990683613,0.000768347226129933,0.00456041660475421,0.247996109434181,0.00212077923121764,0.0525314706366036,0.00675708916297107,0.000768347226130543,0.000768347226127751,0.000768347226127801,0.415862335733892,0.00437882314236804,0.0562777298848432
misc,Provost,ELTA,2019,0.000768347226130401,0.000768347226131241,0.000768347226132517,0.00319248795733465,0.0977281913102017,0.000768347226130453,0.00618199002423117,0.0962657990683613,0.000768347226129933,0.00456041660475421,0.247996109434181,0.00212077923121764,0.0525314706366036,0.00675708916297107,0.000768347226130543,0.000768347226127751,0.000768347226127801,0.415862335733892,0.00437882314236804,0.0562777298848432
misc,Provost,ELTA,2020,0.00115475679451858,0.00115475679452013,0.0409965960538373,0.00336810267953093,0.0985554678987029,0.00115475679451887,0.00609764804495821,0.09028196883503,0.00115475679451814,0.00461708100978359,0.240294460541241,0.00238958601655507,0.0484167390388642,0.00662273856293859,0.00115475679451855,0.00115475679451595,0.00115475679451605,0.39398779886033,0.00445127828325716,0.0518372366133452
misc,Provost,ELTA,2021,0.00115475679451858,0.00115475679452013,0.0409965960538373,0.00336810267953093,0.0985554678987029,0.00115475679451887,0.00609764804495821,0.09028196883503,0.00115475679451814,0.00461708100978359,0.240294460541241,0.00238958601655507,0.0484167390388642,0.00662273856293859,0.00115475679451855,0.00115475679451595,0.00115475679451605,0.39398779886033,0.00445127828325716,0.0518372366133452
misc,Provost,ELTA,2022,0.00115475679451858,0.00115475679452013,0.0409965960538373,0.00336810267953093,0.0985554678987029,0.00115475679451887,0.00609764804495821,0.09028196883503,0.00115475679451814,0.00461708100978359,0.240294460541241,0.00238958601655507,0.0484167390388642,0.00662273856293859,0.00115475679451855,0.00115475679451595,0.00115475679451605,0.39398779886033,0.00445127828325716,0.0518372366133452
misc,Provost,ELTA,2023,0.000809393896777236,0.000809393896778361,0.000809393896779361,0.000809393896773311,0.140424782234679,0.000809393896777775,0.000809393896776883,0.146293645144137,0.000809393896776422,0.00080939389677697,0.000809393896778445,0.000809393896777582,0.279000454901758,0.000809393896779164,0.000809393896780258,0.00080939389677396,0.00080939389677519,0.332331811202782,0.0260827253104434,0.0645350666513203
misc,Provost,ELTA,2024,0.00118450289987891,0.00529626273016735,0.0393662655233927,0.00330562603968213,0.162718384376144,0.00118450289987871,0.0059214403482166,0.0898497206408015,0.00118450289987856,0.0172697375413748,0.178344051686681,0.00236788090433011,0.0464772358840433,0.00260132189490665,0.00118450289987869,0.00118450289987592,0.00118450289987591,0.391939344347094,0.00434366932658668,0.0430920413573127
misc,Recreational Sports & Fitness,HFIT,2014,0.00752910616393251,0.0458372225425332,0.0566617803441213,0.182012056956846,0.0472820262898557,0.0120233239363719,0.0189544693360641,0.00547865785514747,0.013519057093253,0.0127901237699072,0.0385141678811937,0.0332460428902076,0.0106155420142893,0.0157440016927315,0.318491214008559,0.0226251500113594,0.060883177206284,0.0756487428771387,0.0150629417816034,0.00708119534860119
misc,Recreational Sports & Fitness,HFIT,2015,0.00890613135122638,0.029529957854333,0.0363813387884106,0.0493213856272934,0.0579712025216755,0.0137166480482516,0.00335556732019449,0.00792608739430596,0.0148844318260918,0.00335556732020096,0.126747434925326,0.0033555673201999,0.00805989088148756,0.0033555673201936,0.3918820850615,0.00335556732019914,0.0613863306193562,0.1655158303001,0.00335556732019203,0.00763784087946183
misc,Recreational Sports & Fitness,HFIT,2016,0.00892860414691008,0.0295524306500164,0.0364038115840946,0.0493438584229774,0.0579936753173591,0.0137391208439355,0.00337804011587777,0.00794856018998962,0.0154635913991645,0.00337804011588461,0.125232712130194,0.00337804011588368,0.00808236367717136,0.00337804011587732,0.391904557857184,0.00337804011587997,0.06140880341504,0.16606935599554,0.00337804011587576,0.00766031367514547
misc,Recreational Sports & Fitness,HFIT,2017,0.00886332693910175,0.0323997320126234,0.0358015722838217,0.0481727894617504,0.0589499680430334,0.0137356312661209,0.00337455053806405,0.00751490896036544,0.0152040720107252,0.00337455053806407,0.120311752399096,0.00337455053807106,0.00826239384292804,0.0033745505380659,0.39373378425541,0.00337455053806984,0.0615805204310177,0.167624236721176,0.00337455053806432,0.00759800814443118
misc,Recreational Sports & Fitness,HFIT,2018,0.00758908526410749,0.0336344193212778,0.0374188316159752,0.055241938065382,0.067159186124277,0.0129784269150664,0.00152670611037219,0.0061222521564388,0.0176137432530524,0.00152670611037213,0.130974449730505,0.00152670611038033,0.0069200012055253,0.00152670611037442,0.421003711576697,0.00152670611037853,0.00472815943842494,0.1832608204694,0.0015267061103724,0.00619473820162059
misc,Recreational Sports & Fitness,HFIT,2019,0.011807147479376,0.0336043805941495,0.0372149497137508,0.0552118993382544,0.064687294598349,0.0129483881879383,0.00149666738324401,0.00374859773941116,0.0175837045259242,0.0014966673832442,0.136644439999825,0.00149666738325168,0.00688996247839711,0.00149666738324626,0.416585629117084,0.00149666738324987,0.00469812071129671,0.183230781742272,0.00149666738324426,0.00616469947449236
misc,Recreational Sports & Fitness,HFIT,2020,0.011807147479376,0.0336043805941495,0.0372149497137508,0.0552118993382544,0.064687294598349,0.0129483881879383,0.00149666738324401,0.00374859773941116,0.0175837045259242,0.0014966673832442,0.136644439999825,0.00149666738325168,0.00688996247839711,0.00149666738324626,0.416585629117084,0.00149666738324987,0.00469812071129671,0.183230781742272,0.00149666738324426,0.00616469947449236
misc,Recreational Sports & Fitness,HFIT,2021,0.011807147479376,0.0336043805941495,0.0372149497137508,0.0552118993382544,0.064687294598349,0.0129483881879383,0.00149666738324401,0.00374859773941116,0.0175837045259242,0.0014966673832442,0.136644439999825,0.00149666738325168,0.00688996247839711,0.00149666738324626,0.416585629117084,0.00149666738324987,0.00469812071129671,0.183230781742272,0.00149666738324426,0.00616469947449236
misc,Recreational Sports & Fitness,HFIT,2022,0.011807147479376,0.0336043805941495,0.0372149497137508,0.0552118993382544,0.064687294598349,0.0129483881879383,0.00149666738324401,0.00374859773941116,0.0175837045259242,0.0014966673832442,0.136644439999825,0.00149666738325168,0.00688996247839711,0.00149666738324626,0.416585629117084,0.00149666738324987,0.00469812071129671,0.183230781742272,0.00149666738324426,0.00616469947449236
misc,Recreational Sports & Fitness,HFIT,2023,0.011807147479376,0.0336043805941495,0.0372149497137508,0.0552118993382544,0.064687294598349,0.0129483881879383,0.00149666738324401,0.00374859773941116,0.0175837045259242,0.0014966673832442,0.136644439999825,0.00149666738325168,0.00688996247839711,0.00149666738324626,0.416585629117084,0.00149666738324987,0.00469812071129671,0.183230781742272,0.00149666738324426,0.00616469947449236
misc,Recreational Sports & Fitness,HFIT,2024,0.011807147479376,0.0336043805941495,0.0372149497137508,0.0552118993382544,0.064687294598349,0.0129483881879383,0.00149666738324401,0.00374859773941116,0.0175837045259242,0.0014966673832442,0.136644439999825,0.00149666738325168,0.00688996247839711,0.00149666738324626,0.416585629117084,0.00149666738324987,0.00469812071129671,0.183230781742272,0.00149666738324426,0.00616469947449236
misc,Study Abroad,SABD,2014,0.00333850776695862,0.00333850776694691,0.0948965830012293,0.00333850776694616,0.180180085625417,0.00333850776694413,0.0033385077669471,0.0269097600284646,0.00333850776694564,0.0156997352440005,0.619344113635246,0.00333850776694927,0.00333850776694693,0.00333850776695073,0.00333850776694445,0.00333850776694588,0.00333850776694925,0.00333850776694722,0.0033385077669473,0.016230613728373
misc,Study Abroad,SABD,2015,0.00333850776695862,0.00333850776694691,0.0948965830012293,0.00333850776694616,0.180180085625417,0.00333850776694413,0.0033385077669471,0.0269097600284646,0.00333850776694564,0.0156997352440005,0.619344113635246,0.00333850776694927,0.00333850776694693,0.00333850776695073,0.00333850776694445,0.00333850776694588,0.00333850776694925,0.00333850776694722,0.0033385077669473,0.016230613728373
misc,Study Abroad,SABD,2016,0.00370142066355894,0.0037014206635465,0.135363244223033,0.00370142066354575,0.133180992264811,0.00370142066354372,0.0037014206635467,0.0272726729250642,0.00370142066354523,0.0160626481406047,0.619707026531853,0.00370142066354573,0.00370142066354652,0.00370142066355033,0.00370142066354404,0.00370142066354548,0.00370142066354885,0.00370142066354684,0.0037014206635469,0.0165935266249726
misc,Study Abroad,SABD,2017,0.00358433480931686,0.00358433480930726,0.107527879724699,0.00358433480930622,0.205288229544216,0.00358433480930439,0.00358433480930839,0.0251918796805575,0.00358433480930397,0.0184471476928264,0.57960186282748,0.00358433480930648,0.00358433480930708,0.00358433480931458,0.00358433480930509,0.00358433480930645,0.00358433480930856,0.00358433480930773,0.00358433480930707,0.0137623131999113
misc,Study Abroad,SABD,2018,0.00358433480931692,0.00358433480930728,0.107527879724699,0.00358433480930622,0.199541303399242,0.00358433480930439,0.00358433480930829,0.0251918796805581,0.00358433480930397,0.0184471476928259,0.585348788972453,0.00358433480930649,0.00358433480930709,0.00358433480931481,0.00358433480930509,0.00358433480930643,0.00358433480930856,0.00358433480930777,0.00358433480930707,0.0137623131999114
misc,Study Abroad,SABD,2019,0.00358433480931692,0.00358433480930728,0.107527879724699,0.00358433480930622,0.199541303399242,0.00358433480930439,0.00358433480930829,0.0251918796805581,0.00358433480930397,0.0184471476928259,0.585348788972453,0.00358433480930649,0.00358433480930709,0.00358433480931481,0.00358433480930509,0.00358433480930643,0.00358433480930856,0.00358433480930777,0.00358433480930707,0.0137623131999114
misc,Study Abroad,SABD,2020,0.00358433480931692,0.00358433480930728,0.107527879724699,0.00358433480930622,0.199541303399242,0.00358433480930439,0.00358433480930829,0.0251918796805581,0.00358433480930397,0.0184471476928259,0.585348788972453,0.00358433480930649,0.00358433480930709,0.00358433480931481,0.00358433480930509,0.00358433480930643,0.00358433480930856,0.00358433480930777,0.00358433480930707,0.0137623131999114
misc,Study Abroad,SABD,2021,0.00604694207980749,0.00604694207977577,0.293134936462258,0.00604694207977353,0.318590745196001,0.00604694207977367,0.0060469420797765,0.00604694207979763,0.00604694207977367,0.00604694207996182,0.28547630298531,0.00604694207977549,0.00604694207977586,0.00604694207978875,0.00604694207977414,0.00604694207977446,0.0060469420797737,0.00604694207977698,0.00604694207977375,0.00604694207977848
misc,Study Abroad,SABD,2022,0.00604694207980749,0.00604694207977577,0.293134936462258,0.00604694207977353,0.318590745196001,0.00604694207977367,0.0060469420797765,0.00604694207979763,0.00604694207977367,0.00604694207996182,0.28547630298531,0.00604694207977549,0.00604694207977586,0.00604694207978875,0.00604694207977414,0.00604694207977446,0.0060469420797737,0.00604694207977698,0.00604694207977375,0.00604694207977848
misc,Study Abroad,SABD,2023,0.00607626694754304,0.00607626694750915,0.343862063895992,0.00607626694750804,0.305407596251129,0.00607626694750812,0.00607626694751063,0.00607626694753133,0.00607626694750812,0.006076266947702,0.247433801744963,0.00607626694750886,0.00607626694750953,0.00607626694751986,0.00607626694750832,0.00607626694750877,0.00607626694750814,0.00607626694751091,0.00607626694750817,0.00607626694751286
misc,Study Abroad,SABD,2024,0.00537247148924182,0.00537247148921396,0.268094758004707,0.00537247148921169,0.329842054734496,0.00537247148921182,0.00537247148921503,0.00537247148923954,0.00537247148921182,0.00537247148937028,0.310731171943945,0.0053724714892136,0.00537247148921392,0.00537247148922749,0.00537247148921223,0.00537247148921269,0.00537247148921184,0.00537247148921533,0.00537247148921189,0.00537247148921753
misc,Various Departments,CORE,2018,0.000652455577752487,0.000652455577751919,0.124811587213432,0.025135889768137,0.122297898413691,0.0207785871105217,0.291193472218792,0.000652455577753016,0.000652455577750865,0.0142353831385305,0.000652455577752598,0.000652455577753747,0.000652455577754189,0.000652455577751235,0.00762779297807238,0.000652455577755846,0.000652455577750147,0.000652455577755648,0.000652455577757422,0.386089922225786
misc,Various Departments,CORE,2019,0.450221881955297,0.00183929532038465,0.0505279793163993,0.0623725047331937,0.0473420061944847,0.00966612424979587,0.116157709510277,0.00183929532038854,0.00183929532038444,0.00712154492736098,0.00183929532038574,0.0018392953203854,0.00183929532038623,0.00183929532038447,0.00455192653162083,0.00183929532038742,0.046978331602865,0.00183929532038818,0.0367746896339442,0.151731643461287
misc,Various Departments,CORE,2020,0.486290731521876,0.0020375379561673,0.0374653125755724,0.0456214487333902,0.0347994897855195,0.00767285478534421,0.159807135784817,0.00203753795617273,0.00203753795616719,0.00584075767319722,0.00203753795616882,0.00203753795616775,0.00203753795616861,0.0020375379561672,0.00399063242825749,0.00203753795616975,0.0507876971412469,0.00203753795617048,0.0397677638148109,0.109618334150449
misc,Various Departments,CORE,2021,0.486290731521876,0.0020375379561673,0.0374653125755724,0.0456214487333902,0.0347994897855195,0.00767285478534421,0.159807135784817,0.00203753795617273,0.00203753795616719,0.00584075767319722,0.00203753795616882,0.00203753795616775,0.00203753795616861,0.0020375379561672,0.00399063242825749,0.00203753795616975,0.0507876971412469,0.00203753795617048,0.0397677638148109,0.109618334150449
misc,Various Departments,CORE,2022,0.486293052935274,0.00203985936956599,0.0377972869253932,0.0456237701467889,0.0348018111989182,0.00767517619874291,0.159809457198216,0.00203985936957143,0.00203985936956585,0.0058430790865959,0.0020398593695675,0.00203985936956646,0.0020398593695673,0.00203985936956587,0.00399295384165617,0.00203985936956845,0.0507900185546456,0.00203985936956915,0.0397700852282096,0.109244574359452
misc,Various Departments,CORE,2023,0.486293052935274,0.00203985936956599,0.0377972869253932,0.0456237701467889,0.0348018111989182,0.00767517619874291,0.159809457198216,0.00203985936957143,0.00203985936956585,0.0058430790865959,0.0020398593695675,0.00203985936956646,0.0020398593695673,0.00203985936956587,0.00399295384165617,0.00203985936956845,0.0507900185546456,0.00203985936956915,0.0397700852282096,0.109244574359452
misc,Various Departments,CORE,2024,0.486293052935274,0.00203985936956624,0.0377972869253932,0.0456237701467877,0.0348018111989182,0.00767517619874291,0.159809457198216,0.00203985936957143,0.00203985936956585,0.0058430790865959,0.00203985936956751,0.00203985936956646,0.0020398593695673,0.00203985936956587,0.00399295384165617,0.00203985936956845,0.0507900185546456,0.00203985936957012,0.0397700852282096,0.109244574359452
misc,Various Departments,GNED,2014,0.00572666398886309,0.00572666398885972,0.16710549687285,0.00572666398886544,0.729814551327534,0.00572666398886561,0.00572666398886351,0.00572666398888396,0.00572666398886039,0.00572666398886912,0.0057266639888619,0.00572666398886749,0.00572666398886862,0.00572666398886721,0.00572666398888643,0.00572666398886919,0.00572666398885972,0.00572666398886788,0.00572666398886978,0.00572666398886678
misc,Various Departments,GNED,2015,0.00572666398886309,0.00572666398885972,0.16710549687285,0.00572666398886544,0.729814551327534,0.00572666398886561,0.00572666398886351,0.00572666398888396,0.00572666398886039,0.00572666398886912,0.0057266639888619,0.00572666398886749,0.00572666398886862,0.00572666398886721,0.00572666398888643,0.00572666398886919,0.00572666398885972,0.00572666398886788,0.00572666398886978,0.00572666398886678
misc,Various Departments,GNED,2016,0.00572666398886309,0.00572666398885972,0.16710549687285,0.00572666398886544,0.729814551327534,0.00572666398886561,0.00572666398886351,0.00572666398888396,0.00572666398886039,0.00572666398886912,0.0057266639888619,0.00572666398886749,0.00572666398886862,0.00572666398886721,0.00572666398888643,0.00572666398886919,0.00572666398885972,0.00572666398886788,0.00572666398886978,0.00572666398886678
misc,Various Departments,GNED,2017,0.00568838230836975,0.00568838230836638,0.167759525442713,0.00568838230837199,0.729849593006551,0.00568838230837216,0.00568838230836995,0.00568838230839002,0.00568838230836704,0.00568838230837554,0.00568838230836852,0.00568838230837412,0.00568838230837502,0.00568838230837397,0.00568838230839268,0.00568838230837568,0.00568838230836638,0.00568838230837622,0.00568838230837681,0.00568838230837437
misc,Various Departments,GNED,2018,0.00568838230836975,0.00568838230836638,0.167759525442713,0.00568838230837199,0.729849593006551,0.00568838230837216,0.00568838230836995,0.00568838230839002,0.00568838230836704,0.00568838230837554,0.00568838230836852,0.00568838230837412,0.00568838230837502,0.00568838230837397,0.00568838230839268,0.00568838230837568,0.00568838230836638,0.00568838230837622,0.00568838230837681,0.00568838230837437
misc,Various Departments,OGIS,2021,0.00392046227287821,0.0508334097524625,0.301768550241094,0.00392046227287475,0.319861699490455,0.00392046227287484,0.0039204622728775,0.00392046227287871,0.00392046227287722,0.0797225152467516,0.00903421954535898,0.0039204622728786,0.00392046227289731,0.00392046227287859,0.00392046227287638,0.00392046227287414,0.00392046227287232,0.110333058169405,0.00392046227287612,0.0774805380070589
misc,Various Departments,OGIS,2022,0.00382128561680665,0.0507342330963886,0.301669373585023,0.00382128561680243,0.319762522834385,0.00382128561680262,0.00382128561680542,0.0116252205018455,0.00382128561680473,0.0806760421343209,0.00893504288928631,0.00382128561680555,0.00382128561682344,0.00382128561680733,0.00382128561680362,0.00382128561680181,0.00382128561680037,0.103360776206096,0.00382128561680393,0.077381361350987
misc,Various Departments,OGIS,2023,0.00338042444423968,0.0453075844927072,0.48495423981327,0.00338042444423776,0.121649427777659,0.00338042444423723,0.00338042444423918,0.0131353430505382,0.00338042444423854,0.0713617209401705,0.00338042444425218,0.00338042444424064,0.00338042444424924,0.00338042444424119,0.00338042444423857,0.00338042444423805,0.0033804244442366,0.120064983647847,0.00338042444423773,0.0995811825026816
misc,Various Departments,SPEX,2014,0.015956402611183,0.0159564026111627,0.166242834586142,0.0159564026111582,0.159518964030028,0.0159564026111767,0.0159564026111748,0.0159564026111771,0.0159564026111589,0.0159564026112176,0.015956402611165,0.0159564026111704,0.0159564026111601,0.0159564026111609,0.015956402611159,0.0159564026111585,0.38552387006876,0.0159564026111922,0.0159564026111585,0.0334118895363369
misc,Various Departments,SPEX,2015,0.0152637273995717,0.0152637273995538,0.223619123256853,0.0152637273995488,0.146862742033525,0.0152637273995657,0.0152637273995642,0.0152637273995663,0.0152637273995494,0.0152637273996033,0.0152637273995579,0.0152637273995605,0.0152637273995509,0.0152637273995518,0.0152637273995496,0.015263727399549,0.35403390590235,0.0152637273995816,0.0152637273995491,0.0312645904142976
misc,Various Departments,SPEX,2016,0.00974554643641009,0.153737765198812,0.112323715491531,0.0115069640414907,0.0930764155064629,0.00941947060089242,0.00814601756288765,0.0081460175628863,0.00814601756287942,0.0193326797336839,0.00814601756288473,0.0702246977386876,0.0323736067943047,0.00814601756288029,0.0132875293757392,0.037755409855836,0.177531106814278,0.135494656147723,0.0273794853765386,0.0560808630731903
misc,Various Departments,SPEX,2017,0.00797474405975791,0.193932802328593,0.0900406206912323,0.00967817074875965,0.139728699367895,0.0118801944562245,0.00669846234831962,0.00800768716038824,0.0114461224570128,0.0212561684978176,0.0162332035438734,0.0765953991666775,0.0213243431849374,0.00786115606939353,0.0109526408432873,0.0398459320338098,0.142206533749507,0.108912491344464,0.0232148376890659,0.0522097902589841
misc,Various Departments,SPEX,2018,0.00387803674284556,0.260091233570333,0.106456205797968,0.00727173697667809,0.170668359927508,0.00876938885948555,0.00227850786932617,0.00391503888441302,0.00227850786932617,0.0316649743893323,0.0142713339114128,0.0587356742097222,0.0455577057008262,0.00373187502066921,0.0123154171144909,0.032834462445547,0.00227850786932244,0.141258479233994,0.0177182709624286,0.0740262826443712
misc,Various Departments,SPEX,2019,0.00200372345832038,0.295420935892502,0.0819477536364341,0.0030742313210015,0.186855878893957,0.00591109486029993,0.00200372345832098,0.00338614261802932,0.00200372345832086,0.0291937129395316,0.013996549500407,0.054894951399054,0.0405219043130737,0.00339633425394894,0.0103740498547908,0.0296629279801829,0.00200372345831743,0.142045472414727,0.016036431491368,0.0752667347974128
misc,Various Departments,SPEX,2020,0.00197284815705208,0.264323909864924,0.0872029129956529,0.00296100926106566,0.179875384178258,0.0055796525281102,0.00197284815705258,0.00324892738139885,0.00197284815705291,0.0342188904357382,0.0150601924793012,0.0516693132633159,0.0375280920229793,0.00325833504532459,0.00969930329225604,0.0275044215618481,0.00197284815704894,0.168364298628971,0.0149261171106345,0.0866878473220155
misc,Various Departments,UCOL,2014,0.00354773285619249,0.00354773285620511,0.00354773285624582,0.00354773285619778,0.751455940426873,0.00354773285622028,0.00354773285619363,0.00354773285619315,0.00354773285620902,0.00354773285621388,0.00354773285619849,0.00354773285619723,0.00354773285620847,0.00354773285619541,0.0035477328561946,0.00354773285619381,0.00354773285620044,0.134755253028564,0.00354773285619597,0.0534773479891079
misc,Various Departments,UCOL,2015,0.00354773285619249,0.00354773285620511,0.00354773285624582,0.00354773285619778,0.751455940426873,0.00354773285622028,0.00354773285619363,0.00354773285619315,0.00354773285620902,0.00354773285621388,0.00354773285619849,0.00354773285619723,0.00354773285620847,0.00354773285619541,0.0035477328561946,0.00354773285619381,0.00354773285620044,0.134755253028564,0.00354773285619597,0.0534773479891079
misc,Various Departments,UCOL,2016,0.0035477328561925,0.00354773285620522,0.00354773285624948,0.00354773285619772,0.761799411963641,0.0035477328562184,0.00354773285619367,0.00354773285619259,0.00354773285620915,0.00354773285621368,0.00354773285619845,0.00354773285619592,0.00354773285620478,0.00354773285619262,0.00354773285619327,0.00354773285619379,0.00354773285620033,0.130678520778813,0.00354773285619308,0.0472106087021009
misc,Various Departments,UCOL,2017,0.0035182916465899,0.00351829164660078,0.00351829164664653,0.00351829164659525,0.74860974318442,0.00351829164661393,0.00351829164659101,0.00351829164659,0.0035182916466054,0.00351829164661145,0.00351829164659573,0.00351829164659287,0.00351829164660174,0.00351829164659053,0.00351829164659074,0.00351829164659159,0.00351829164659776,0.144398131330885,0.0035182916465905,0.0471811674924989
misc,Various Departments,UCOL,2018,0.00351829164658989,0.00351829164660119,0.00351829164664621,0.00351829164659526,0.748608686900448,0.00351829164661459,0.00351829164659101,0.00351829164659,0.00351829164660543,0.00351829164661145,0.00351829164659573,0.00351829164659382,0.00351829164660211,0.00351829164659053,0.00351829164659074,0.00351829164659159,0.00351829164659776,0.144399187614857,0.00351829164658968,0.0471811674924989
misc,Various Departments,UCOL,2019,0.00351829164658989,0.00351829164660119,0.00351829164664621,0.00351829164659526,0.748608686900448,0.00351829164661459,0.00351829164659101,0.00351829164659,0.00351829164660543,0.00351829164661145,0.00351829164659573,0.00351829164659382,0.00351829164660211,0.00351829164659053,0.00351829164659074,0.00351829164659159,0.00351829164659776,0.144399187614857,0.00351829164658968,0.0471811674924989
misc,Various Departments,UCOL,2020,0.00351829164658989,0.00351829164660119,0.00351829164664621,0.00351829164659526,0.748608686900448,0.00351829164661459,0.00351829164659101,0.00351829164659,0.00351829164660543,0.00351829164661145,0.00351829164659573,0.00351829164659382,0.00351829164660211,0.00351829164659053,0.00351829164659074,0.00351829164659159,0.00351829164659776,0.144399187614857,0.00351829164658968,0.0471811674924989
misc,Various Departments,UCOL,2021,0.00351829164658989,0.00351829164660119,0.00351829164664621,0.00351829164659526,0.748608686900448,0.00351829164661459,0.00351829164659101,0.00351829164659,0.00351829164660543,0.00351829164661145,0.00351829164659573,0.00351829164659382,0.00351829164660211,0.00351829164659053,0.00351829164659074,0.00351829164659159,0.00351829164659776,0.144399187614857,0.00351829164658968,0.0471811674924989
misc,Various Departments,UGST,2014,0.0010703939225553,0.535091160080239,0.445641749313801,0.00107039392254843,0.0010703939225626,0.00107039392255935,0.00107039392254816,0.00107039392255159,0.0010703939225571,0.0010703939225499,0.00107039392255148,0.00107039392255588,0.00107039392255139,0.00107039392255117,0.00107039392255746,0.00107039392255047,0.00107039392254683,0.00107039392255743,0.0010703939225555,0.00107039392255015
misc,Various Departments,UGST,2015,0.0071657745399203,0.274176157618751,0.229451452235532,0.00716577453997292,0.190859998269957,0.00716577453991087,0.00716577453990528,0.007165774539907,0.00716577453990975,0.00716577453990615,0.00716577453990694,0.00716577453990914,0.0071657745399069,0.00716577453990679,0.00716577453994783,0.00716577453990644,0.00716577453990462,0.00716577453997197,0.00716577453990895,0.190859999237059
misc,Various Departments,UGST,2016,0.0117647017360651,0.189771623788606,0.159955153533138,0.0117647017360874,0.13422751755609,0.0117647017360552,0.0117647017360505,0.0117647017360532,0.0117647017360453,0.011764701736073,0.0117647017360434,0.0117647017360501,0.0117647017360434,0.0117647017360433,0.0117647017360707,0.0117647017360431,0.2053476608805,0.0117647017360867,0.0117647017360447,0.134227518200811
misc,Various Departments,UGST,2017,0.0117647017360523,0.189771623788606,0.159955153533127,0.0117647017360874,0.134227517556077,0.011764701736046,0.0117647017360423,0.0117647017360434,0.0117647017360453,0.0117647017360429,0.0117647017360434,0.0117647017360449,0.0117647017360434,0.0117647017360433,0.0117647017360707,0.0117647017360431,0.2053476608806,0.0117647017360867,0.0117647017360447,0.134227518200811
misc,Various Departments,UGST,2018,0.0071657745399203,0.274176157618751,0.229451452235532,0.00716577453997292,0.190859998269957,0.00716577453991087,0.00716577453990528,0.007165774539907,0.00716577453990975,0.00716577453990615,0.00716577453990694,0.00716577453990914,0.0071657745399069,0.00716577453990679,0.00716577453994783,0.00716577453990644,0.00716577453990462,0.00716577453997197,0.00716577453990895,0.190859999237059
misc,Various Departments,UGST,2019,0.0071657745399203,0.274176157618751,0.229451452235532,0.00716577453997292,0.190859998269957,0.00716577453991087,0.00716577453990528,0.007165774539907,0.00716577453990975,0.00716577453990615,0.00716577453990694,0.00716577453990914,0.0071657745399069,0.00716577453990679,0.00716577453994783,0.00716577453990644,0.00716577453990462,0.00716577453997197,0.00716577453990895,0.190859999237059
misc,Various Departments,UGST,2020,0.0071657745399203,0.274176157618751,0.229451452235532,0.00716577453997292,0.190859998269957,0.00716577453991087,0.00716577453990528,0.007165774539907,0.00716577453990975,0.00716577453990615,0.00716577453990694,0.00716577453990914,0.0071657745399069,0.00716577453990679,0.00716577453994783,0.00716577453990644,0.00716577453990462,0.00716577453997197,0.00716577453990895,0.190859999237059
misc,Various Departments,UGST,2021,0.00397246110787193,0.276965294187937,0.165765292294384,0.0108423020782006,0.169155917934797,0.00397246110786727,0.00397246110786575,0.00397246110786473,0.00397246110786743,0.00397246110786545,0.00397246110786697,0.0100021494875819,0.00397246110786809,0.0039724611078656,0.00397246110788645,0.00397246110786514,0.00397246110786322,0.10289719740123,0.00397246110786606,0.212729852213585
misc,Various Departments,UGST,2022,0.00360968658434463,0.222003953048395,0.257898500081661,0.00910555936060648,0.202267549536834,0.00360968658433881,0.00360968658433853,0.00360968658434329,0.00360968658433894,0.00360968658434261,0.00360968658434689,0.0084334372881106,0.00360968658433962,0.00360968658434169,0.00360968658435426,0.00360968658433845,0.00360968658434257,0.0827494756190295,0.00360968658433906,0.170615599468914
misc,Various Departments,UGST,2023,0.0036893854505907,0.218477661799679,0.274689120151427,0.00918525822685217,0.237962665161729,0.0036893854505857,0.00368938545058679,0.0036893854505882,0.00368938545058513,0.0036893854505904,0.0036893854505952,0.00368938545058516,0.00368938545058439,0.00368938545058663,0.00368938545060103,0.00368938545058583,0.00368938545058828,0.0828291744852768,0.0036893854505863,0.125204723866797
misc,Various Departments,UGST,2024,0.00376423957082092,0.182754469861729,0.229597351821519,0.161215766311123,0.198991972663436,0.00376423957081676,0.00376423957081767,0.00376423957081885,0.00376423957081631,0.00376423957082113,0.00376423957082474,0.00376423957081674,0.00376423957081569,0.00376423957081755,0.0037642395708298,0.00376423957081686,0.00376423957081891,0.069714063766397,0.00376423957081726,0.105027021584326
misc,Washington Semester Program,WSEM,2014,0.0122733606719912,0.0334803696001849,0.0348736531962951,0.0122733606719991,0.0802204993895985,0.0122733606719868,0.0122733606719842,0.0122733606719867,0.0122733606719727,0.0326827039759796,0.0122733606719794,0.0122733606719898,0.0287352395172127,0.0379390531933474,0.012273360671974,0.0122733606719726,0.302647799388659,0.0970108058723799,0.0122733606719763,0.21740290847453
misc,Washington Semester Program,WSEM,2015,0.0108448030494006,0.0550185819819149,0.0306200590081671,0.0143955988906437,0.0861209634749188,0.0108448030493972,0.0108448030493946,0.0108448030493976,0.0108448030493845,0.0486475739450762,0.0108448030493915,0.0108448030494,0.0252489470389697,0.0460961373647561,0.0108448030493856,0.0108448030493841,0.297534404318145,0.0849900675997415,0.0108448030493879,0.202879635883743
misc,Washington Semester Program,WSEM,2016,0.00970000570743579,0.0491798160023136,0.0272780110041153,0.0130472212709622,0.085203411892356,0.00970000570743337,0.0125619211585653,0.00970000570743306,0.00970000570742097,0.0798912845815524,0.00970000570742532,0.00970000570743482,0.0225036892537235,0.0399870932406838,0.00970000570742194,0.00970000570742119,0.265819268772499,0.0671635692747157,0.013286253992273,0.246478413896813
misc,Washington Semester Program,WSEM,2017,0.0158763514074383,0.0422839799488485,0.0540098981966134,0.0116479687260332,0.075197926486804,0.0110635350437372,0.014215263623764,0.0204756808396799,0.00879147189155492,0.0858196456296088,0.00879147189156062,0.00879147189156239,0.0197660577883862,0.0343621425635177,0.00879147189155591,0.00879147189155596,0.23356418053979,0.05865854500978,0.0114613790968081,0.267640085641401
misc,Washington Semester Program,WSEM,2018,0.00618241991227753,0.0358150013680537,0.0287478847378178,0.00565924986686179,0.0440180523707489,0.0105975225898332,0.00424781643048316,0.00961000819201333,0.00330284776947045,0.149612226844495,0.00161682895478515,0.00161682895478721,0.0433920298923479,0.199821839424621,0.00161682895478265,0.00161682895478234,0.021345540072098,0.0464783340091397,0.0229368707472823,0.361765039953319
misc,Washington Semester Program,WSEM,2019,0.00539049335841762,0.0248673887409891,0.0246536950387567,0.00342929172153687,0.0330278888241987,0.00915948344901387,0.00425776143606894,0.00831648335331382,0.00293232201699715,0.154717177537614,0.00149303766299693,0.00149303766299896,0.0513523379484607,0.200912770330372,0.00149303766299515,0.00149303766299462,0.00502248847366833,0.0526657334487799,0.0369734619323514,0.376349071737476
misc,Washington Semester Program,WSEM,2020,0.00527814588777248,0.0242913056659969,0.0240826999090558,0.00399754741882044,0.0334221366995617,0.00895739811906883,0.00417238377309879,0.0113173384772519,0.00287850243543334,0.151049432824607,0.00147348675652833,0.00147348675653044,0.0501456608447193,0.2122618944526,0.00147348675652671,0.0014734867565262,0.00491890302408864,0.0514277850236023,0.0361091390194698,0.369795779398741
misc,Washington Semester Program,WSEM,2021,0.00504094052157831,0.022786556314589,0.0225918576081102,0.0066610865468843,0.039029768641453,0.00847490927078821,0.0040088958812162,0.0106775202717591,0.00280127329939486,0.156482659008338,0.00148992533241705,0.00148992533241916,0.0507051683896336,0.209567322068858,0.00148992533241549,0.00148992533241503,0.00470564718213986,0.0481139370483546,0.0338165341111632,0.368576222506073
misc,Washington Semester Program,WSEM,2022,0.00504094052157831,0.022786556314589,0.0225918576081102,0.0066610865468843,0.039029768641453,0.00847490927078821,0.0040088958812162,0.0106775202717591,0.00280127329939486,0.156482659008338,0.00148992533241705,0.00148992533241916,0.0507051683896336,0.209567322068858,0.00148992533241549,0.00148992533241503,0.00470564718213986,0.0481139370483546,0.0338165341111632,0.368576222506073
misc,Washington Semester Program,WSEM,2023,0.00487888055090104,0.0222387220875413,0.042605012616683,0.00807326058570687,0.0382504450055828,0.00823819780556261,0.0038692716635902,0.0103929259586867,0.00268790174659114,0.154189136049177,0.00140506134411188,0.00140506134411408,0.046516820780594,0.205207776343178,0.00140506134411129,0.00140506134411054,0.00455087619710268,0.0470155075879638,0.0330289177581032,0.362636101886588
misc,Washington Semester Program,WSEM,2024,0.00227670423781938,0.0365909767933245,0.107565468601059,0.0168649777125113,0.117004193633152,0.00227670423781969,0.00227670423781889,0.0022767042378197,0.00227670423781924,0.0814058188115932,0.0022767042378228,0.00227670423782595,0.0214493096654965,0.0671569872534507,0.00227670423781929,0.00227670423782005,0.00227670423781816,0.0971608188926178,0.00227670423782327,0.429757702020769
